Sentença	Id	Index	Granularidade	Documento
Brasil inicia construção do 5 Plano de Ação Nacional de Governo Aberto	1	0	0	Brasil inicia construção do 5 Plano de Ação Nacional de Governo Aberto
0	1	-1	1	Brasil inicia construção do 5 Plano de Ação Nacional de Governo Aberto
CGU apoia evento para criação de laboratórios de inovação no setor público	2	0	0	CGU apoia evento para criação de laboratórios de inovação no setor público
1	2	-1	1	CGU apoia evento para criação de laboratórios de inovação no setor público
Covid - 19 CGU e PF apuram irregularidades na Secretaria de Saúde do Piauí	3	0	0	Covid - 19 CGU e PF apuram irregularidades na Secretaria de Saúde do Piauí
2	3	-1	1	Covid - 19 CGU e PF apuram irregularidades na Secretaria de Saúde do Piauí
Covid - 19 CGU e PF aprofundam investigações de fraudes no Piauí	4	0	0	Covid - 19 CGU e PF aprofundam investigações de fraudes no Piauí
3	4	-1	1	Covid - 19 CGU e PF aprofundam investigações de fraudes no Piauí
CGU convida cidadãos a participarem do seu Conselho de Serviços Públicos	5	0	0	CGU convida cidadãos a participarem do seu Conselho de Serviços Públicos
4	5	-1	1	CGU convida cidadãos a participarem do seu Conselho de Serviços Públicos
Definido cronograma de trabalho do GT que revisará códigos de ética do governo federal	6	0	0	Definido cronograma de trabalho do GT que revisará códigos de ética do governo federal
5	6	-1	1	Definido cronograma de trabalho do GT que revisará códigos de ética do governo federal
Artigo da Revista da CGU integra Portal da OMS de literatura sobre Covid - 19	7	0	0	Artigo da Revista da CGU integra Portal da OMS de literatura sobre Covid - 19
6	7	-1	1	Artigo da Revista da CGU integra Portal da OMS de literatura sobre Covid - 19
CGU seleciona servidores federais para sua equipe de Tecnologia da Informação	8	0	0	CGU seleciona servidores federais para sua equipe de Tecnologia da Informação
7	8	-1	1	CGU seleciona servidores federais para sua equipe de Tecnologia da Informação
CGU no Maranhão realiza oficina sobre os 100 Primeiros Dias da Gestão Municipal	9	0	0	CGU no Maranhão realiza oficina sobre os 100 Primeiros Dias da Gestão Municipal
8	9	-1	1	CGU no Maranhão realiza oficina sobre os 100 Primeiros Dias da Gestão Municipal
Instabilidade de acesso ao Portal da Transparência do Governo Federal	10	0	0	Instabilidade de acesso ao Portal da Transparência do Governo Federal
9	10	-1	1	Instabilidade de acesso ao Portal da Transparência do Governo Federal
Atualização das Despesas Públicas no Portal da Transparência	11	0	0	Atualização das Despesas Públicas no Portal da Transparência
10	11	-1	1	Atualização das Despesas Públicas no Portal da Transparência
CGU publica Relatório de Gestão Fiscal do terceiro quadrimestre de 2020	12	0	0	CGU publica Relatório de Gestão Fiscal do terceiro quadrimestre de 2020
11	12	-1	1	CGU publica Relatório de Gestão Fiscal do terceiro quadrimestre de 2020
GT - tica inclui entrevistas com especialistas no processo de reformulação das normas federais	13	0	0	GT - tica inclui entrevistas com especialistas no processo de reformulação das normas federais
12	13	-1	1	GT - tica inclui entrevistas com especialistas no processo de reformulação das normas federais
Força - tarefa combate fraudes no fornecimento de material didático na Paraíba	14	0	0	Força - tarefa combate fraudes no fornecimento de material didático na Paraíba
13	14	-1	1	Força - tarefa combate fraudes no fornecimento de material didático na Paraíba
Covid - 19 CGU e PF combatem desvios de recursos no Rio de Janeiro	15	0	0	Covid - 19 CGU e PF combatem desvios de recursos no Rio de Janeiro
14	15	-1	1	Covid - 19 CGU e PF combatem desvios de recursos no Rio de Janeiro
Investigação no Fundo de Financiamento do Ensino Superior FIES	16	0	0	Investigação no Fundo de Financiamento do Ensino Superior FIES
15	16	-1	1	Investigação no Fundo de Financiamento do Ensino Superior FIES
Está aberta consulta para priorização de temas do 5 Plano de Ação Nacional de Governo Aberto	17	0	0	Está aberta consulta para priorização de temas do 5 Plano de Ação Nacional de Governo Aberto
16	17	-1	1	Está aberta consulta para priorização de temas do 5 Plano de Ação Nacional de Governo Aberto
LENI NCIA	18	0	0	LENI NCIA CGU , AGU e MPF celebram acordo com a Samsung Heavy Industries
CGU, AGU e MPF celebram acordo com a Samsung Heavy Industries	18	1	0	LENI NCIA CGU , AGU e MPF celebram acordo com a Samsung Heavy Industries
17	18	-1	1	LENI NCIA CGU , AGU e MPF celebram acordo com a Samsung Heavy Industries
CGU realiza encontro virtual sobre enfrentamento à COVID - 19 e participação social	19	0	0	CGU realiza encontro virtual sobre enfrentamento à COVID - 19 e participação social
18	19	-1	1	CGU realiza encontro virtual sobre enfrentamento à COVID - 19 e participação social
CGU e PF combatem superfaturamento na saúde em Araguaína TO	20	0	0	CGU e PF combatem superfaturamento na saúde em Araguaína TO
19	20	-1	1	CGU e PF combatem superfaturamento na saúde em Araguaína TO
Estudo comparado de códigos de ética nacionais e internacionais balizam revisão de normas federais	21	0	0	Estudo comparado de códigos de ética nacionais e internacionais balizam revisão de normas federais
20	21	-1	1	Estudo comparado de códigos de ética nacionais e internacionais balizam revisão de normas federais
Combate à corrupção exige especialização e trabalho conjunto, defende ministro da CGU	22	0	0	Combate à corrupção exige especialização e trabalho conjunto , defende ministro da CGU
21	22	-1	1	Combate à corrupção exige especialização e trabalho conjunto , defende ministro da CGU
LAI	23	0	0	LAI Tratamento de dados pessoais é tema de nova capacitação da CGU
Tratamento de dados pessoais é tema de nova capacitação da CGU	23	1	0	LAI Tratamento de dados pessoais é tema de nova capacitação da CGU
22	23	-1	1	LAI Tratamento de dados pessoais é tema de nova capacitação da CGU
Covid - 19 CGU e PF combatem desvios da saúde em Pinheiro MA	24	0	0	Covid - 19 CGU e PF combatem desvios da saúde em Pinheiro MA
23	24	-1	1	Covid - 19 CGU e PF combatem desvios da saúde em Pinheiro MA
CGU realiza 16 Reunião da Comissão de Coordenação de Controle Interno	25	0	0	CGU realiza 16 Reunião da Comissão de Coordenação de Controle Interno
24	25	-1	1	CGU realiza 16 Reunião da Comissão de Coordenação de Controle Interno
Ministro da CGU participa de lançamento do Plano de Integridade da Dataprev	26	0	0	Ministro da CGU participa de lançamento do Plano de Integridade da Dataprev
25	26	-1	1	Ministro da CGU participa de lançamento do Plano de Integridade da Dataprev
Chamada pública seleciona pesquisadores para projeto realizado pela CGU e Ipea	27	0	0	Chamada pública seleciona pesquisadores para projeto realizado pela CGU e Ipea
26	27	-1	1	Chamada pública seleciona pesquisadores para projeto realizado pela CGU e Ipea
Atualização das Despesas Públicas no Portal da Transparência	28	0	0	Atualização das Despesas Públicas no Portal da Transparência
27	28	-1	1	Atualização das Despesas Públicas no Portal da Transparência
SFC lança o infográfico Jornada do Auditor Interno Governamental	29	0	0	SFC lança o infográfico Jornada do Auditor Interno Governamental
28	29	-1	1	SFC lança o infográfico Jornada do Auditor Interno Governamental
CGU divulga resultado de seleção para Diretoria de Tecnologia da Informação	30	0	0	CGU divulga resultado de seleção para Diretoria de Tecnologia da Informação
29	30	-1	1	CGU divulga resultado de seleção para Diretoria de Tecnologia da Informação
OGU promove debates em alusão ao Dia do Ouvidor	31	0	0	OGU promove debates em alusão ao Dia do Ouvidor
30	31	-1	1	OGU promove debates em alusão ao Dia do Ouvidor
CGU publica norma operacional do Sistema de Ouvidorias do Executivo Federal	32	0	0	CGU publica norma operacional do Sistema de Ouvidorias do Executivo Federal
31	32	-1	1	CGU publica norma operacional do Sistema de Ouvidorias do Executivo Federal
Governo Federal atinge a marca de 1 milhão de pedidos de acesso à informação	33	0	0	Governo Federal atinge a marca de 1 milhão de pedidos de acesso à informação
32	33	-1	1	Governo Federal atinge a marca de 1 milhão de pedidos de acesso à informação
Revista da CGU abre chamada para dossiê especial sobre regulação na melhoria do Estado	34	0	0	Revista da CGU abre chamada para dossiê especial sobre regulação na melhoria do Estado
33	34	-1	1	Revista da CGU abre chamada para dossiê especial sobre regulação na melhoria do Estado
CGU divulga resultado da 2 edição da Escala Brasil Transparente - Avaliação 360	35	0	0	CGU divulga resultado da 2 edição da Escala Brasil Transparente - Avaliação 360
34	35	-1	1	CGU divulga resultado da 2 edição da Escala Brasil Transparente - Avaliação 360
STPC realiza primeiro encontro virtual de 2021 do Diálogos em Controle Social	36	0	0	STPC realiza primeiro encontro virtual de 2021 do Diálogos em Controle Social
35	36	-1	1	STPC realiza primeiro encontro virtual de 2021 do Diálogos em Controle Social
CGU conclui três ações do Plano Anticorrupção do Governo Federal	37	0	0	CGU conclui três ações do Plano Anticorrupção do Governo Federal
36	37	-1	1	CGU conclui três ações do Plano Anticorrupção do Governo Federal
CGU abre consulta pública sobre normativo de Tomadas de Contas Especiais	38	0	0	CGU abre consulta pública sobre normativo de Tomadas de Contas Especiais
37	38	-1	1	CGU abre consulta pública sobre normativo de Tomadas de Contas Especiais
Prosa de Ouvidoria Lei Geral de Proteção de Dados Pessoais foi tema do 1 dia	39	0	0	Prosa de Ouvidoria Lei Geral de Proteção de Dados Pessoais foi tema do 1 dia
38	39	-1	1	Prosa de Ouvidoria Lei Geral de Proteção de Dados Pessoais foi tema do 1 dia
Rede Nacional de Ouvidorias promove live sobre LGPD	40	0	0	Rede Nacional de Ouvidorias promove live sobre LGPD
39	40	-1	1	Rede Nacional de Ouvidorias promove live sobre LGPD
Ações de auditoria da CGU somaram R 17, 9 bilhões em benefícios financeiros em 2020	41	0	0	Ações de auditoria da CGU somaram R 17 , 9 bilhões em benefícios financeiros em 2020
40	41	-1	1	Ações de auditoria da CGU somaram R 17 , 9 bilhões em benefícios financeiros em 2020
Tratamento da informação pessoal em face da LAI e da LGPD é tema de live na CGU	42	0	0	Tratamento da informação pessoal em face da LAI e da LGPD é tema de live na CGU
41	42	-1	1	Tratamento da informação pessoal em face da LAI e da LGPD é tema de live na CGU
Prosa de Ouvidoria	43	0	0	Prosa de Ouvidoria Modelos para medir maturidade de gestão foi tema do 2 dia
Modelos para medir maturidade de gestão foi tema do 2 dia	43	1	0	Prosa de Ouvidoria Modelos para medir maturidade de gestão foi tema do 2 dia
42	43	-1	1	Prosa de Ouvidoria Modelos para medir maturidade de gestão foi tema do 2 dia
Prosa de Ouvidoria Proteção ao denunciante no Brasil foi tema do 3 dia	44	0	0	Prosa de Ouvidoria Proteção ao denunciante no Brasil foi tema do 3 dia
43	44	-1	1	Prosa de Ouvidoria Proteção ao denunciante no Brasil foi tema do 3 dia
GT - tica se reúne para tratar de precedentes da Comissão de tica Pública	45	0	0	GT - tica se reúne para tratar de precedentes da Comissão de tica Pública
44	45	-1	1	GT - tica se reúne para tratar de precedentes da Comissão de tica Pública
Governo Federal celebra o Dia Mundial da gua e promove o Seminário das guas	46	0	0	Governo Federal celebra o Dia Mundial da gua e promove o Seminário das guas Brasileiras
Brasileiras	46	1	0	Governo Federal celebra o Dia Mundial da gua e promove o Seminário das guas Brasileiras
45	46	-1	1	Governo Federal celebra o Dia Mundial da gua e promove o Seminário das guas Brasileiras
Prosa de Ouvidoria	47	0	0	Prosa de Ouvidoria Conselho de Usuários de Serviços Públicos foi tema do 4 dia
Conselho de Usuários de Serviços Públicos foi tema do 4 dia	47	1	0	Prosa de Ouvidoria Conselho de Usuários de Serviços Públicos foi tema do 4 dia
46	47	-1	1	Prosa de Ouvidoria Conselho de Usuários de Serviços Públicos foi tema do 4 dia
Ministro da CGU apresenta a importância da ética e do controle interno para a boa gestão pública	48	0	0	Ministro da CGU apresenta a importância da ética e do controle interno para a boa gestão pública
47	48	-1	1	Ministro da CGU apresenta a importância da ética e do controle interno para a boa gestão pública
Governo Federal analisa se vacinas estão sendo aplicadas nas pessoas	49	0	0	Governo Federal analisa se vacinas estão sendo aplicadas nas pessoas certas
certas	49	1	0	Governo Federal analisa se vacinas estão sendo aplicadas nas pessoas certas
48	49	-1	1	Governo Federal analisa se vacinas estão sendo aplicadas nas pessoas certas
CGU realiza evento sobre combate ao assédio sexual no ambiente de trabalho	50	0	0	CGU realiza evento sobre combate ao assédio sexual no ambiente de trabalho
49	50	-1	1	CGU realiza evento sobre combate ao assédio sexual no ambiente de trabalho
Prosa de Ouvidoria Soluções para inteligência artificial foi tema do último dia	51	0	0	Prosa de Ouvidoria Soluções para inteligência artificial foi tema do último dia
50	51	-1	1	Prosa de Ouvidoria Soluções para inteligência artificial foi tema do último dia
CGU participa de live sobre o enfrentamento da corrupção no Brasil	52	0	0	CGU participa de live sobre o enfrentamento da corrupção no Brasil
51	52	-1	1	CGU participa de live sobre o enfrentamento da corrupção no Brasil
Revista da CGU seleciona pesquisadores para compor cadastro de revisores	53	0	0	Revista da CGU seleciona pesquisadores para compor cadastro de revisores
52	53	-1	1	Revista da CGU seleciona pesquisadores para compor cadastro de revisores
Wagner Rosário fala sobre os desafios do gestor público no combate à corrupção	54	0	0	Wagner Rosário fala sobre os desafios do gestor público no combate à corrupção
53	54	-1	1	Wagner Rosário fala sobre os desafios do gestor público no combate à corrupção
Ouvidoria - Geral da União divulga Relatório de Gestão 2020	55	0	0	Ouvidoria - Geral da União divulga Relatório de Gestão 2020
54	55	-1	1	Ouvidoria - Geral da União divulga Relatório de Gestão 2020
Controladoria - Geral da União publica Relatório de Gestão de 2020	56	0	0	Controladoria - Geral da União publica Relatório de Gestão de 2020
55	56	-1	1	Controladoria - Geral da União publica Relatório de Gestão de 2020
CGU publica novo plano de ação da Infraestrutura Nacional de Dados Abertos	57	0	0	CGU publica novo plano de ação da Infraestrutura Nacional de Dados Abertos
56	57	-1	1	CGU publica novo plano de ação da Infraestrutura Nacional de Dados Abertos
Revista da CGU lança plano editorial para biênio 2021 - 2022	58	0	0	Revista da CGU lança plano editorial para biênio 2021 - 2022
57	58	-1	1	Revista da CGU lança plano editorial para biênio 2021 - 2022
CGU realiza segundo encontro virtual do Diálogos em Controle Social	59	0	0	CGU realiza segundo encontro virtual do Diálogos em Controle Social
58	59	-1	1	CGU realiza segundo encontro virtual do Diálogos em Controle Social
CGU, PF e MPF combatem desvios de recursos no Incra do Amazonas	60	0	0	CGU , PF e MPF combatem desvios de recursos no Incra do Amazonas
59	60	-1	1	CGU , PF e MPF combatem desvios de recursos no Incra do Amazonas
CGU divulga Prestação de Contas do Presidente da República de 2020	61	0	0	CGU divulga Prestação de Contas do Presidente da República de 2020
60	61	-1	1	CGU divulga Prestação de Contas do Presidente da República de 2020
CGU e PF combatem fraudes na aquisição de materiais escolares em Pernambuco	62	0	0	CGU e PF combatem fraudes na aquisição de materiais escolares em Pernambuco
61	62	-1	1	CGU e PF combatem fraudes na aquisição de materiais escolares em Pernambuco
CGU abre consulta para aprimorar norma do Plano Anual de Auditoria Interna	63	0	0	CGU abre consulta para aprimorar norma do Plano Anual de Auditoria Interna
62	63	-1	1	CGU abre consulta para aprimorar norma do Plano Anual de Auditoria Interna
CGU e Polícia Federal deflagram mais duas fases da Operação Rota BR 090	64	0	0	CGU e Polícia Federal deflagram mais duas fases da Operação Rota BR 090
63	64	-1	1	CGU e Polícia Federal deflagram mais duas fases da Operação Rota BR 090
Covid - 19 CGU e PF reforçam apuração de desvios na saúde em Rio Branco	65	0	0	Covid - 19 CGU e PF reforçam apuração de desvios na saúde em Rio Branco AC
AC	65	1	0	Covid - 19 CGU e PF reforçam apuração de desvios na saúde em Rio Branco AC
64	65	-1	1	Covid - 19 CGU e PF reforçam apuração de desvios na saúde em Rio Branco AC
Polícias Federal, Civil e Militar prendem investigados por assaltos a instituições bancárias em Salvador	66	0	0	Polícias Federal , Civil e Militar prendem investigados por assaltos a instituições bancárias em Salvador
65	66	-1	1	Polícias Federal , Civil e Militar prendem investigados por assaltos a instituições bancárias em Salvador
Polícia Federal apreende mais de três toneladas de pirarucu no Amazonas	67	0	0	Polícia Federal apreende mais de três toneladas de pirarucu no Amazonas
66	67	-1	1	Polícia Federal apreende mais de três toneladas de pirarucu no Amazonas
PF e BPFRON localizam depósito de produtos contrabandeados em Foz do Iguaçu PR	68	0	0	PF e BPFRON localizam depósito de produtos contrabandeados em Foz do Iguaçu PR
67	68	-1	1	PF e BPFRON localizam depósito de produtos contrabandeados em Foz do Iguaçu PR
PF prende um homem e apreende mais de 300 comprimidos de ecstasy	69	0	0	PF prende um homem e apreende mais de 300 comprimidos de ecstasy
68	69	-1	1	PF prende um homem e apreende mais de 300 comprimidos de ecstasy
PF investiga esquema de venda de relíquias arqueológicas encontradas no Acre	70	0	0	PF investiga esquema de venda de relíquias arqueológicas encontradas no Acre
69	70	-1	1	PF investiga esquema de venda de relíquias arqueológicas encontradas no Acre
PF apreende carga de cigarros paraguaios e veículos usados no transporte da mercadoria	71	0	0	PF apreende carga de cigarros paraguaios e veículos usados no transporte da mercadoria
70	71	-1	1	PF apreende carga de cigarros paraguaios e veículos usados no transporte da mercadoria
Polícia Federal prende casal por tráfico de drogas em Macapá	72	0	0	Polícia Federal prende casal por tráfico de drogas em Macapá
71	72	-1	1	Polícia Federal prende casal por tráfico de drogas em Macapá
Polícia Federal e Receita Federal prendem dois homens por tráfico de animais silvestres	73	0	0	Polícia Federal e Receita Federal prendem dois homens por tráfico de animais silvestres
72	73	-1	1	Polícia Federal e Receita Federal prendem dois homens por tráfico de animais silvestres
PF prende em flagrante homem que teria compartilhado imagens pornográficas de menor	74	0	0	PF prende em flagrante homem que teria compartilhado imagens pornográficas de menor
73	74	-1	1	PF prende em flagrante homem que teria compartilhado imagens pornográficas de menor
PF e BPFRON interceptam comboio com veículos carregados com cigarros contrabandeados	75	0	0	PF e BPFRON interceptam comboio com veículos carregados com cigarros contrabandeados
74	75	-1	1	PF e BPFRON interceptam comboio com veículos carregados com cigarros contrabandeados
PF apreende cocaína encontrada em navio no Porto de bidos PA	76	0	0	PF apreende cocaína encontrada em navio no Porto de bidos PA
75	76	-1	1	PF apreende cocaína encontrada em navio no Porto de bidos PA
PF prende homem em flagrante com cédulas falsas	77	0	0	PF prende homem em flagrante com cédulas falsas
76	77	-1	1	PF prende homem em flagrante com cédulas falsas
PF prende passageiro de voo internacional com mais de 2 kg de cocaína	78	0	0	PF prende passageiro de voo internacional com mais de 2 kg de cocaína
77	78	-1	1	PF prende passageiro de voo internacional com mais de 2 kg de cocaína
PF cumpre mandado de prisão preventiva de suspeito de cometer crimes de roubo contra os Correios	79	0	0	PF cumpre mandado de prisão preventiva de suspeito de cometer crimes de roubo contra os Correios
78	79	-1	1	PF cumpre mandado de prisão preventiva de suspeito de cometer crimes de roubo contra os Correios
PF faz duas apreensões de cédulas falsas na região de Jales SP	80	0	0	PF faz duas apreensões de cédulas falsas na região de Jales SP
79	80	-1	1	PF faz duas apreensões de cédulas falsas na região de Jales SP
PF e BPFRON apreendem veículo carregado com cigarros contrabandeados	81	0	0	PF e BPFRON apreendem veículo carregado com cigarros contrabandeados
80	81	-1	1	PF e BPFRON apreendem veículo carregado com cigarros contrabandeados
PF apreende mais de 12 kg de cocaína no aeroporto de Guarulhos	82	0	0	PF apreende mais de 12 kg de cocaína no aeroporto de Guarulhos
81	82	-1	1	PF apreende mais de 12 kg de cocaína no aeroporto de Guarulhos
PF e BPFRON realizam prisão em flagrante de contrabandista	83	0	0	PF e BPFRON realizam prisão em flagrante de contrabandista
82	83	-1	1	PF e BPFRON realizam prisão em flagrante de contrabandista
PF apreende 2 pick - up carregadas com cigarros contrabandeados em Guaíra PR	84	0	0	PF apreende 2 pick - up carregadas com cigarros contrabandeados em Guaíra PR
83	84	-1	1	PF apreende 2 pick - up carregadas com cigarros contrabandeados em Guaíra PR
Líder de organização criminosa é preso no Paraguai com o apoio da PF	85	0	0	Líder de organização criminosa é preso no Paraguai com o apoio da PF
84	85	-1	1	Líder de organização criminosa é preso no Paraguai com o apoio da PF
Dia do Papiloscopista	86	0	0	Dia do Papiloscopista
85	86	-1	1	Dia do Papiloscopista
PF, em ação conjunta, apreende duas menores com haxixe em ônibus na BR277 no âmbito da Operação Hórus e Programa	87	0	0	PF , em ação conjunta , apreende duas menores com haxixe em ônibus na BR277 no âmbito da Operação Hórus e Programa VIGIA
VIGIA	87	1	0	PF , em ação conjunta , apreende duas menores com haxixe em ônibus na BR277 no âmbito da Operação Hórus e Programa VIGIA
86	87	-1	1	PF , em ação conjunta , apreende duas menores com haxixe em ônibus na BR277 no âmbito da Operação Hórus e Programa VIGIA
Operação Resgate liberta mais de 100 trabalhadores em condições análogas à escravidão	88	0	0	Operação Resgate liberta mais de 100 trabalhadores em condições análogas à escravidão
87	88	-1	1	Operação Resgate liberta mais de 100 trabalhadores em condições análogas à escravidão
PF e PM combatem organização criminosa especializada em roubo a bancos	89	0	0	PF e PM combatem organização criminosa especializada em roubo a bancos
88	89	-1	1	PF e PM combatem organização criminosa especializada em roubo a bancos
PF combate venda e produção caseira de armas de fogo em Minas Gerais	90	0	0	PF combate venda e produção caseira de armas de fogo em Minas Gerais
89	90	-1	1	PF combate venda e produção caseira de armas de fogo em Minas Gerais
PF e BPFRON apreendem maconha especial	91	0	0	PF e BPFRON apreendem maconha especial
90	91	-1	1	PF e BPFRON apreendem maconha especial
Polícia Federal realiza maior apreensão de maconha do ano em Pernambuco	92	0	0	Polícia Federal realiza maior apreensão de maconha do ano em Pernambuco
91	92	-1	1	Polícia Federal realiza maior apreensão de maconha do ano em Pernambuco
PF deflagra a segunda fase da Operação Voto Livre	93	0	0	PF deflagra a segunda fase da Operação Voto Livre
92	93	-1	1	PF deflagra a segunda fase da Operação Voto Livre
PF combate o crime de moeda falsa no Espírito Santo	94	0	0	PF combate o crime de moeda falsa no Espírito Santo
93	94	-1	1	PF combate o crime de moeda falsa no Espírito Santo
Polícia Federal combate fraude a licitações no Acre	95	0	0	Polícia Federal combate fraude a licitações no Acre
94	95	-1	1	Polícia Federal combate fraude a licitações no Acre
PF deflagra a Operação Overweight para combater o tráfico internacional de drogas em São Paulo	96	0	0	PF deflagra a Operação Overweight para combater o tráfico internacional de drogas em São Paulo
95	96	-1	1	PF deflagra a Operação Overweight para combater o tráfico internacional de drogas em São Paulo
PF, em cooperação com autoridades bolivianas, viabiliza libertação de brasileira na Bolívia	97	0	0	PF , em cooperação com autoridades bolivianas , viabiliza libertação de brasileira na Bolívia
96	97	-1	1	PF , em cooperação com autoridades bolivianas , viabiliza libertação de brasileira na Bolívia
PF apreende mais de 12 kg de cocaína	98	0	0	PF apreende mais de 12 kg de cocaína
97	98	-1	1	PF apreende mais de 12 kg de cocaína
Polícia Federal entrega ao Museu Oscar Niemeyer	99	0	0	Polícia Federal entrega ao Museu Oscar Niemeyer obras apreendidas na Operação Vernissage
obras apreendidas na Operação Vernissage	99	1	0	Polícia Federal entrega ao Museu Oscar Niemeyer obras apreendidas na Operação Vernissage
98	99	-1	1	Polícia Federal entrega ao Museu Oscar Niemeyer obras apreendidas na Operação Vernissage
PF prende argentino procurado pela Interpol no Rio de Janeiro	100	0	0	PF prende argentino procurado pela Interpol no Rio de Janeiro
99	100	-1	1	PF prende argentino procurado pela Interpol no Rio de Janeiro
PF e BPFRON apreendem carga 250 kg de agrotóxicos em Terra Roxa PR	101	0	0	PF e BPFRON apreendem carga 250 kg de agrotóxicos em Terra Roxa PR
100	101	-1	1	PF e BPFRON apreendem carga 250 kg de agrotóxicos em Terra Roxa PR
PF cumpre mandados de prisão de foragidos da justiça que prestaram o Enem	102	0	0	PF cumpre mandados de prisão de foragidos da justiça que prestaram o Enem
101	102	-1	1	PF cumpre mandados de prisão de foragidos da justiça que prestaram o Enem
PF investiga desvios de recursos públicos destinados ao combate da Covid - 19 no Piauí	103	0	0	PF investiga desvios de recursos públicos destinados ao combate da Covid - 19 no Piauí
102	103	-1	1	PF investiga desvios de recursos públicos destinados ao combate da Covid - 19 no Piauí
Polícia Federal deflagra 79 Fase da Operação	104	0	0	Polícia Federal deflagra 79 Fase da Operação Lava Jato Operação Vernissage
Lava Jato	104	1	0	Polícia Federal deflagra 79 Fase da Operação Lava Jato Operação Vernissage
Operação Vernissage	104	2	0	Polícia Federal deflagra 79 Fase da Operação Lava Jato Operação Vernissage
103	104	-1	1	Polícia Federal deflagra 79 Fase da Operação Lava Jato Operação Vernissage
PF combate lavagem de dinheiro no Distrito Federal e em Goiás	105	0	0	PF combate lavagem de dinheiro no Distrito Federal e em Goiás
104	105	-1	1	PF combate lavagem de dinheiro no Distrito Federal e em Goiás
PF encontra diversos animais nativos em bagagem de passageiro que pretendia embarcar em voo para a Rússia	106	0	0	PF encontra diversos animais nativos em bagagem de passageiro que pretendia embarcar em voo para a Rússia
105	106	-1	1	PF encontra diversos animais nativos em bagagem de passageiro que pretendia embarcar em voo para a Rússia
Polícia Federal prende foragido internacional no Aeroporto de Guarulhos	107	0	0	Polícia Federal prende foragido internacional no Aeroporto de Guarulhos
106	107	-1	1	Polícia Federal prende foragido internacional no Aeroporto de Guarulhos
PF incinera 5, 5 toneladas de drogas apreendidas no Porto de Santos	108	0	0	PF incinera 5 , 5 toneladas de drogas apreendidas no Porto de Santos
107	108	-1	1	PF incinera 5 , 5 toneladas de drogas apreendidas no Porto de Santos
PF prende duas pessoas por comércio ilegal de armas de fogo em Roraima	109	0	0	PF prende duas pessoas por comércio ilegal de armas de fogo em Roraima
108	109	-1	1	PF prende duas pessoas por comércio ilegal de armas de fogo em Roraima
PF prende suspeito de assaltos a agências dos Correios no Espírito Santo	110	0	0	PF prende suspeito de assaltos a agências dos Correios no Espírito Santo
109	110	-1	1	PF prende suspeito de assaltos a agências dos Correios no Espírito Santo
PF identifica 409 crimes durante apurações da Operação Cai -	111	0	0	PF identifica 409 crimes durante apurações da Operação Cai - Cai
Cai	111	1	0	PF identifica 409 crimes durante apurações da Operação Cai - Cai
110	111	-1	1	PF identifica 409 crimes durante apurações da Operação Cai - Cai
PF atua em invasão à plataforma de petróleo em Angra RJ	112	0	0	PF atua em invasão à plataforma de petróleo em Angra RJ
111	112	-1	1	PF atua em invasão à plataforma de petróleo em Angra RJ
Polícia Federal apreende carga de agrotóxicos contrabandeados e arma de fogo durante Operação Hórus em Cascavel - PR	113	0	0	Polícia Federal apreende carga de agrotóxicos contrabandeados e arma de fogo durante Operação Hórus em Cascavel - PR
112	113	-1	1	Polícia Federal apreende carga de agrotóxicos contrabandeados e arma de fogo durante Operação Hórus em Cascavel - PR
Polícia Federal combate crime de moeda falsa no Rio Grande do Sul	114	0	0	Polícia Federal combate crime de moeda falsa no Rio Grande do Sul
113	114	-1	1	Polícia Federal combate crime de moeda falsa no Rio Grande do Sul
PF apreende 25 mil micropontos da droga sintética NBOH em Varginha MG	115	0	0	PF apreende 25 mil micropontos da droga sintética NBOH em Varginha MG
114	115	-1	1	PF apreende 25 mil micropontos da droga sintética NBOH em Varginha MG
Operação felos investiga fraudes em solicitações do Auxílio Emergencial no Acre	116	0	0	Operação felos investiga fraudes em solicitações do Auxílio Emergencial no Acre
115	116	-1	1	Operação felos investiga fraudes em solicitações do Auxílio Emergencial no Acre
Polícia Federal deflagra Operação	117	0	0	Polícia Federal deflagra Operação Despudor no Acre para investigar publicações de abusos sexuais de criança na internet
Despudor no Acre para investigar publicações de abusos sexuais de criança na internet	117	1	0	Polícia Federal deflagra Operação Despudor no Acre para investigar publicações de abusos sexuais de criança na internet
116	117	-1	1	Polícia Federal deflagra Operação Despudor no Acre para investigar publicações de abusos sexuais de criança na internet
PF investiga esquema de venda de selos falsos no Mato Grosso	118	0	0	PF investiga esquema de venda de selos falsos no Mato Grosso
117	118	-1	1	PF investiga esquema de venda de selos falsos no Mato Grosso
Polícia Federal combate desmatamento na Amazônia	119	0	0	Polícia Federal combate desmatamento na Amazônia
118	119	-1	1	Polícia Federal combate desmatamento na Amazônia
PF prende traficante foragido no Rio de Janeiro	120	0	0	PF prende traficante foragido no Rio de Janeiro
119	120	-1	1	PF prende traficante foragido no Rio de Janeiro
PF, em ação conjunta, apreende carregamento de cigarros contrabandeados	121	0	0	PF , em ação conjunta , apreende carregamento de cigarros contrabandeados
120	121	-1	1	PF , em ação conjunta , apreende carregamento de cigarros contrabandeados
PF incinera 375 kg de substâncias entorpecentes no Rio Grande do Norte	122	0	0	PF incinera 375 kg de substâncias entorpecentes no Rio Grande do Norte
121	122	-1	1	PF incinera 375 kg de substâncias entorpecentes no Rio Grande do Norte
PF prende suspeito de participar de vários roubos a agências dos Correios no Espírito Santo	123	0	0	PF prende suspeito de participar de vários roubos a agências dos Correios no Espírito Santo
122	123	-1	1	PF prende suspeito de participar de vários roubos a agências dos Correios no Espírito Santo
PF deflagra duas operações simultâneas visando combater a disseminação de pornografia infantil Operação Help X e Operação Infância	124	0	0	PF deflagra duas operações simultâneas visando combater a disseminação de pornografia infantil Operação Help X e Operação Infância Resgatada
Resgatada	124	1	0	PF deflagra duas operações simultâneas visando combater a disseminação de pornografia infantil Operação Help X e Operação Infância Resgatada
123	124	-1	1	PF deflagra duas operações simultâneas visando combater a disseminação de pornografia infantil Operação Help X e Operação Infância Resgatada
PF combate comércio ilegal de pássaros silvestres em Minas Gerais	125	0	0	PF combate comércio ilegal de pássaros silvestres em Minas Gerais
124	125	-1	1	PF combate comércio ilegal de pássaros silvestres em Minas Gerais
PF,	126	0	0	PF , em ação conjunta , apreende carregamento com aproximadamente 400 mil maços de cigarros contrabandeados
em ação conjunta, apreende carregamento com aproximadamente 400 mil maços de cigarros contrabandeados	126	1	0	PF , em ação conjunta , apreende carregamento com aproximadamente 400 mil maços de cigarros contrabandeados
125	126	-1	1	PF , em ação conjunta , apreende carregamento com aproximadamente 400 mil maços de cigarros contrabandeados
PF combate prática de crimes previdenciários em Pernambuco	127	0	0	PF combate prática de crimes previdenciários em Pernambuco
126	127	-1	1	PF combate prática de crimes previdenciários em Pernambuco
Polícia Federal prende mulheres com maconha na rodoviária de Foz do Iguaçu PR	128	0	0	Polícia Federal prende mulheres com maconha na rodoviária de Foz do Iguaçu PR
127	128	-1	1	Polícia Federal prende mulheres com maconha na rodoviária de Foz do Iguaçu PR
PF deflagra a Operação Bad Trip, para desarticular grupo criminoso especializado no tráfico de ecstasy	129	0	0	PF deflagra a Operação Bad Trip , para desarticular grupo criminoso especializado no tráfico de ecstasy
128	129	-1	1	PF deflagra a Operação Bad Trip , para desarticular grupo criminoso especializado no tráfico de ecstasy
PF combate crime eleitoral no Acre	130	0	0	PF combate crime eleitoral no Acre
129	130	-1	1	PF combate crime eleitoral no Acre
Polícia Federal deflagra Operação Raposo para investigar furtos de dispositivos eletrônicos em rgão público paranaense	131	0	0	Polícia Federal deflagra Operação Raposo para investigar furtos de dispositivos eletrônicos em rgão público paranaense
130	131	-1	1	Polícia Federal deflagra Operação Raposo para investigar furtos de dispositivos eletrônicos em rgão público paranaense
PF combate desvios de recursos públicos destinados ao combate à Covid - 19 no Piauí	132	0	0	PF combate desvios de recursos públicos destinados ao combate à Covid - 19 no Piauí
131	132	-1	1	PF combate desvios de recursos públicos destinados ao combate à Covid - 19 no Piauí
PF prende 2 pessoas identificadas pela receita com droga dentro de embalagens de café e remédios	133	0	0	PF prende 2 pessoas identificadas pela receita com droga dentro de embalagens de café e remédios
132	133	-1	1	PF prende 2 pessoas identificadas pela receita com droga dentro de embalagens de café e remédios
Polícia Federal cumpre mandado de prisão em desfavor de ex	134	0	0	Polícia Federal cumpre mandado de prisão em desfavor de ex - prefeito municipal de cidade vizinha
- prefeito municipal de cidade vizinha	134	1	0	Polícia Federal cumpre mandado de prisão em desfavor de ex - prefeito municipal de cidade vizinha
133	134	-1	1	Polícia Federal cumpre mandado de prisão em desfavor de ex - prefeito municipal de cidade vizinha
PF prende em flagrante por estelionato homem condenado por divulgar pornografia infantil	135	0	0	PF prende em flagrante por estelionato homem condenado por divulgar pornografia infantil
134	135	-1	1	PF prende em flagrante por estelionato homem condenado por divulgar pornografia infantil
PF prende, no Rio Grande do Norte, procurado pela Justiça de Goiás	136	0	0	PF prende , no Rio Grande do Norte , procurado pela Justiça de Goiás
135	136	-1	1	PF prende , no Rio Grande do Norte , procurado pela Justiça de Goiás
PF apreende 100 kg de cocaína no Mato Grosso	137	0	0	PF apreende 100 kg de cocaína no Mato Grosso
136	137	-1	1	PF apreende 100 kg de cocaína no Mato Grosso
PF, em ação conjunta, apreende cocaína no Rio Juruá	138	0	0	PF , em ação conjunta , apreende cocaína no Rio Juruá
137	138	-1	1	PF , em ação conjunta , apreende cocaína no Rio Juruá
Polícia Federal desarticula grupo criminoso responsável por fraudes na concessão de Benefícios Previdenciários	139	0	0	Polícia Federal desarticula grupo criminoso responsável por fraudes na concessão de Benefícios Previdenciários
138	139	-1	1	Polícia Federal desarticula grupo criminoso responsável por fraudes na concessão de Benefícios Previdenciários
Polícia Federal combate garimpo na Terra Indígena Yanomami.	140	0	0	Polícia Federal combate garimpo na Terra Indígena Yanomami .
139	140	-1	1	Polícia Federal combate garimpo na Terra Indígena Yanomami .
PF prende, no Rio de Janeiro, solicitante de passaporte foragido desde 2011	141	0	0	PF prende , no Rio de Janeiro , solicitante de passaporte foragido desde 2011
140	141	-1	1	PF prende , no Rio de Janeiro , solicitante de passaporte foragido desde 2011
Policiais apreendem essências de narguilé e cigarros eletrônicos na região da Vila Portes, em Foz do Iguaçu PR	142	0	0	Policiais apreendem essências de narguilé e cigarros eletrônicos na região da Vila Portes , em Foz do Iguaçu PR
141	142	-1	1	Policiais apreendem essências de narguilé e cigarros eletrônicos na região da Vila Portes , em Foz do Iguaçu PR
Ação integrada de órgãos federais divulga resultados da Operação Resgate nesta quinta - feira	143	0	0	Ação integrada de órgãos federais divulga resultados da Operação Resgate nesta quinta - feira
142	143	-1	1	Ação integrada de órgãos federais divulga resultados da Operação Resgate nesta quinta - feira
Policiais cumprem mandado de prisão na Ponte da Amizade	144	0	0	Policiais cumprem mandado de prisão na Ponte da Amizade
143	144	-1	1	Policiais cumprem mandado de prisão na Ponte da Amizade
PF combate crime de moeda falsa no Rio Grande do Norte	145	0	0	PF combate crime de moeda falsa no Rio Grande do Norte
144	145	-1	1	PF combate crime de moeda falsa no Rio Grande do Norte
PF deflagra a segunda fase da Operação Alcatraz, denominada	146	0	0	PF deflagra a segunda fase da Operação Alcatraz , denominada Hemorragia
Hemorragia	146	1	0	PF deflagra a segunda fase da Operação Alcatraz , denominada Hemorragia
145	146	-1	1	PF deflagra a segunda fase da Operação Alcatraz , denominada Hemorragia
PF, em ação integrada, realiza nova apreensão de agrotóxicos	147	0	0	PF , em ação integrada , realiza nova apreensão de agrotóxicos
146	147	-1	1	PF , em ação integrada , realiza nova apreensão de agrotóxicos
PF e PM apreendem 450 kg de agrotóxicos em Guaíra PR	148	0	0	PF e PM apreendem 450 kg de agrotóxicos em Guaíra PR
147	148	-1	1	PF e PM apreendem 450 kg de agrotóxicos em Guaíra PR
PF apreende quase 8 kg de cocaína em São Paulo	149	0	0	PF apreende quase 8 kg de cocaína em São Paulo
148	149	-1	1	PF apreende quase 8 kg de cocaína em São Paulo
Polícia Federal e Receita Federal apreendem 435 mil reais na fronteira com o Uruguai	150	0	0	Polícia Federal e Receita Federal apreendem 435 mil reais na fronteira com o Uruguai
149	150	-1	1	Polícia Federal e Receita Federal apreendem 435 mil reais na fronteira com o Uruguai
Polícia Federal realiza prisão de destinatário de drogas pelos Correios	151	0	0	Polícia Federal realiza prisão de destinatário de drogas pelos Correios
150	151	-1	1	Polícia Federal realiza prisão de destinatário de drogas pelos Correios
PF combate extração ilegal de minério de ouro no Pará	152	0	0	PF combate extração ilegal de minério de ouro no Pará
151	152	-1	1	PF combate extração ilegal de minério de ouro no Pará
PF,	153	0	0	PF , no âmbito da Operação Hórus , apreende mais um carregamento de maconha
no âmbito da Operação Hórus, apreende mais um carregamento de maconha	153	1	0	PF , no âmbito da Operação Hórus , apreende mais um carregamento de maconha
152	153	-1	1	PF , no âmbito da Operação Hórus , apreende mais um carregamento de maconha
Polícia Federal deflagra Operação Cash Delivery para apurar prejuízo de 600 mil reais a clientes da Caixa Econômica Federal de Jaguarão RS	154	0	0	Polícia Federal deflagra Operação Cash Delivery para apurar prejuízo de 600 mil reais a clientes da Caixa Econômica Federal de Jaguarão RS
153	154	-1	1	Polícia Federal deflagra Operação Cash Delivery para apurar prejuízo de 600 mil reais a clientes da Caixa Econômica Federal de Jaguarão RS
PF prende traficante holandês procurado pela Interpol no Rio de Janeiro	155	0	0	PF prende traficante holandês procurado pela Interpol no Rio de Janeiro
154	155	-1	1	PF prende traficante holandês procurado pela Interpol no Rio de Janeiro
PF combate divulgação de pornografia infantojuvenil pela internet	156	0	0	PF combate divulgação de pornografia infantojuvenil pela internet
155	156	-1	1	PF combate divulgação de pornografia infantojuvenil pela internet
PF extradita da Espanha procurada pela Interpol	157	0	0	PF extradita da Espanha procurada pela Interpol
156	157	-1	1	PF extradita da Espanha procurada pela Interpol
PF investiga desvio de recursos públicos destinados ao custeio de centros de educação infantil e creches	158	0	0	PF investiga desvio de recursos públicos destinados ao custeio de centros de educação infantil e creches
157	158	-1	1	PF investiga desvio de recursos públicos destinados ao custeio de centros de educação infantil e creches
Polícia Federal prende foragido da Justiça de Santa Catarina	159	0	0	Polícia Federal prende foragido da Justiça de Santa Catarina
158	159	-1	1	Polícia Federal prende foragido da Justiça de Santa Catarina
PF remove líder de facção criminosa para presídio federal	160	0	0	PF remove líder de facção criminosa para presídio federal
159	160	-1	1	PF remove líder de facção criminosa para presídio federal
PF prende suspeito de disseminação de pornografia infantil na internet	161	0	0	PF prende suspeito de disseminação de pornografia infantil na internet
160	161	-1	1	PF prende suspeito de disseminação de pornografia infantil na internet
Publicado edital do concurso da Polícia Federal	162	0	0	Publicado edital do concurso da Polícia Federal
161	162	-1	1	Publicado edital do concurso da Polícia Federal
PF, em ação conjunta com a PRF, apreendeu grande quantidade de cigarros no Litoral Sul	163	0	0	PF , em ação conjunta com a PRF , apreendeu grande quantidade de cigarros no Litoral Sul Potiguar
Potiguar	163	1	0	PF , em ação conjunta com a PRF , apreendeu grande quantidade de cigarros no Litoral Sul Potiguar
162	163	-1	1	PF , em ação conjunta com a PRF , apreendeu grande quantidade de cigarros no Litoral Sul Potiguar
PF prende por uso de documentos falsos	164	0	0	PF prende por uso de documentos falsos
163	164	-1	1	PF prende por uso de documentos falsos
PF, em ação conjunta, deflagrou a Operação Festa Branca em Rondônia	165	0	0	PF , em ação conjunta , deflagrou a Operação Festa Branca em Rondônia
164	165	-1	1	PF , em ação conjunta , deflagrou a Operação Festa Branca em Rondônia
PF desarticula grupo criminoso especializado em tráfico de drogas em Pernambuco	166	0	0	PF desarticula grupo criminoso especializado em tráfico de drogas em Pernambuco
165	166	-1	1	PF desarticula grupo criminoso especializado em tráfico de drogas em Pernambuco
PF prende por saques de benefícios fraudulentos do INSS	167	0	0	PF prende por saques de benefícios fraudulentos do INSS
166	167	-1	1	PF prende por saques de benefícios fraudulentos do INSS
PF deflagra mais uma fase da Operação Pesadelo no Espirito Santo	168	0	0	PF deflagra mais uma fase da Operação Pesadelo no Espirito Santo
167	168	-1	1	PF deflagra mais uma fase da Operação Pesadelo no Espirito Santo
PF prende quatro pessoas por tráfico de drogas em Roraima	169	0	0	PF prende quatro pessoas por tráfico de drogas em Roraima
168	169	-1	1	PF prende quatro pessoas por tráfico de drogas em Roraima
PF participa de visita a entidades estadunidenses responsáveis pelo combate ao tráfico de madeiras	170	0	0	PF participa de visita a entidades estadunidenses responsáveis pelo combate ao tráfico de madeiras
169	170	-1	1	PF participa de visita a entidades estadunidenses responsáveis pelo combate ao tráfico de madeiras
PF apreende embarcação preparada para o transporte de ilícitos	171	0	0	PF apreende embarcação preparada para o transporte de ilícitos
170	171	-1	1	PF apreende embarcação preparada para o transporte de ilícitos
OPERA	172	0	0	OPERA O H RUS PF apreende aproximadamente 250 mil maços de cigarros contrabandeados no Paraná
O H RUS PF apreende aproximadamente 250 mil maços de cigarros contrabandeados no Paraná	172	1	0	OPERA O H RUS PF apreende aproximadamente 250 mil maços de cigarros contrabandeados no Paraná
171	172	-1	1	OPERA O H RUS PF apreende aproximadamente 250 mil maços de cigarros contrabandeados no Paraná
PF deflagra operação	173	0	0	PF deflagra operação Tantos no combate ao crime de compra de votos no Ceará
Tantos no combate ao crime de compra de votos no Ceará	173	1	0	PF deflagra operação Tantos no combate ao crime de compra de votos no Ceará
172	173	-1	1	PF deflagra operação Tantos no combate ao crime de compra de votos no Ceará
PF apreende uma tonelada de maconha no Paraná	174	0	0	PF apreende uma tonelada de maconha no Paraná
173	174	-1	1	PF apreende uma tonelada de maconha no Paraná
PF cumpre mandado de prisão temporária de distribuidor de células falsas	175	0	0	PF cumpre mandado de prisão temporária de distribuidor de células falsas
174	175	-1	1	PF cumpre mandado de prisão temporária de distribuidor de células falsas
Polícia Federal realiza extradição de cidadão paraguaio, com destino à cidade de Buenos Aires Argentina	176	0	0	Polícia Federal realiza extradição de cidadão paraguaio , com destino à cidade de Buenos Aires Argentina
175	176	-1	1	Polícia Federal realiza extradição de cidadão paraguaio , com destino à cidade de Buenos Aires Argentina
Polícia Federal realiza primeira apreensão de cocaína do ano de 2021 no aeroporto internacional dos Guararapes	177	0	0	Polícia Federal realiza primeira apreensão de cocaína do ano de 2021 no aeroporto internacional dos Guararapes
176	177	-1	1	Polícia Federal realiza primeira apreensão de cocaína do ano de 2021 no aeroporto internacional dos Guararapes
PF participa da Operação Concórdia para combater tráfico de drogas e armas no Rio Grande do Norte	178	0	0	PF participa da Operação Concórdia para combater tráfico de drogas e armas no Rio Grande do Norte
177	178	-1	1	PF participa da Operação Concórdia para combater tráfico de drogas e armas no Rio Grande do Norte
PF apreende mais de uma tonelada de maconha	179	0	0	PF apreende mais de uma tonelada de maconha
178	179	-1	1	PF apreende mais de uma tonelada de maconha
PF e BPFRON apreendem dois veículos carregados com cigarros paraguaios	180	0	0	PF e BPFRON apreendem dois veículos carregados com cigarros paraguaios
179	180	-1	1	PF e BPFRON apreendem dois veículos carregados com cigarros paraguaios
PF e BPFRON apreendem carreta bi - trem carregada com cigarros contrabandeados	181	0	0	PF e BPFRON apreendem carreta bi - trem carregada com cigarros contrabandeados
180	181	-1	1	PF e BPFRON apreendem carreta bi - trem carregada com cigarros contrabandeados
PF e BPFRON apreendem três veículos carregados com cigarros paraguaios	182	0	0	PF e BPFRON apreendem três veículos carregados com cigarros paraguaios
181	182	-1	1	PF e BPFRON apreendem três veículos carregados com cigarros paraguaios
PF apreende droga despachada pelos Correios	183	0	0	PF apreende droga despachada pelos Correios
182	183	-1	1	PF apreende droga despachada pelos Correios
PF prende foragido da Justiça em Redenção PA	184	0	0	PF prende foragido da Justiça em Redenção PA
183	184	-1	1	PF prende foragido da Justiça em Redenção PA
PF prende passageiros com droga fixada ao corpo e dentro de embalagens de produtos	185	0	0	PF prende passageiros com droga fixada ao corpo e dentro de embalagens de produtos
184	185	-1	1	PF prende passageiros com droga fixada ao corpo e dentro de embalagens de produtos
PF e BPFRON apreendem carregamento de cigarros contrabandeados em Terra Roxa PR	186	0	0	PF e BPFRON apreendem carregamento de cigarros contrabandeados em Terra Roxa PR
185	186	-1	1	PF e BPFRON apreendem carregamento de cigarros contrabandeados em Terra Roxa PR
PF prende passageiro com droga oculta em fundo falso de mala	187	0	0	PF prende passageiro com droga oculta em fundo falso de mala
186	187	-1	1	PF prende passageiro com droga oculta em fundo falso de mala
PF deflagra a Operação Hermano para apurar esquema de corrupção em Iracema RR	188	0	0	PF deflagra a Operação Hermano para apurar esquema de corrupção em Iracema RR
187	188	-1	1	PF deflagra a Operação Hermano para apurar esquema de corrupção em Iracema RR
Polícia Federal combate crime de aquisição de moeda falsa em Alagoas	189	0	0	Polícia Federal combate crime de aquisição de moeda falsa em Alagoas
188	189	-1	1	Polícia Federal combate crime de aquisição de moeda falsa em Alagoas
Policiais apreendem veículo carregado com eletrônicos em Foz do Iguaçu PR	190	0	0	Policiais apreendem veículo carregado com eletrônicos em Foz do Iguaçu PR
189	190	-1	1	Policiais apreendem veículo carregado com eletrônicos em Foz do Iguaçu PR
Polícia Federal prende homem que adquiriu cédulas falsas em redes sociais	191	0	0	Polícia Federal prende homem que adquiriu cédulas falsas em redes sociais
190	191	-1	1	Polícia Federal prende homem que adquiriu cédulas falsas em redes sociais
Polícia Federal e Marinha do Brasil realizam ações de cooperação internacional para interceptar embarcação carregada com cocaína	192	0	0	Polícia Federal e Marinha do Brasil realizam ações de cooperação internacional para interceptar embarcação carregada com cocaína
191	192	-1	1	Polícia Federal e Marinha do Brasil realizam ações de cooperação internacional para interceptar embarcação carregada com cocaína
PF prende acusado de homicídio por meio de cooperação policial internacional	193	0	0	PF prende acusado de homicídio por meio de cooperação policial internacional
192	193	-1	1	PF prende acusado de homicídio por meio de cooperação policial internacional
Polícia Federal combate o crime de descaminho no Rio Grande do Sul	194	0	0	Polícia Federal combate o crime de descaminho no Rio Grande do Sul
193	194	-1	1	Polícia Federal combate o crime de descaminho no Rio Grande do Sul
Polícia Federal e BPFRON prendem motorista com caminhão carregado com cigarros paraguaios	195	0	0	Polícia Federal e BPFRON prendem motorista com caminhão carregado com cigarros paraguaios
194	195	-1	1	Polícia Federal e BPFRON prendem motorista com caminhão carregado com cigarros paraguaios
Polícia Federal e Marinha do Brasil trazem até a costa de Pernambuco veleiro interceptado com drogas no mar territorial brasileiro	196	0	0	Polícia Federal e Marinha do Brasil trazem até a costa de Pernambuco veleiro interceptado com drogas no mar territorial brasileiro
195	196	-1	1	Polícia Federal e Marinha do Brasil trazem até a costa de Pernambuco veleiro interceptado com drogas no mar territorial brasileiro
Operação Kambaí combate a prática de crimes ambientais em terra indígena	197	0	0	Operação Kambaí combate a prática de crimes ambientais em terra indígena
196	197	-1	1	Operação Kambaí combate a prática de crimes ambientais em terra indígena
Polícia Federal apreende cerca de meia tonelada de cocaína em avião no aeroporto de Salvador BA	198	0	0	Polícia Federal apreende cerca de meia tonelada de cocaína em avião no aeroporto de Salvador BA
197	198	-1	1	Polícia Federal apreende cerca de meia tonelada de cocaína em avião no aeroporto de Salvador BA
PF incinera 140 kg de droga em Cruzeiro do Sul	199	0	0	PF incinera 140 kg de droga em Cruzeiro do Sul
198	199	-1	1	PF incinera 140 kg de droga em Cruzeiro do Sul
PF deflagra Operação Creeper para combater fraudes bancárias no Espírito Santo	200	0	0	PF deflagra Operação Creeper para combater fraudes bancárias no Espírito Santo
199	200	-1	1	PF deflagra Operação Creeper para combater fraudes bancárias no Espírito Santo
PF prendeu homem que recebeu R 1 mil em cédulas falsas pelos Correios	201	0	0	PF prendeu homem que recebeu R 1 mil em cédulas falsas pelos Correios
200	201	-1	1	PF prendeu homem que recebeu R 1 mil em cédulas falsas pelos Correios
Polícia Federal e SENAD reiniciam a Operação Nova Aliança para erradicar cultivos de Cannabis	202	0	0	Polícia Federal e SENAD reiniciam a Operação Nova Aliança para erradicar cultivos de Cannabis
201	202	-1	1	Polícia Federal e SENAD reiniciam a Operação Nova Aliança para erradicar cultivos de Cannabis
PF deflagra Operação	203	0	0	PF deflagra Operação Reagente II para apurar desvios de recursos públicos destinados ao enfrentamento à COVID - 19 em Arraial PI e Isaías Coelho PI
Reagente II para apurar desvios de recursos públicos destinados ao enfrentamento à COVID - 19 em Arraial PI e Isaías Coelho PI	203	1	0	PF deflagra Operação Reagente II para apurar desvios de recursos públicos destinados ao enfrentamento à COVID - 19 em Arraial PI e Isaías Coelho PI
202	203	-1	1	PF deflagra Operação Reagente II para apurar desvios de recursos públicos destinados ao enfrentamento à COVID - 19 em Arraial PI e Isaías Coelho PI
PF investiga pessoa que atuava ilegalmente como psicólogo em Rondônia	204	0	0	PF investiga pessoa que atuava ilegalmente como psicólogo em Rondônia
203	204	-1	1	PF investiga pessoa que atuava ilegalmente como psicólogo em Rondônia
Polícia Federal prende mulher com notas falsas	205	0	0	Polícia Federal prende mulher com notas falsas
204	205	-1	1	Polícia Federal prende mulher com notas falsas
Polícia Federal cumpre mandados de busca e apreensão em Campo Grande MS	206	0	0	Polícia Federal cumpre mandados de busca e apreensão em Campo Grande MS
205	206	-1	1	Polícia Federal cumpre mandados de busca e apreensão em Campo Grande MS
PF realiza transporte e incineração de mais de 9 mil quilos de drogas	207	0	0	PF realiza transporte e incineração de mais de 9 mil quilos de drogas
206	207	-1	1	PF realiza transporte e incineração de mais de 9 mil quilos de drogas
PF combate tráfico internacional de drogas no Pará	208	0	0	PF combate tráfico internacional de drogas no Pará
207	208	-1	1	PF combate tráfico internacional de drogas no Pará
Policiais federais e policiais civis apreendem maconha na região do Lago Itaipu em Entre Rios do Oeste PR	209	0	0	Policiais federais e policiais civis apreendem maconha na região do Lago Itaipu em Entre Rios do Oeste PR
208	209	-1	1	Policiais federais e policiais civis apreendem maconha na região do Lago Itaipu em Entre Rios do Oeste PR
PF combate crime organizado na fronteira com a Guiana Francesa	210	0	0	PF combate crime organizado na fronteira com a Guiana Francesa
209	210	-1	1	PF combate crime organizado na fronteira com a Guiana Francesa
PF e BPFRON apreende mais três caminhões carregados de cigarros contrabandeados em Guaíra PR	211	0	0	PF e BPFRON apreende mais três caminhões carregados de cigarros contrabandeados em Guaíra PR
210	211	-1	1	PF e BPFRON apreende mais três caminhões carregados de cigarros contrabandeados em Guaíra PR
PF apreende cocaína dentro de embalagens de creme de cebolas e cumpre mandado de prisão em desfavor de ex - policial	212	0	0	PF apreende cocaína dentro de embalagens de creme de cebolas e cumpre mandado de prisão em desfavor de ex - policial
211	212	-1	1	PF apreende cocaína dentro de embalagens de creme de cebolas e cumpre mandado de prisão em desfavor de ex - policial
PF apreende mais de cinco quilos de cocaína dentro de casacos e em revestimento de mala	213	0	0	PF apreende mais de cinco quilos de cocaína dentro de casacos e em revestimento de mala
212	213	-1	1	PF apreende mais de cinco quilos de cocaína dentro de casacos e em revestimento de mala
PF combate o tráfico de drogas no Acre	214	0	0	PF combate o tráfico de drogas no Acre
213	214	-1	1	PF combate o tráfico de drogas no Acre
PF combate disseminação de pornografia com conteúdo infantojuvenil	215	0	0	PF combate disseminação de pornografia com conteúdo infantojuvenil
214	215	-1	1	PF combate disseminação de pornografia com conteúdo infantojuvenil
Polícia Federal deflagra, em Alagoas, mais uma fase de Operação Inocência	216	0	0	Polícia Federal deflagra , em Alagoas , mais uma fase de Operação Inocência Compartilhada 2
Compartilhada	216	1	0	Polícia Federal deflagra , em Alagoas , mais uma fase de Operação Inocência Compartilhada 2
2	216	2	0	Polícia Federal deflagra , em Alagoas , mais uma fase de Operação Inocência Compartilhada 2
215	216	-1	1	Polícia Federal deflagra , em Alagoas , mais uma fase de Operação Inocência Compartilhada 2
Polícia Federal deflagra Operação UFR GIO para investigar esquema de crimes eleitorais no Rio de Janeiro.	217	0	0	Polícia Federal deflagra Operação UFR GIO para investigar esquema de crimes eleitorais no Rio de Janeiro .
216	217	-1	1	Polícia Federal deflagra Operação UFR GIO para investigar esquema de crimes eleitorais no Rio de Janeiro .
PF desmantela grupo criminoso especializado no contrabando de cigarros de origem paraguaia	218	0	0	PF desmantela grupo criminoso especializado no contrabando de cigarros de origem paraguaia
217	218	-1	1	PF desmantela grupo criminoso especializado no contrabando de cigarros de origem paraguaia
Operação Quinta Coluna reprime célula criminosa envolvida com tráfico de drogas em aeronaves da FAB	219	0	0	Operação Quinta Coluna reprime célula criminosa envolvida com tráfico de drogas em aeronaves da FAB
218	219	-1	1	Operação Quinta Coluna reprime célula criminosa envolvida com tráfico de drogas em aeronaves da FAB
PF em ação conjunta com a Receita apreende droga e petrechos para arma de fogo	220	0	0	PF em ação conjunta com a Receita apreende droga e petrechos para arma de fogo
219	220	-1	1	PF em ação conjunta com a Receita apreende droga e petrechos para arma de fogo
PF resgata brasileiras vítimas de tráfico humano na Bolívia	221	0	0	PF resgata brasileiras vítimas de tráfico humano na Bolívia
220	221	-1	1	PF resgata brasileiras vítimas de tráfico humano na Bolívia
Polícia Federal incinera mais de meia tonelada de drogas em Tabatinga	222	0	0	Polícia Federal incinera mais de meia tonelada de drogas em Tabatinga
221	222	-1	1	Polícia Federal incinera mais de meia tonelada de drogas em Tabatinga
Polícia Federal deflagra Operação	223	0	0	Polícia Federal deflagra Operação Ponto Final II
Ponto	223	1	0	Polícia Federal deflagra Operação Ponto Final II
Final	223	2	0	Polícia Federal deflagra Operação Ponto Final II
II	223	3	0	Polícia Federal deflagra Operação Ponto Final II
222	223	-1	1	Polícia Federal deflagra Operação Ponto Final II
Polícia Federal prende homem com notas falsas	224	0	0	Polícia Federal prende homem com notas falsas
223	224	-1	1	Polícia Federal prende homem com notas falsas
PF prende mulher em flagrante por tráfico de drogas	225	0	0	PF prende mulher em flagrante por tráfico de drogas
224	225	-1	1	PF prende mulher em flagrante por tráfico de drogas
Polícia Federal incinera aproximadamente meia tonelada de drogas no Acre	226	0	0	Polícia Federal incinera aproximadamente meia tonelada de drogas no Acre
225	226	-1	1	Polícia Federal incinera aproximadamente meia tonelada de drogas no Acre
Polícia Federal combate fraude em licenças minerais e ambientais	227	0	0	Polícia Federal combate fraude em licenças minerais e ambientais
226	227	-1	1	Polícia Federal combate fraude em licenças minerais e ambientais
Polícia Federal deflagra Operação Fiscela para reprimir crimes contra a Previdência Social	228	0	0	Polícia Federal deflagra Operação Fiscela para reprimir crimes contra a Previdência Social
227	228	-1	1	Polícia Federal deflagra Operação Fiscela para reprimir crimes contra a Previdência Social
Polícia Federal prende quatro pessoas em flagrante por descaminho em Foz do Iguaçu PR	229	0	0	Polícia Federal prende quatro pessoas em flagrante por descaminho em Foz do Iguaçu PR
228	229	-1	1	Polícia Federal prende quatro pessoas em flagrante por descaminho em Foz do Iguaçu PR
PF e BPFRON apreendem veículos e cigarro contrabandeado	230	0	0	PF e BPFRON apreendem veículos e cigarro contrabandeado
229	230	-1	1	PF e BPFRON apreendem veículos e cigarro contrabandeado
Polícia Federal e GEFRON AC realizaram apreensão de mais de R 60 mil	231	0	0	Polícia Federal e GEFRON AC realizaram apreensão de mais de R 60 mil
230	231	-1	1	Polícia Federal e GEFRON AC realizaram apreensão de mais de R 60 mil
PF e BPFRON apreendem um veículo carregado com cigarros de origem paraguaia	232	0	0	PF e BPFRON apreendem um veículo carregado com cigarros de origem paraguaia
231	232	-1	1	PF e BPFRON apreendem um veículo carregado com cigarros de origem paraguaia
Polícia Federal prende quatro pessoas por promoção de migração ilegal na fronteira com a Guiana.	233	0	0	Polícia Federal prende quatro pessoas por promoção de migração ilegal na fronteira com a Guiana .
232	233	-1	1	Polícia Federal prende quatro pessoas por promoção de migração ilegal na fronteira com a Guiana .
Polícia Federal reprime invasão de terras no Amapá	234	0	0	Polícia Federal reprime invasão de terras no Amapá
233	234	-1	1	Polícia Federal reprime invasão de terras no Amapá
Nota à imprensa	235	0	0	Nota à imprensa
234	235	-1	1	Nota à imprensa
Polícia Federal combate crime de moeda falsa em Bagé RS	236	0	0	Polícia Federal combate crime de moeda falsa em Bagé RS
235	236	-1	1	Polícia Federal combate crime de moeda falsa em Bagé RS
PF deflagra Operação Hydra para investigar obtenção fraudulenta de benefício social	237	0	0	PF deflagra Operação Hydra para investigar obtenção fraudulenta de benefício social
236	237	-1	1	PF deflagra Operação Hydra para investigar obtenção fraudulenta de benefício social
Policiais prendem em flagrante duas pessoas, na rodoviária de Céu Azul PR, com fuzis e carregadores	238	0	0	Policiais prendem em flagrante duas pessoas , na rodoviária de Céu Azul PR , com fuzis e carregadores
237	238	-1	1	Policiais prendem em flagrante duas pessoas , na rodoviária de Céu Azul PR , com fuzis e carregadores
A Polícia Federal desarticula esquema de desvios de Recursos do Fundo Municipal de Saúde em Araguaína TO.	239	0	0	A Polícia Federal desarticula esquema de desvios de Recursos do Fundo Municipal de Saúde em Araguaína TO .
238	239	-1	1	A Polícia Federal desarticula esquema de desvios de Recursos do Fundo Municipal de Saúde em Araguaína TO .
PF apura extravio de respiradores da Santa Casa de Montes Claros MG	240	0	0	PF apura extravio de respiradores da Santa Casa de Montes Claros MG
239	240	-1	1	PF apura extravio de respiradores da Santa Casa de Montes Claros MG
Polícia Federal já prendeu doze procurados internacionais em 2021	241	0	0	Polícia Federal já prendeu doze procurados internacionais em 2021
240	241	-1	1	Polícia Federal já prendeu doze procurados internacionais em 2021
PF deflagra a Operação Papel Branco e desarticula esquema de emissão de laudos fraudulentos em Minas Gerais	242	0	0	PF deflagra a Operação Papel Branco e desarticula esquema de emissão de laudos fraudulentos em Minas Gerais
241	242	-1	1	PF deflagra a Operação Papel Branco e desarticula esquema de emissão de laudos fraudulentos em Minas Gerais
PF prende foragido da Justiça em Minas Gerais	243	0	0	PF prende foragido da Justiça em Minas Gerais
242	243	-1	1	PF prende foragido da Justiça em Minas Gerais
Polícia Federal e Polícia Militar de São Paulo realizam a apreensão de mais de 180 quilos de pasta base de cocaína	244	0	0	Polícia Federal e Polícia Militar de São Paulo realizam a apreensão de mais de 180 quilos de pasta base de cocaína
243	244	-1	1	Polícia Federal e Polícia Militar de São Paulo realizam a apreensão de mais de 180 quilos de pasta base de cocaína
PF recupera peças arqueológicas estrangeiras	245	0	0	PF recupera peças arqueológicas estrangeiras
244	245	-1	1	PF recupera peças arqueológicas estrangeiras
PF desarticula organização criminosa voltada ao tráfico de drogas e crimes violentos nos estados do Acre e Mato Grosso do Sul	246	0	0	PF desarticula organização criminosa voltada ao tráfico de drogas e crimes violentos nos estados do Acre e Mato Grosso do Sul
245	246	-1	1	PF desarticula organização criminosa voltada ao tráfico de drogas e crimes violentos nos estados do Acre e Mato Grosso do Sul
PF deflagra operação	247	0	0	PF deflagra operação Desmascarados para apurar possíveis fraudes em licitação no RJ
Desmascarados para apurar possíveis fraudes em licitação no RJ	247	1	0	PF deflagra operação Desmascarados para apurar possíveis fraudes em licitação no RJ
246	247	-1	1	PF deflagra operação Desmascarados para apurar possíveis fraudes em licitação no RJ
PF apreende droga dentro de latas de compota de frutas	248	0	0	PF apreende droga dentro de latas de compota de frutas
247	248	-1	1	PF apreende droga dentro de latas de compota de frutas
PF combate fraude fundiária no Amapá	249	0	0	PF combate fraude fundiária no Amapá
248	249	-1	1	PF combate fraude fundiária no Amapá
PF e TIGRE PCPR apreendem três embarcações no Rio Paraná	250	0	0	PF e TIGRE PCPR apreendem três embarcações no Rio Paraná
249	250	-1	1	PF e TIGRE PCPR apreendem três embarcações no Rio Paraná
PF prende homem quando recebia cocaína via Correios em Natal RN	251	0	0	PF prende homem quando recebia cocaína via Correios em Natal RN
250	251	-1	1	PF prende homem quando recebia cocaína via Correios em Natal RN
PF deflagra a terceira fase da Operação Bad Trip	252	0	0	PF deflagra a terceira fase da Operação Bad Trip
251	252	-1	1	PF deflagra a terceira fase da Operação Bad Trip
PF combate fraudes em licitações, corrupção e desvios de recursos públicos em prefeitura do RN	253	0	0	PF combate fraudes em licitações , corrupção e desvios de recursos públicos em prefeitura do RN
252	253	-1	1	PF combate fraudes em licitações , corrupção e desvios de recursos públicos em prefeitura do RN
Polícia Federal e Interpol prendem foragidos da Operação Enterprise	254	0	0	Polícia Federal e Interpol prendem foragidos da Operação Enterprise
253	254	-1	1	Polícia Federal e Interpol prendem foragidos da Operação Enterprise
PF apreendeu 32 quilos de cocaína dentro de prumos de construção	255	0	0	PF apreendeu 32 quilos de cocaína dentro de prumos de construção
254	255	-1	1	PF apreendeu 32 quilos de cocaína dentro de prumos de construção
PF e BPFRON apreendem carregadores de arma de fogo em Santa Terezinha de Itaipu PR, no âmbito da Operação Hórus e Programa	256	0	0	PF e BPFRON apreendem carregadores de arma de fogo em Santa Terezinha de Itaipu PR , no âmbito da Operação Hórus e Programa VIGIA
VIGIA	256	1	0	PF e BPFRON apreendem carregadores de arma de fogo em Santa Terezinha de Itaipu PR , no âmbito da Operação Hórus e Programa VIGIA
255	256	-1	1	PF e BPFRON apreendem carregadores de arma de fogo em Santa Terezinha de Itaipu PR , no âmbito da Operação Hórus e Programa VIGIA
PF, em ação integrada, combate o tráfico de drogas em Roraima	257	0	0	PF , em ação integrada , combate o tráfico de drogas em Roraima
256	257	-1	1	PF , em ação integrada , combate o tráfico de drogas em Roraima
PF combate fraude em auxílios emergenciais	258	0	0	PF combate fraude em auxílios emergenciais
257	258	-1	1	PF combate fraude em auxílios emergenciais
PF combate a comercialização de cigarros contrabandeados	259	0	0	PF combate a comercialização de cigarros contrabandeados
258	259	-1	1	PF combate a comercialização de cigarros contrabandeados
Polícia Federal, em ação conjunta com a Polícia Militar, apreendeu mais de 3 kg de cocaína	260	0	0	Polícia Federal , em ação conjunta com a Polícia Militar , apreendeu mais de 3 kg de cocaína
259	260	-1	1	Polícia Federal , em ação conjunta com a Polícia Militar , apreendeu mais de 3 kg de cocaína
PF,	261	0	0	PF , em operação conjunta com a Polícia Militar BEPI realiza erradicação de 1 . 600 pés de maconha na zona rural do município de Orocó PE
em operação conjunta com a Polícia Militar BEPI realiza erradicação de 1.	261	1	0	PF , em operação conjunta com a Polícia Militar BEPI realiza erradicação de 1 . 600 pés de maconha na zona rural do município de Orocó PE
600 pés de maconha na zona rural do município de Orocó PE	261	2	0	PF , em operação conjunta com a Polícia Militar BEPI realiza erradicação de 1 . 600 pés de maconha na zona rural do município de Orocó PE
260	261	-1	1	PF , em operação conjunta com a Polícia Militar BEPI realiza erradicação de 1 . 600 pés de maconha na zona rural do município de Orocó PE
PF desarticula organização criminosa volta à lavagem de dinheiro oriundo do tráfico de drogas	262	0	0	PF desarticula organização criminosa volta à lavagem de dinheiro oriundo do tráfico de drogas
261	262	-1	1	PF desarticula organização criminosa volta à lavagem de dinheiro oriundo do tráfico de drogas
PF deflagra Operação	263	0	0	PF deflagra Operação A - 21 para combater a disseminação de pornografia infantojuvenil
A - 21 para combater a disseminação de pornografia infantojuvenil	263	1	0	PF deflagra Operação A - 21 para combater a disseminação de pornografia infantojuvenil
262	263	-1	1	PF deflagra Operação A - 21 para combater a disseminação de pornografia infantojuvenil
PF deflagra Operação Faraó para combater tráfico de drogas sintéticas no Espírito Santo	264	0	0	PF deflagra Operação Faraó para combater tráfico de drogas sintéticas no Espírito Santo
263	264	-1	1	PF deflagra Operação Faraó para combater tráfico de drogas sintéticas no Espírito Santo
Polícia Federal deflagra Operação Lavaggio para apurar crime de lavagem de dinheiro decorrente de tráfico internacional de drogas	265	0	0	Polícia Federal deflagra Operação Lavaggio para apurar crime de lavagem de dinheiro decorrente de tráfico internacional de drogas
264	265	-1	1	Polícia Federal deflagra Operação Lavaggio para apurar crime de lavagem de dinheiro decorrente de tráfico internacional de drogas
PF, em ação integrada, apreende caminhão carregado com cigarros contrabandeados	266	0	0	PF , em ação integrada , apreende caminhão carregado com cigarros contrabandeados
265	266	-1	1	PF , em ação integrada , apreende caminhão carregado com cigarros contrabandeados
Polícia Federal cumpre mandado de prisão em Pernambuco contra um foragido italiano	267	0	0	Polícia Federal cumpre mandado de prisão em Pernambuco contra um foragido italiano
266	267	-1	1	Polícia Federal cumpre mandado de prisão em Pernambuco contra um foragido italiano
PF deflagra operação para investigar desvios de verbas do SUS em Timbaúba PE	268	0	0	PF deflagra operação para investigar desvios de verbas do SUS em Timbaúba PE
267	268	-1	1	PF deflagra operação para investigar desvios de verbas do SUS em Timbaúba PE
PF apreende cerca de 170 de cocaína no Porto de Paranaguá	269	0	0	PF apreende cerca de 170 de cocaína no Porto de Paranaguá
268	269	-1	1	PF apreende cerca de 170 de cocaína no Porto de Paranaguá
PF e BPFRON apreende carregamento de cigarros paraguaios.	270	0	0	PF e BPFRON apreende carregamento de cigarros paraguaios .
269	270	-1	1	PF e BPFRON apreende carregamento de cigarros paraguaios .
PF, em parceria com a FICCO Uberaba e PMRE Iturama - MG, realiza apreensão de aproximadamente uma tonelada de maconha	271	0	0	PF , em parceria com a FICCO Uberaba e PMRE Iturama - MG , realiza apreensão de aproximadamente uma tonelada de maconha
270	271	-1	1	PF , em parceria com a FICCO Uberaba e PMRE Iturama - MG , realiza apreensão de aproximadamente uma tonelada de maconha
Polícia Federal apreende caminhão com grande carga de crack	272	0	0	Polícia Federal apreende caminhão com grande carga de crack
271	272	-1	1	Polícia Federal apreende caminhão com grande carga de crack
PF apreende 6 kg de droga em frascos de perfumes	273	0	0	PF apreende 6 kg de droga em frascos de perfumes
272	273	-1	1	PF apreende 6 kg de droga em frascos de perfumes
PF e BPFRON apreendem um veículo carregado com contrabando	274	0	0	PF e BPFRON apreendem um veículo carregado com contrabando
273	274	-1	1	PF e BPFRON apreendem um veículo carregado com contrabando
PF combate crime de moeda falsa no Acre	275	0	0	PF combate crime de moeda falsa no Acre
274	275	-1	1	PF combate crime de moeda falsa no Acre
PF apreende 600 kg de maconha em Campo Grande MS	276	0	0	PF apreende 600 kg de maconha em Campo Grande MS
275	276	-1	1	PF apreende 600 kg de maconha em Campo Grande MS
PF deflagra Operação Veneza em São Paulo	277	0	0	PF deflagra Operação Veneza em São Paulo
276	277	-1	1	PF deflagra Operação Veneza em São Paulo
PF combate fraudes bancárias no Pará	278	0	0	PF combate fraudes bancárias no Pará
277	278	-1	1	PF combate fraudes bancárias no Pará
PF e BPFRON apreende dois veículos carregados com cigarros paraguaios	279	0	0	PF e BPFRON apreende dois veículos carregados com cigarros paraguaios
278	279	-1	1	PF e BPFRON apreende dois veículos carregados com cigarros paraguaios
Polícia Federal prende mulher com notas falsas	280	0	0	Polícia Federal prende mulher com notas falsas
279	280	-1	1	Polícia Federal prende mulher com notas falsas
PF e BPFRON apreendem quatro veículos carregados com cigarros paraguaios	281	0	0	PF e BPFRON apreendem quatro veículos carregados com cigarros paraguaios
280	281	-1	1	PF e BPFRON apreendem quatro veículos carregados com cigarros paraguaios
PF, em ação integrada, apreende cerca de 50 mil maços de cigarros paraguaios	282	0	0	PF , em ação integrada , apreende cerca de 50 mil maços de cigarros paraguaios
281	282	-1	1	PF , em ação integrada , apreende cerca de 50 mil maços de cigarros paraguaios
PF e BPFRON apreendem oito veículos carregados com cigarros paraguaios	283	0	0	PF e BPFRON apreendem oito veículos carregados com cigarros paraguaios
282	283	-1	1	PF e BPFRON apreendem oito veículos carregados com cigarros paraguaios
PF e BPFRON apreendem dois veículos carregados com cigarros paraguaios	284	0	0	PF e BPFRON apreendem dois veículos carregados com cigarros paraguaios
283	284	-1	1	PF e BPFRON apreendem dois veículos carregados com cigarros paraguaios
PF incinera mais de 8 mil quilos de drogas apreendidas na circunscrição de Araraquara SP	285	0	0	PF incinera mais de 8 mil quilos de drogas apreendidas na circunscrição de Araraquara SP
284	285	-1	1	PF incinera mais de 8 mil quilos de drogas apreendidas na circunscrição de Araraquara SP
PF investiga crime de usurpação de cargo público em Sorocaba SP	286	0	0	PF investiga crime de usurpação de cargo público em Sorocaba SP
285	286	-1	1	PF investiga crime de usurpação de cargo público em Sorocaba SP
Polícia Federal deflagra a maior ação de combate a fraudes contra benefícios emergenciais	287	0	0	Polícia Federal deflagra a maior ação de combate a fraudes contra benefícios emergenciais
286	287	-1	1	Polícia Federal deflagra a maior ação de combate a fraudes contra benefícios emergenciais
PF apreende carga de 220kg de cocaína no Porto de Paranaguá	288	0	0	PF apreende carga de 220 kg de cocaína no Porto de Paranaguá
287	288	-1	1	PF apreende carga de 220 kg de cocaína no Porto de Paranaguá
PF apreende grande quantidade de cocaína na Zona Norte do Rio de Janeiro	289	0	0	PF apreende grande quantidade de cocaína na Zona Norte do Rio de Janeiro
288	289	-1	1	PF apreende grande quantidade de cocaína na Zona Norte do Rio de Janeiro
Polícia Federal deflagra	290	0	0	Polícia Federal deflagra 80 Fase da Operação Lava Jato - Operação PSEUDEIA
80	290	1	0	Polícia Federal deflagra 80 Fase da Operação Lava Jato - Operação PSEUDEIA
Fase da Operação Lava Jato -	290	2	0	Polícia Federal deflagra 80 Fase da Operação Lava Jato - Operação PSEUDEIA
Operação PSEUDEIA	290	3	0	Polícia Federal deflagra 80 Fase da Operação Lava Jato - Operação PSEUDEIA
289	290	-1	1	Polícia Federal deflagra 80 Fase da Operação Lava Jato - Operação PSEUDEIA
PF combate esquema de fraudes contra o sistema previdenciário em MT	291	0	0	PF combate esquema de fraudes contra o sistema previdenciário em MT
290	291	-1	1	PF combate esquema de fraudes contra o sistema previdenciário em MT
PF, em ação integrada combate fraudes em receitas médicas	292	0	0	PF , em ação integrada combate fraudes em receitas médicas
291	292	-1	1	PF , em ação integrada combate fraudes em receitas médicas
PF desarticula associação voltada à prática do crime de tráfico de drogas	293	0	0	PF desarticula associação voltada à prática do crime de tráfico de drogas
292	293	-1	1	PF desarticula associação voltada à prática do crime de tráfico de drogas
Polícia Federal deflagra Operação Pronta	294	0	0	Polícia Federal deflagra Operação Pronta Emergência para combater desvios de recursos públicos no Rio de Janeiro
Emergência para combater desvios de recursos públicos no Rio de Janeiro	294	1	0	Polícia Federal deflagra Operação Pronta Emergência para combater desvios de recursos públicos no Rio de Janeiro
293	294	-1	1	Polícia Federal deflagra Operação Pronta Emergência para combater desvios de recursos públicos no Rio de Janeiro
PF combate a prática de crimes eleitorais em Campina Grande PB	295	0	0	PF combate a prática de crimes eleitorais em Campina Grande PB
294	295	-1	1	PF combate a prática de crimes eleitorais em Campina Grande PB
PF realiza operação de combate a fraudes em licitações e desvio de verbas públicas no Sudoeste baiano	296	0	0	PF realiza operação de combate a fraudes em licitações e desvio de verbas públicas no Sudoeste baiano
295	296	-1	1	PF realiza operação de combate a fraudes em licitações e desvio de verbas públicas no Sudoeste baiano
PF apreende droga dentro de frascos de medicamento	297	0	0	PF apreende droga dentro de frascos de medicamento
296	297	-1	1	PF apreende droga dentro de frascos de medicamento
Polícia Federal incinera 7, 3 toneladas de drogas em Três Lagoas MS	298	0	0	Polícia Federal incinera 7 , 3 toneladas de drogas em Três Lagoas MS
297	298	-1	1	Polícia Federal incinera 7 , 3 toneladas de drogas em Três Lagoas MS
PF e Força Integrada deflagram Operação Fronteira	299	0	0	PF e Força Integrada deflagram Operação Fronteira Fechada contra o tráfico de drogas no Acre
Fechada contra o tráfico de drogas no Acre	299	1	0	PF e Força Integrada deflagram Operação Fronteira Fechada contra o tráfico de drogas no Acre
298	299	-1	1	PF e Força Integrada deflagram Operação Fronteira Fechada contra o tráfico de drogas no Acre
PF, em ação integrada, desarticula organização criminosa voltada ao tráfico de drogas	300	0	0	PF , em ação integrada , desarticula organização criminosa voltada ao tráfico de drogas
299	300	-1	1	PF , em ação integrada , desarticula organização criminosa voltada ao tráfico de drogas
PF realiza a primeira incineração de drogas do ano em Guaíra PR	301	0	0	PF realiza a primeira incineração de drogas do ano em Guaíra PR
300	301	-1	1	PF realiza a primeira incineração de drogas do ano em Guaíra PR
PF investiga possível crime de comércio ilegal de pedras preciosas	302	0	0	PF investiga possível crime de comércio ilegal de pedras preciosas
301	302	-1	1	PF investiga possível crime de comércio ilegal de pedras preciosas
PF e BPFRON apreendem embarcação abandonada no Rio Iguaçu, no âmbito da Operação Hórus e Programa	303	0	0	PF e BPFRON apreendem embarcação abandonada no Rio Iguaçu , no âmbito da Operação Hórus e Programa VIGIA
VIGIA	303	1	0	PF e BPFRON apreendem embarcação abandonada no Rio Iguaçu , no âmbito da Operação Hórus e Programa VIGIA
302	303	-1	1	PF e BPFRON apreendem embarcação abandonada no Rio Iguaçu , no âmbito da Operação Hórus e Programa VIGIA
Operação Palha Grande desarticula esquema de fraudes contra o INSS no Recôncavo Baiano	304	0	0	Operação Palha Grande desarticula esquema de fraudes contra o INSS no Recôncavo Baiano
303	304	-1	1	Operação Palha Grande desarticula esquema de fraudes contra o INSS no Recôncavo Baiano
Polícia Federal prende homem com 2 mil reais em cédulas falsas recebidas pelos Correios em Foz do Iguaçu PR	305	0	0	Polícia Federal prende homem com 2 mil reais em cédulas falsas recebidas pelos Correios em Foz do Iguaçu PR
304	305	-1	1	Polícia Federal prende homem com 2 mil reais em cédulas falsas recebidas pelos Correios em Foz do Iguaçu PR
Operação Advenus combate crime de promoção de migração ilegal no Acre	306	0	0	Operação Advenus combate crime de promoção de migração ilegal no Acre
305	306	-1	1	Operação Advenus combate crime de promoção de migração ilegal no Acre
PF prende em Natal britânico procurado pela Interpol	307	0	0	PF prende em Natal britânico procurado pela Interpol
306	307	-1	1	PF prende em Natal britânico procurado pela Interpol
Operação Lux combate fraude em fundo municipal previdenciário de Luziânia GO	308	0	0	Operação Lux combate fraude em fundo municipal previdenciário de Luziânia GO
307	308	-1	1	Operação Lux combate fraude em fundo municipal previdenciário de Luziânia GO
Polícia Federal prende liderança de facção criminosa	309	0	0	Polícia Federal prende liderança de facção criminosa
308	309	-1	1	Polícia Federal prende liderança de facção criminosa
PF e Receita apreendem 9 kg de cocaína ocultos nas estruturas de malas de viagem	310	0	0	PF e Receita apreendem 9 kg de cocaína ocultos nas estruturas de malas de viagem
309	310	-1	1	PF e Receita apreendem 9 kg de cocaína ocultos nas estruturas de malas de viagem
Polícia Federal combate crimes eleitorais em Oiapoque	311	0	0	Polícia Federal combate crimes eleitorais em Oiapoque
310	311	-1	1	Polícia Federal combate crimes eleitorais em Oiapoque
Polícia Federal apreende helicóptero com grande carga de cocaína	312	0	0	Polícia Federal apreende helicóptero com grande carga de cocaína
311	312	-1	1	Polícia Federal apreende helicóptero com grande carga de cocaína
PF cumpre mandado de prisão expedido pelo STJ	313	0	0	PF cumpre mandado de prisão expedido pelo STJ
312	313	-1	1	PF cumpre mandado de prisão expedido pelo STJ
Polícia Federal deflagra operação de combate ao contrabando de cigarros na região norte do Estado do Rio Grande do Sul	314	0	0	Polícia Federal deflagra operação de combate ao contrabando de cigarros na região norte do Estado do Rio Grande do Sul
313	314	-1	1	Polícia Federal deflagra operação de combate ao contrabando de cigarros na região norte do Estado do Rio Grande do Sul
PF e BPFRON apreendem carreta bi - trem carregada com cigarros contrabandeados	315	0	0	PF e BPFRON apreendem carreta bi - trem carregada com cigarros contrabandeados
314	315	-1	1	PF e BPFRON apreendem carreta bi - trem carregada com cigarros contrabandeados
Polícia Federal incinera, em Ponta Porã, 12 toneladas de entorpecentes com apoio da Força Nacional	316	0	0	Polícia Federal incinera , em Ponta Porã , 12 toneladas de entorpecentes com apoio da Força Nacional
315	316	-1	1	Polícia Federal incinera , em Ponta Porã , 12 toneladas de entorpecentes com apoio da Força Nacional
PF apreende 246 kg de maconha e 36 sacos de skank no Mato Grosso	317	0	0	PF apreende 246 kg de maconha e 36 sacos de skank no Mato Grosso
316	317	-1	1	PF apreende 246 kg de maconha e 36 sacos de skank no Mato Grosso
PF deflagra Operação Manzana para combater ilegalidades em vendas de aparelhos eletrônicos em Pernambuco	318	0	0	PF deflagra Operação Manzana para combater ilegalidades em vendas de aparelhos eletrônicos em Pernambuco
317	318	-1	1	PF deflagra Operação Manzana para combater ilegalidades em vendas de aparelhos eletrônicos em Pernambuco
PF apreende cerca de 500 comprimidos de ecstasy no interior do RN	319	0	0	PF apreende cerca de 500 comprimidos de ecstasy no interior do RN
318	319	-1	1	PF apreende cerca de 500 comprimidos de ecstasy no interior do RN
PF apreende 31 kg de cocaína na Rodovia	320	0	0	PF apreende 31 kg de cocaína na Rodovia Presidente Dutra
Presidente Dutra	320	1	0	PF apreende 31 kg de cocaína na Rodovia Presidente Dutra
319	320	-1	1	PF apreende 31 kg de cocaína na Rodovia Presidente Dutra
PF deflagra a Operação Dotted Roses para combater os crimes de produção de conteúdo com pornografia infantojuvenil e exploração sexual de crianças	321	0	0	PF deflagra a Operação Dotted Roses para combater os crimes de produção de conteúdo com pornografia infantojuvenil e exploração sexual de crianças
320	321	-1	1	PF deflagra a Operação Dotted Roses para combater os crimes de produção de conteúdo com pornografia infantojuvenil e exploração sexual de crianças
Polícia Federal e BPFRON apreendem dois veículos carregados com cigarros contrabandeados.	322	0	0	Polícia Federal e BPFRON apreendem dois veículos carregados com cigarros contrabandeados .
321	322	-1	1	Polícia Federal e BPFRON apreendem dois veículos carregados com cigarros contrabandeados .
PF prende mulher portando 14 kg de maconha no Aeroporto de Fortaleza	323	0	0	PF prende mulher portando 14 kg de maconha no Aeroporto de Fortaleza
322	323	-1	1	PF prende mulher portando 14 kg de maconha no Aeroporto de Fortaleza
PF prende duas pessoas por invadir terras públicas no Mato Grosso	324	0	0	PF prende duas pessoas por invadir terras públicas no Mato Grosso
323	324	-1	1	PF prende duas pessoas por invadir terras públicas no Mato Grosso
PF combate o tráfico de drogas e a lavagem de dinheiro em Sergipe	325	0	0	PF combate o tráfico de drogas e a lavagem de dinheiro em Sergipe
324	325	-1	1	PF combate o tráfico de drogas e a lavagem de dinheiro em Sergipe
PF encerra atividade de rádio clandestina em Nova Xavantina MT	326	0	0	PF encerra atividade de rádio clandestina em Nova Xavantina MT
325	326	-1	1	PF encerra atividade de rádio clandestina em Nova Xavantina MT
PF deflagra Operação Argos para investigar desvios de dinheiro público em contratos de cerca de R 10 milhões em Pacaraima RR	327	0	0	PF deflagra Operação Argos para investigar desvios de dinheiro público em contratos de cerca de R 10 milhões em Pacaraima RR
326	327	-1	1	PF deflagra Operação Argos para investigar desvios de dinheiro público em contratos de cerca de R 10 milhões em Pacaraima RR
PF viabiliza a travessia de tripulantes terrestres detidos em fronteira entre Brasil e Peru	328	0	0	PF viabiliza a travessia de tripulantes terrestres detidos em fronteira entre Brasil e Peru
327	328	-1	1	PF viabiliza a travessia de tripulantes terrestres detidos em fronteira entre Brasil e Peru
PF combate disseminação de pornografia infantojuvenil pela internet	329	0	0	PF combate disseminação de pornografia infantojuvenil pela internet
328	329	-1	1	PF combate disseminação de pornografia infantojuvenil pela internet
Polícia Federal prende no Ceará homem foragido do Sistema Prisional do RN	330	0	0	Polícia Federal prende no Ceará homem foragido do Sistema Prisional do RN
329	330	-1	1	Polícia Federal prende no Ceará homem foragido do Sistema Prisional do RN
Polícia Federal combate fraude à licitação no Amapá	331	0	0	Polícia Federal combate fraude à licitação no Amapá
330	331	-1	1	Polícia Federal combate fraude à licitação no Amapá
PF combate crime de evasão de divisas no Acre	332	0	0	PF combate crime de evasão de divisas no Acre
331	332	-1	1	PF combate crime de evasão de divisas no Acre
PF apreende agasalhos recheados com cocaína	333	0	0	PF apreende agasalhos recheados com cocaína
332	333	-1	1	PF apreende agasalhos recheados com cocaína
PF combate tráfico de armas em Oiapoque	334	0	0	PF combate tráfico de armas em Oiapoque AP
AP	334	1	0	PF combate tráfico de armas em Oiapoque AP
333	334	-1	1	PF combate tráfico de armas em Oiapoque AP
PF,	335	0	0	PF , em ação conjunta com a Receita , apreende mais de 45 kg de cocaína
em ação conjunta com a Receita, apreende mais de 45 kg de cocaína	335	1	0	PF , em ação conjunta com a Receita , apreende mais de 45 kg de cocaína
334	335	-1	1	PF , em ação conjunta com a Receita , apreende mais de 45 kg de cocaína
Polícia Federal comemora 77 anos	336	0	0	Polícia Federal comemora 77 anos
335	336	-1	1	Polícia Federal comemora 77 anos
Polícia Federal combate extração ilegal de minério	337	0	0	Polícia Federal combate extração ilegal de minério
336	337	-1	1	Polícia Federal combate extração ilegal de minério
PF apura suposta importação de vacinas contra covid - 19	338	0	0	PF apura suposta importação de vacinas contra covid - 19
337	338	-1	1	PF apura suposta importação de vacinas contra covid - 19
Polícia Federal e Receita Federal apreendem 3, 5 quilos de skunk na fronteira com o Uruguai	339	0	0	Polícia Federal e Receita Federal apreendem 3 , 5 quilos de skunk na fronteira com o Uruguai
338	339	-1	1	Polícia Federal e Receita Federal apreendem 3 , 5 quilos de skunk na fronteira com o Uruguai
Polícia Federal deflagra Operação Caixa 38	340	0	0	Polícia Federal deflagra Operação Caixa 38
339	340	-1	1	Polícia Federal deflagra Operação Caixa 38
Policiais apreendem veículo carregado com cigarros em Itaipulândia PR	341	0	0	Policiais apreendem veículo carregado com cigarros em Itaipulândia PR
340	341	-1	1	Policiais apreendem veículo carregado com cigarros em Itaipulândia PR
Policiais federais e policiais militares do BPFRON prendem indivíduo em flagrante por contrabando, em Medianeira PR	342	0	0	Policiais federais e policiais militares do BPFRON prendem indivíduo em flagrante por contrabando , em Medianeira PR
341	342	-1	1	Policiais federais e policiais militares do BPFRON prendem indivíduo em flagrante por contrabando , em Medianeira PR
Polícia Federal participa de ação internacional que resultou na apreensão de 6 toneladas de cocaína	343	0	0	Polícia Federal participa de ação internacional que resultou na apreensão de 6 toneladas de cocaína
342	343	-1	1	Polícia Federal participa de ação internacional que resultou na apreensão de 6 toneladas de cocaína
PF apreende cerca de 4, 5 mil maços de cigarros de origem paraguaia	344	0	0	PF apreende cerca de 4 , 5 mil maços de cigarros de origem paraguaia
343	344	-1	1	PF apreende cerca de 4 , 5 mil maços de cigarros de origem paraguaia
Polícia Federal participa de visita técnica ao Porto de Cabedelo PB	345	0	0	Polícia Federal participa de visita técnica ao Porto de Cabedelo PB
344	345	-1	1	Polícia Federal participa de visita técnica ao Porto de Cabedelo PB
Polícia Federal apreende cigarros contrabandeados na fronteira com o Paraguai	346	0	0	Polícia Federal apreende cigarros contrabandeados na fronteira com o Paraguai
345	346	-1	1	Polícia Federal apreende cigarros contrabandeados na fronteira com o Paraguai
Polícia Federal desarticula grupo criminoso responsável por falsa oferta de venda de vacinas para o Ministério da Saúde	347	0	0	Polícia Federal desarticula grupo criminoso responsável por falsa oferta de venda de vacinas para o Ministério da Saúde
346	347	-1	1	Polícia Federal desarticula grupo criminoso responsável por falsa oferta de venda de vacinas para o Ministério da Saúde
Policiais apreendem caminhão carregado com cigarros e duas embarcações em Santa Helena PR	348	0	0	Policiais apreendem caminhão carregado com cigarros e duas embarcações em Santa Helena PR
347	348	-1	1	Policiais apreendem caminhão carregado com cigarros e duas embarcações em Santa Helena PR
Polícia Federal deflagra Operação	349	0	0	Polícia Federal deflagra Operação Ianomâmi 709 de combate o garimpo ilegal em Roraima
Ianomâmi 709 de combate	349	1	0	Polícia Federal deflagra Operação Ianomâmi 709 de combate o garimpo ilegal em Roraima
o garimpo ilegal em Roraima	349	2	0	Polícia Federal deflagra Operação Ianomâmi 709 de combate o garimpo ilegal em Roraima
348	349	-1	1	Polícia Federal deflagra Operação Ianomâmi 709 de combate o garimpo ilegal em Roraima
PF prende no Brasil um dos criminosos mais procurados do Paraguai	350	0	0	PF prende no Brasil um dos criminosos mais procurados do Paraguai
349	350	-1	1	PF prende no Brasil um dos criminosos mais procurados do Paraguai
Polícia Federal deflagra operação para combater falsificação de dinheiro em onze Estados	351	0	0	Polícia Federal deflagra operação para combater falsificação de dinheiro em onze Estados
350	351	-1	1	Polícia Federal deflagra operação para combater falsificação de dinheiro em onze Estados
Polícia Federal participa da Operação Trigger VI promovida pela INTERPOL	352	0	0	Polícia Federal participa da Operação Trigger VI promovida pela INTERPOL
351	352	-1	1	Polícia Federal participa da Operação Trigger VI promovida pela INTERPOL
PF e BPFRON	353	0	0	PF e BPFRON PMPR prendem homem com mandado de prisão em aberto pelo crime de roubo
PMPR prendem homem com mandado de prisão em aberto pelo crime de roubo	353	1	0	PF e BPFRON PMPR prendem homem com mandado de prisão em aberto pelo crime de roubo
352	353	-1	1	PF e BPFRON PMPR prendem homem com mandado de prisão em aberto pelo crime de roubo
PF investiga comercialização e aplicação de vacinas contra Covid - 19 de origem ilícita	354	0	0	PF investiga comercialização e aplicação de vacinas contra Covid - 19 de origem ilícita
353	354	-1	1	PF investiga comercialização e aplicação de vacinas contra Covid - 19 de origem ilícita
Polícia Federal deflagra operação contra grupo criminoso ligado ao tráfico de entorpecentes	355	0	0	Polícia Federal deflagra operação contra grupo criminoso ligado ao tráfico de entorpecentes
354	355	-1	1	Polícia Federal deflagra operação contra grupo criminoso ligado ao tráfico de entorpecentes
PF apreende drogas no Porto de Santos	356	0	0	PF apreende drogas no Porto de Santos
355	356	-1	1	PF apreende drogas no Porto de Santos
Polícia Federal deflagra segunda fase de Operação Denarius para combater crimes de moeda falsa	357	0	0	Polícia Federal deflagra segunda fase de Operação Denarius para combater crimes de moeda falsa
356	357	-1	1	Polícia Federal deflagra segunda fase de Operação Denarius para combater crimes de moeda falsa
Polícia Federal prende foragido da justiça uruguaia	358	0	0	Polícia Federal prende foragido da justiça uruguaia
357	358	-1	1	Polícia Federal prende foragido da justiça uruguaia
Polícia Federal apreende pneus estrangeiros em Missal PR	359	0	0	Polícia Federal apreende pneus estrangeiros em Missal PR
358	359	-1	1	Polícia Federal apreende pneus estrangeiros em Missal PR
Polícia Federal realiza operação de incineração de droga	360	0	0	Polícia Federal realiza operação de incineração de droga
359	360	-1	1	Polícia Federal realiza operação de incineração de droga
PF e BPFRON apreendem veículos com cigarros contrabandeados em Guaíra PR	361	0	0	PF e BPFRON apreendem veículos com cigarros contrabandeados em Guaíra PR
360	361	-1	1	PF e BPFRON apreendem veículos com cigarros contrabandeados em Guaíra PR
PF prende suspeito de fraudes à Caixa Econômica Federal	362	0	0	PF prende suspeito de fraudes à Caixa Econômica Federal
361	362	-1	1	PF prende suspeito de fraudes à Caixa Econômica Federal
PF, com o apoio da Polícia Militar PE, prende estrangeiro foragido da justiça portuguesa	363	0	0	PF , com o apoio da Polícia Militar PE , prende estrangeiro foragido da justiça portuguesa
362	363	-1	1	PF , com o apoio da Polícia Militar PE , prende estrangeiro foragido da justiça portuguesa
PF deflagra Operação Anóxia, para investigar possível fraude na concessão e recebimento de bolsas de estudo em universidade	364	0	0	PF deflagra Operação Anóxia , para investigar possível fraude na concessão e recebimento de bolsas de estudo em universidade
363	364	-1	1	PF deflagra Operação Anóxia , para investigar possível fraude na concessão e recebimento de bolsas de estudo em universidade
PF apreende 2 kg de cocaína no Aeroporto Internacional de São Paulo	365	0	0	PF apreende 2 kg de cocaína no Aeroporto Internacional de São Paulo
364	365	-1	1	PF apreende 2 kg de cocaína no Aeroporto Internacional de São Paulo
Polícia Federal investiga desvio de recursos do Fundo Eleitoral no Amapá	366	0	0	Polícia Federal investiga desvio de recursos do Fundo Eleitoral no Amapá
365	366	-1	1	Polícia Federal investiga desvio de recursos do Fundo Eleitoral no Amapá
Foragido da Justiça do Rio Grande do Sul	367	0	0	Foragido da Justiça do Rio Grande do Sul é extraditado do Uruguai para o Brasil
é extraditado do Uruguai para o Brasil	367	1	0	Foragido da Justiça do Rio Grande do Sul é extraditado do Uruguai para o Brasil
366	367	-1	1	Foragido da Justiça do Rio Grande do Sul é extraditado do Uruguai para o Brasil
Polícia Federal prende mulher especializada em realizar furtos em bagagens de passageiros em aeroportos	368	0	0	Polícia Federal prende mulher especializada em realizar furtos em bagagens de passageiros em aeroportos
367	368	-1	1	Polícia Federal prende mulher especializada em realizar furtos em bagagens de passageiros em aeroportos
PF deflagra 2 operações em Mato Grosso para combater comercialização ilegal de ouro	369	0	0	PF deflagra 2 operações em Mato Grosso para combater comercialização ilegal de ouro
368	369	-1	1	PF deflagra 2 operações em Mato Grosso para combater comercialização ilegal de ouro
PF combate tráfico internacional de drogas	370	0	0	PF combate tráfico internacional de drogas
369	370	-1	1	PF combate tráfico internacional de drogas
Polícia Federal deflagra operação para combater fraudes no Auxílio Emergencial e Precatórios Judiciais em Mato Grosso e em outros 11 Estados	371	0	0	Polícia Federal deflagra operação para combater fraudes no Auxílio Emergencial e Precatórios Judiciais em Mato Grosso e em outros 11 Estados
370	371	-1	1	Polícia Federal deflagra operação para combater fraudes no Auxílio Emergencial e Precatórios Judiciais em Mato Grosso e em outros 11 Estados
PF, em ação integrada, prende em flagrante um homem pela venda de medicamento de comercialização restrita	372	0	0	PF , em ação integrada , prende em flagrante um homem pela venda de medicamento de comercialização restrita
371	372	-1	1	PF , em ação integrada , prende em flagrante um homem pela venda de medicamento de comercialização restrita
PF apreende mais de R 90 mil na fronteira do Brasil com a Bolívia	373	0	0	PF apreende mais de R 90 mil na fronteira do Brasil com a Bolívia
372	373	-1	1	PF apreende mais de R 90 mil na fronteira do Brasil com a Bolívia
Polícia Federal apreende 440 kg de droga no Porto de Santos SP	374	0	0	Polícia Federal apreende 440 kg de droga no Porto de Santos SP
373	374	-1	1	Polícia Federal apreende 440 kg de droga no Porto de Santos SP
PF deflagra Operação Constantino para investigar invasões e queimadas em terras da União no Amazonas	375	0	0	PF deflagra Operação Constantino para investigar invasões e queimadas em terras da União no Amazonas
374	375	-1	1	PF deflagra Operação Constantino para investigar invasões e queimadas em terras da União no Amazonas
PF incinera 480 kg de drogas no Cariri	376	0	0	PF incinera 480 kg de drogas no Cariri
375	376	-1	1	PF incinera 480 kg de drogas no Cariri
Polícia Federal deflagra operação de combate ao tráfico de drogas na Bahia	377	0	0	Polícia Federal deflagra operação de combate ao tráfico de drogas na Bahia
376	377	-1	1	Polícia Federal deflagra operação de combate ao tráfico de drogas na Bahia
Polícia Federal deflagra a segunda fase da Operação Quinino	378	0	0	Polícia Federal deflagra a segunda fase da Operação Quinino
377	378	-1	1	Polícia Federal deflagra a segunda fase da Operação Quinino
Polícia Federal interrompe remessa de moeda falsa no Amapá	379	0	0	Polícia Federal interrompe remessa de moeda falsa no Amapá
378	379	-1	1	Polícia Federal interrompe remessa de moeda falsa no Amapá
PF combate furtos contra a Caixa Econômica Federal em Chapecó SC	380	0	0	PF combate furtos contra a Caixa Econômica Federal em Chapecó SC
379	380	-1	1	PF combate furtos contra a Caixa Econômica Federal em Chapecó SC
Polícia Federal realiza incursão de combate ao tráfico de drogas em Recife PE	381	0	0	Polícia Federal realiza incursão de combate ao tráfico de drogas em Recife PE
380	381	-1	1	Polícia Federal realiza incursão de combate ao tráfico de drogas em Recife PE
Polícia Federal desarticula organização criminosa voltada para o tráfico de drogas e fabricação de cédulas falsas	382	0	0	Polícia Federal desarticula organização criminosa voltada para o tráfico de drogas e fabricação de cédulas falsas
381	382	-1	1	Polícia Federal desarticula organização criminosa voltada para o tráfico de drogas e fabricação de cédulas falsas
PF e Receita apreendem droga dentro de bombons	383	0	0	PF e Receita apreendem droga dentro de bombons
382	383	-1	1	PF e Receita apreendem droga dentro de bombons
PF deflagra a Operação Athoótita para combater possível disseminação de pornografia infantil	384	0	0	PF deflagra a Operação Athoótita para combater possível disseminação de pornografia infantil
383	384	-1	1	PF deflagra a Operação Athoótita para combater possível disseminação de pornografia infantil
PF segue investigações sobre vacinas contra covid - 19 de origem ilícita	385	0	0	PF segue investigações sobre vacinas contra covid - 19 de origem ilícita
384	385	-1	1	PF segue investigações sobre vacinas contra covid - 19 de origem ilícita
PF prende em Pau dos Ferros suspeito de integrar facção criminosa no Rio Grande do Norte	386	0	0	PF prende em Pau dos Ferros suspeito de integrar facção criminosa no Rio Grande do Norte
385	386	-1	1	PF prende em Pau dos Ferros suspeito de integrar facção criminosa no Rio Grande do Norte
Polícia Federal realiza apreensão de droga no Porto de Santos SP	387	0	0	Polícia Federal realiza apreensão de droga no Porto de Santos SP
386	387	-1	1	Polícia Federal realiza apreensão de droga no Porto de Santos SP
PF e BPFRON apreende quatro veículos carregados com contrabando	388	0	0	PF e BPFRON apreende quatro veículos carregados com contrabando
387	388	-1	1	PF e BPFRON apreende quatro veículos carregados com contrabando
Polícia Federal apreende pistolas, fuzil e mais de 1 tonelada de cocaína no Porto de Santos SP	389	0	0	Polícia Federal apreende pistolas , fuzil e mais de 1 tonelada de cocaína no Porto de Santos SP
388	389	-1	1	Polícia Federal apreende pistolas , fuzil e mais de 1 tonelada de cocaína no Porto de Santos SP
Polícia Federal prende traficante de armas e drogas procurado pela INTERPOL	390	0	0	Polícia Federal prende traficante de armas e drogas procurado pela INTERPOL
389	390	-1	1	Polícia Federal prende traficante de armas e drogas procurado pela INTERPOL
PF deflagra segunda fase da Operação Aversa contra o tráfico de drogas em Campo Grande MS	391	0	0	PF deflagra segunda fase da Operação Aversa contra o tráfico de drogas em Campo Grande MS
390	391	-1	1	PF deflagra segunda fase da Operação Aversa contra o tráfico de drogas em Campo Grande MS
Polícia Federal apreende cerca de R 430 mil na fronteira com o Uruguai	392	0	0	Polícia Federal apreende cerca de R 430 mil na fronteira com o Uruguai
391	392	-1	1	Polícia Federal apreende cerca de R 430 mil na fronteira com o Uruguai
Polícia Federal combate o tráfico de drogas na fronteira com o Uruguai	393	0	0	Polícia Federal combate o tráfico de drogas na fronteira com o Uruguai
392	393	-1	1	Polícia Federal combate o tráfico de drogas na fronteira com o Uruguai
Operação Recôndito apura desvio de recursos públicos federais destinados ao combate do Coronavírus	394	0	0	Operação Recôndito apura desvio de recursos públicos federais destinados ao combate do Coronavírus
393	394	-1	1	Operação Recôndito apura desvio de recursos públicos federais destinados ao combate do Coronavírus
PF combate armazenamento e divulgação de imagens e vídeos de exploração sexual de crianças e adolescentes pela internet	395	0	0	PF combate armazenamento e divulgação de imagens e vídeos de exploração sexual de crianças e adolescentes pela internet
394	395	-1	1	PF combate armazenamento e divulgação de imagens e vídeos de exploração sexual de crianças e adolescentes pela internet
Polícia Federal reprime crimes contra os Correios no Amapá	396	0	0	Polícia Federal reprime crimes contra os Correios no Amapá
395	396	-1	1	Polícia Federal reprime crimes contra os Correios no Amapá
PF desarticula esquema de concessão de decisões judiciais irregulares no Rio de Janeiro	397	0	0	PF desarticula esquema de concessão de decisões judiciais irregulares no Rio de Janeiro
396	397	-1	1	PF desarticula esquema de concessão de decisões judiciais irregulares no Rio de Janeiro
Polícia Federal realiza a prisão de uma pessoa por tráfico de drogas	398	0	0	Polícia Federal realiza a prisão de uma pessoa por tráfico de drogas
397	398	-1	1	Polícia Federal realiza a prisão de uma pessoa por tráfico de drogas
Polícia Federal resgata vítimas do tráfico de pessoas na Bolívia	399	0	0	Polícia Federal resgata vítimas do tráfico de pessoas na Bolívia
398	399	-1	1	Polícia Federal resgata vítimas do tráfico de pessoas na Bolívia
A Polícia Federal deflagra Operação Mitra para reprimir o porte ilegal de arma de fogo no Acre	400	0	0	A Polícia Federal deflagra Operação Mitra para reprimir o porte ilegal de arma de fogo no Acre
399	400	-1	1	A Polícia Federal deflagra Operação Mitra para reprimir o porte ilegal de arma de fogo no Acre
PF deflagra Operação Apacheta no Maranhão	401	0	0	PF deflagra Operação Apacheta no Maranhão
400	401	-1	1	PF deflagra Operação Apacheta no Maranhão
Polícia Federal localiza menor raptada em Valparaíso de Goiás	402	0	0	Polícia Federal localiza menor raptada em Valparaíso de Goiás GO
GO	402	1	0	Polícia Federal localiza menor raptada em Valparaíso de Goiás GO
401	402	-1	1	Polícia Federal localiza menor raptada em Valparaíso de Goiás GO
PF prende homem por tráfico internacional de drogas	403	0	0	PF prende homem por tráfico internacional de drogas
402	403	-1	1	PF prende homem por tráfico internacional de drogas
PF e BPFRON estoura depósito milionário de contrabando	404	0	0	PF e BPFRON estoura depósito milionário de contrabando
403	404	-1	1	PF e BPFRON estoura depósito milionário de contrabando
PF deflagra operação de combate a fraudes no auxílio emergencial cometidas por servidores públicos	405	0	0	PF deflagra operação de combate a fraudes no auxílio emergencial cometidas por servidores públicos
404	405	-1	1	PF deflagra operação de combate a fraudes no auxílio emergencial cometidas por servidores públicos
Policiais federais, civis COPE PR e militares BPFRON	406	0	0	Policiais federais , civis COPE PR e militares BPFRON cumprem mandado de prisão pelo crime de tráfico de drogas , em Itaipulândia
cumprem mandado de prisão pelo crime de tráfico de drogas, em Itaipulândia	406	1	0	Policiais federais , civis COPE PR e militares BPFRON cumprem mandado de prisão pelo crime de tráfico de drogas , em Itaipulândia
405	406	-1	1	Policiais federais , civis COPE PR e militares BPFRON cumprem mandado de prisão pelo crime de tráfico de drogas , em Itaipulândia
PF,	407	0	0	PF , em ação conjunta com a Receita , apreende droga dentro de cosméticos
em ação conjunta com a Receita, apreende droga dentro de cosméticos	407	1	0	PF , em ação conjunta com a Receita , apreende droga dentro de cosméticos
406	407	-1	1	PF , em ação conjunta com a Receita , apreende droga dentro de cosméticos
Polícia Federal e APPA realizam fiscalização ambiental no Porto de Paranaguá	408	0	0	Polícia Federal e APPA realizam fiscalização ambiental no Porto de Paranaguá
407	408	-1	1	Polícia Federal e APPA realizam fiscalização ambiental no Porto de Paranaguá
PF desarticula associação criminosa voltada para a prática de crimes ambientais e agrários em terras da União	409	0	0	PF desarticula associação criminosa voltada para a prática de crimes ambientais e agrários em terras da União
408	409	-1	1	PF desarticula associação criminosa voltada para a prática de crimes ambientais e agrários em terras da União
Polícia Federal prende em flagrante negociador de diamantes	410	0	0	Polícia Federal prende em flagrante negociador de diamantes
409	410	-1	1	Polícia Federal prende em flagrante negociador de diamantes
PF apreende droga dentro de adega para vinhos	411	0	0	PF apreende droga dentro de adega para vinhos
410	411	-1	1	PF apreende droga dentro de adega para vinhos
FICCO - UBERABA, GFRON, PMMT e COD - PM GO apreendem mais de 26 kg de pasta base de cocaína	412	0	0	FICCO - UBERABA , GFRON , PMMT e COD - PM GO apreendem mais de 26 kg de pasta base de cocaína
411	412	-1	1	FICCO - UBERABA , GFRON , PMMT e COD - PM GO apreendem mais de 26 kg de pasta base de cocaína
A Polícia Federal apreendeu 250 quilos de cocaína em Ponta Porã MS	413	0	0	A Polícia Federal apreendeu 250 quilos de cocaína em Ponta Porã MS
412	413	-1	1	A Polícia Federal apreendeu 250 quilos de cocaína em Ponta Porã MS
PF prende foragido por tráfico internacional de drogas	414	0	0	PF prende foragido por tráfico internacional de drogas
413	414	-1	1	PF prende foragido por tráfico internacional de drogas
PF apreende cocaína dentro de edredons	415	0	0	PF apreende cocaína dentro de edredons
414	415	-1	1	PF apreende cocaína dentro de edredons
Polícia Federal apreende mais de 3, 5kg de cocaína em dois aeroportos do Amazonas	416	0	0	Polícia Federal apreende mais de 3 , 5 kg de cocaína em dois aeroportos do Amazonas
415	416	-1	1	Polícia Federal apreende mais de 3 , 5 kg de cocaína em dois aeroportos do Amazonas
PF apreende carretas com 60 m de madeira em porto de Manaus	417	0	0	PF apreende carretas com 60 m de madeira em porto de Manaus
416	417	-1	1	PF apreende carretas com 60 m de madeira em porto de Manaus
Polícia Federal esclarece sobre prazos migratórios	418	0	0	Polícia Federal esclarece sobre prazos migratórios
417	418	-1	1	Polícia Federal esclarece sobre prazos migratórios
PF deflagrou a Operação Expresso 155 de combate tráfico de drogas interestadual	419	0	0	PF deflagrou a Operação Expresso 155 de combate tráfico de drogas interestadual
418	419	-1	1	PF deflagrou a Operação Expresso 155 de combate tráfico de drogas interestadual
PF deflagra segunda fase da Operação Aversa contra o tráfico de drogas em Campo Grande MS	420	0	0	PF deflagra segunda fase da Operação Aversa contra o tráfico de drogas em Campo Grande MS
419	420	-1	1	PF deflagra segunda fase da Operação Aversa contra o tráfico de drogas em Campo Grande MS
Polícia Federal apreende mais de R 250 mil em moeda falsa	421	0	0	Polícia Federal apreende mais de R 250 mil em moeda falsa
420	421	-1	1	Polícia Federal apreende mais de R 250 mil em moeda falsa
Polícia Federal combate contrabando em Campinas	422	0	0	Polícia Federal combate contrabando em Campinas
421	422	-1	1	Polícia Federal combate contrabando em Campinas
Polícia Federal deflagra Operação	423	0	0	Polícia Federal deflagra Operação Quarta Parcela no combate a fraudes contra benefícios emergenciais
Quarta	423	1	0	Polícia Federal deflagra Operação Quarta Parcela no combate a fraudes contra benefícios emergenciais
Parcela no combate a fraudes contra benefícios emergenciais	423	2	0	Polícia Federal deflagra Operação Quarta Parcela no combate a fraudes contra benefícios emergenciais
422	423	-1	1	Polícia Federal deflagra Operação Quarta Parcela no combate a fraudes contra benefícios emergenciais
Polícia Federal desarticula facção criminosa estabelecida na região da Serra Gaúcha	424	0	0	Polícia Federal desarticula facção criminosa estabelecida na região da Serra Gaúcha
423	424	-1	1	Polícia Federal desarticula facção criminosa estabelecida na região da Serra Gaúcha
Polícia Federal cumpre mais um mandado de prisão preventiva referente à Operação Enterprise	425	0	0	Polícia Federal cumpre mais um mandado de prisão preventiva referente à Operação Enterprise
424	425	-1	1	Polícia Federal cumpre mais um mandado de prisão preventiva referente à Operação Enterprise
Operação Estoque	426	0	0	Operação Estoque Zero investiga irregularidades na utilização recursos destinados ao combate da pandemia de Covid - 19
Zero	426	1	0	Operação Estoque Zero investiga irregularidades na utilização recursos destinados ao combate da pandemia de Covid - 19
investiga irregularidades na utilização recursos destinados ao combate da pandemia de Covid -	426	2	0	Operação Estoque Zero investiga irregularidades na utilização recursos destinados ao combate da pandemia de Covid - 19
19	426	3	0	Operação Estoque Zero investiga irregularidades na utilização recursos destinados ao combate da pandemia de Covid - 19
425	426	-1	1	Operação Estoque Zero investiga irregularidades na utilização recursos destinados ao combate da pandemia de Covid - 19
PF investiga grupo criminoso que cobrava para influir em órgãos públicos no DF	427	0	0	PF investiga grupo criminoso que cobrava para influir em órgãos públicos no DF
426	427	-1	1	PF investiga grupo criminoso que cobrava para influir em órgãos públicos no DF
Polícia Federal deflagra Operação	428	0	0	Polícia Federal deflagra Operação Ossobuco para investigar fraudes em contratos firmados entre empresas e hospitais federais sediados no Rio de Janeiro
Ossobuco	428	1	0	Polícia Federal deflagra Operação Ossobuco para investigar fraudes em contratos firmados entre empresas e hospitais federais sediados no Rio de Janeiro
para investigar fraudes em contratos firmados entre empresas e hospitais federais sediados no Rio de Janeiro	428	2	0	Polícia Federal deflagra Operação Ossobuco para investigar fraudes em contratos firmados entre empresas e hospitais federais sediados no Rio de Janeiro
427	428	-1	1	Polícia Federal deflagra Operação Ossobuco para investigar fraudes em contratos firmados entre empresas e hospitais federais sediados no Rio de Janeiro
Operação Escambo investiga envolvido em tráfico de drogas e receptação de motocicletas roubadas em Rondônia	429	0	0	Operação Escambo investiga envolvido em tráfico de drogas e receptação de motocicletas roubadas em Rondônia
428	429	-1	1	Operação Escambo investiga envolvido em tráfico de drogas e receptação de motocicletas roubadas em Rondônia
PF deflagra Operação Olho da Providência para combater desmatamento e invasões de terras públicas no Acre	430	0	0	PF deflagra Operação Olho da Providência para combater desmatamento e invasões de terras públicas no Acre
429	430	-1	1	PF deflagra Operação Olho da Providência para combater desmatamento e invasões de terras públicas no Acre
Polícia Federal enfrenta núcleo de facção criminosa no Amapá	431	0	0	Polícia Federal enfrenta núcleo de facção criminosa no Amapá
430	431	-1	1	Polícia Federal enfrenta núcleo de facção criminosa no Amapá
PF apreende caminhão com mais de 7 toneladas de maconha em Ponta Porã MS	432	0	0	PF apreende caminhão com mais de 7 toneladas de maconha em Ponta Porã MS
431	432	-1	1	PF apreende caminhão com mais de 7 toneladas de maconha em Ponta Porã MS
PF apreende mais de 2 kg de droga em voo para a frica do Sul	433	0	0	PF apreende mais de 2 kg de droga em voo para a frica do Sul
432	433	-1	1	PF apreende mais de 2 kg de droga em voo para a frica do Sul
PF recupera objeto furtado da UFRN e apreende dinheiro falso em Natal	434	0	0	PF recupera objeto furtado da UFRN e apreende dinheiro falso em Natal
433	434	-1	1	PF recupera objeto furtado da UFRN e apreende dinheiro falso em Natal
Operação Cara Grande desativa casas de câmbio que atuavam clandestinamente	435	0	0	Operação Cara Grande desativa casas de câmbio que atuavam clandestinamente
434	435	-1	1	Operação Cara Grande desativa casas de câmbio que atuavam clandestinamente
Polícia Federal apreende 3 kg de skunk no Aeroporto Internacional dos Guararapes, em Pernambuco	436	0	0	Polícia Federal apreende 3 kg de skunk no Aeroporto Internacional dos Guararapes , em Pernambuco
435	436	-1	1	Polícia Federal apreende 3 kg de skunk no Aeroporto Internacional dos Guararapes , em Pernambuco
PF combate a prática ilegal de retenção de cartão de benefícios sociais e previdenciários de indígenas	437	0	0	PF combate a prática ilegal de retenção de cartão de benefícios sociais e previdenciários de indígenas
436	437	-1	1	PF combate a prática ilegal de retenção de cartão de benefícios sociais e previdenciários de indígenas
Polícia Federal combate prática de jogos de azar, lavagem de dinheiro e evasão de divisas	438	0	0	Polícia Federal combate prática de jogos de azar , lavagem de dinheiro e evasão de divisas
437	438	-1	1	Polícia Federal combate prática de jogos de azar , lavagem de dinheiro e evasão de divisas
Polícia Federal realiza apoio ao IBAMA em operação contra exploração de madeira em área protegida em Ponta Porã MS	439	0	0	Polícia Federal realiza apoio ao IBAMA em operação contra exploração de madeira em área protegida em Ponta Porã MS
438	439	-1	1	Polícia Federal realiza apoio ao IBAMA em operação contra exploração de madeira em área protegida em Ponta Porã MS
PF desarticula esquema criminoso de venda de moedas falsas no Pará	440	0	0	PF desarticula esquema criminoso de venda de moedas falsas no Pará
439	440	-1	1	PF desarticula esquema criminoso de venda de moedas falsas no Pará
Polícia Federal investiga suspeito de compartilhar pela internet	441	0	0	Polícia Federal investiga suspeito de compartilhar pela internet imagens contendo abuso de criança
imagens contendo abuso de criança	441	1	0	Polícia Federal investiga suspeito de compartilhar pela internet imagens contendo abuso de criança
440	441	-1	1	Polícia Federal investiga suspeito de compartilhar pela internet imagens contendo abuso de criança
Polícia Federal deflagra Operação Shalom para investigar crimes de racismo veiculados na internet	442	0	0	Polícia Federal deflagra Operação Shalom para investigar crimes de racismo veiculados na internet
441	442	-1	1	Polícia Federal deflagra Operação Shalom para investigar crimes de racismo veiculados na internet
Polícia Federal deflagra a Operação Nocivum contra fraudes a benefícios previdenciários na Bahia	443	0	0	Polícia Federal deflagra a Operação Nocivum contra fraudes a benefícios previdenciários na Bahia
442	443	-1	1	Polícia Federal deflagra a Operação Nocivum contra fraudes a benefícios previdenciários na Bahia
PF, com apoio da Receita Federal, do Ibama e da Marinha, realiza fiscalização em porto de Belém PA	444	0	0	PF , com apoio da Receita Federal , do Ibama e da Marinha , realiza fiscalização em porto de Belém PA
443	444	-1	1	PF , com apoio da Receita Federal , do Ibama e da Marinha , realiza fiscalização em porto de Belém PA
Polícia Federal prende foragido da Operação Enterprise	445	0	0	Polícia Federal prende foragido da Operação Enterprise
444	445	-1	1	Polícia Federal prende foragido da Operação Enterprise
PF deflagra Operação Expurgo	446	0	0	PF deflagra Operação Expurgo 2
2	446	1	0	PF deflagra Operação Expurgo 2
445	446	-1	1	PF deflagra Operação Expurgo 2
Polícia Federal deflagra operação Kindergarten para combater desvios de recursos públicos da educação no oeste baiano	447	0	0	Polícia Federal deflagra operação Kindergarten para combater desvios de recursos públicos da educação no oeste baiano
446	447	-1	1	Polícia Federal deflagra operação Kindergarten para combater desvios de recursos públicos da educação no oeste baiano
PF deflagra Operação Onda	448	0	0	PF deflagra Operação Onda Certa no Rio de Janeiro
Certa no Rio de Janeiro	448	1	0	PF deflagra Operação Onda Certa no Rio de Janeiro
447	448	-1	1	PF deflagra Operação Onda Certa no Rio de Janeiro
PF deflagra a Operação Integração II investiga membros de organização criminosa que atuam no tráfico de entorpecentes	449	0	0	PF deflagra a Operação Integração II investiga membros de organização criminosa que atuam no tráfico de entorpecentes
448	449	-1	1	PF deflagra a Operação Integração II investiga membros de organização criminosa que atuam no tráfico de entorpecentes
PF deflagra Operação	450	0	0	PF deflagra Operação Pente Fino no Rio de Janeiro
Pente	450	1	0	PF deflagra Operação Pente Fino no Rio de Janeiro
Fino	450	2	0	PF deflagra Operação Pente Fino no Rio de Janeiro
no Rio de Janeiro	450	3	0	PF deflagra Operação Pente Fino no Rio de Janeiro
449	450	-1	1	PF deflagra Operação Pente Fino no Rio de Janeiro
Laboratório clandestino de drogas sintéticas é descoberto e desativado pela polícia	451	0	0	Laboratório clandestino de drogas sintéticas é descoberto e desativado pela polícia
450	451	-1	1	Laboratório clandestino de drogas sintéticas é descoberto e desativado pela polícia
Polícia Federal, em ação conjunta com o Exército, desocupam garimpo em Mato Grosso	452	0	0	Polícia Federal , em ação conjunta com o Exército , desocupam garimpo em Mato Grosso
451	452	-1	1	Polícia Federal , em ação conjunta com o Exército , desocupam garimpo em Mato Grosso
Polícia Federal apreende mais de 36 quilos de droga no Aeroporto de Rio Branco	453	0	0	Polícia Federal apreende mais de 36 quilos de droga no Aeroporto de Rio Branco
452	453	-1	1	Polícia Federal apreende mais de 36 quilos de droga no Aeroporto de Rio Branco
PF incinera aproximadamente 4 toneladas de drogas	454	0	0	PF incinera aproximadamente 4 toneladas de drogas
453	454	-1	1	PF incinera aproximadamente 4 toneladas de drogas
PF apreende caminhão e embarcação carregados com cigarros contrabandeados	455	0	0	PF apreende caminhão e embarcação carregados com cigarros contrabandeados
454	455	-1	1	PF apreende caminhão e embarcação carregados com cigarros contrabandeados
Polícia Federal cumpre mandados em investigação sobre comercialização ilegal de anabolizantes	456	0	0	Polícia Federal cumpre mandados em investigação sobre comercialização ilegal de anabolizantes
455	456	-1	1	Polícia Federal cumpre mandados em investigação sobre comercialização ilegal de anabolizantes
PF deflagra Operação Sagres no Rio de Janeiro	457	0	0	PF deflagra Operação Sagres no Rio de Janeiro
456	457	-1	1	PF deflagra Operação Sagres no Rio de Janeiro
Polícia Federal fecha laboratório de falsificação de cédulas no Ceará	458	0	0	Polícia Federal fecha laboratório de falsificação de cédulas no Ceará
457	458	-1	1	Polícia Federal fecha laboratório de falsificação de cédulas no Ceará
PF deflagra a terceira fase da Operação Pedágio	459	0	0	PF deflagra a terceira fase da Operação Pedágio
458	459	-1	1	PF deflagra a terceira fase da Operação Pedágio
Polícia Federal deflagra operação de combate a fraudes no Auxílio Emergencial na Bahia	460	0	0	Polícia Federal deflagra operação de combate a fraudes no Auxílio Emergencial na Bahia
459	460	-1	1	Polícia Federal deflagra operação de combate a fraudes no Auxílio Emergencial na Bahia
Polícia Federal deflagra operação contra furtos praticados por organização criminosa em aeroporto de Minas Gerais	461	0	0	Polícia Federal deflagra operação contra furtos praticados por organização criminosa em aeroporto de Minas Gerais
460	461	-1	1	Polícia Federal deflagra operação contra furtos praticados por organização criminosa em aeroporto de Minas Gerais
PF e BPFRON apreendem um veículo carregado com insumos para suplemento	462	0	0	PF e BPFRON apreendem um veículo carregado com insumos para suplemento
461	462	-1	1	PF e BPFRON apreendem um veículo carregado com insumos para suplemento
Polícia Federal conclui Operação Fusarium I de erradicação de maconha	463	0	0	Polícia Federal conclui Operação Fusarium I de erradicação de maconha
462	463	-1	1	Polícia Federal conclui Operação Fusarium I de erradicação de maconha
PF prende mulher que transportava pedras preciosas ocultadas em seu corpo	464	0	0	PF prende mulher que transportava pedras preciosas ocultadas em seu corpo
463	464	-1	1	PF prende mulher que transportava pedras preciosas ocultadas em seu corpo
PF e Receita apreendem 15 kg de cocaína transportadas por estrangeiros no Aeroporto Internacional de São Paulo	465	0	0	PF e Receita apreendem 15 kg de cocaína transportadas por estrangeiros no Aeroporto Internacional de São Paulo
464	465	-1	1	PF e Receita apreendem 15 kg de cocaína transportadas por estrangeiros no Aeroporto Internacional de São Paulo
Polícia Federal deflagra nova etapa da Operação Egypto, denominada	466	0	0	Polícia Federal deflagra nova etapa da Operação Egypto , denominada Fractais
Fractais	466	1	0	Polícia Federal deflagra nova etapa da Operação Egypto , denominada Fractais
465	466	-1	1	Polícia Federal deflagra nova etapa da Operação Egypto , denominada Fractais
Polícia Federal deflagra Operação	467	0	0	Polícia Federal deflagra Operação Destilados contra o descaminho de bebidas na fronteira com o Uruguai
Destilados contra o descaminho de bebidas na fronteira com o Uruguai	467	1	0	Polícia Federal deflagra Operação Destilados contra o descaminho de bebidas na fronteira com o Uruguai
466	467	-1	1	Polícia Federal deflagra Operação Destilados contra o descaminho de bebidas na fronteira com o Uruguai
PF e Exército Brasileiro apreendem embarcação carregada com cigarros paraguaios	468	0	0	PF e Exército Brasileiro apreendem embarcação carregada com cigarros paraguaios
467	468	-1	1	PF e Exército Brasileiro apreendem embarcação carregada com cigarros paraguaios
Polícia Federal cumpre mandado de prisão expedido pelo STF	469	0	0	Polícia Federal cumpre mandado de prisão expedido pelo STF
468	469	-1	1	Polícia Federal cumpre mandado de prisão expedido pelo STF
PF aprende milhares de cédulas falsas em São José do Rio Preto SP	470	0	0	PF aprende milhares de cédulas falsas em São José do Rio Preto SP
469	470	-1	1	PF aprende milhares de cédulas falsas em São José do Rio Preto SP
PF detém mulher transportando 40 mil dólares escondidos junto ao corpo	471	0	0	PF detém mulher transportando 40 mil dólares escondidos junto ao corpo
470	471	-1	1	PF detém mulher transportando 40 mil dólares escondidos junto ao corpo
Polícia Federal deflagra Operação Investor para combater exploração ilegal de diamantes em terras indígenas em Rondônia	472	0	0	Polícia Federal deflagra Operação Investor para combater exploração ilegal de diamantes em terras indígenas em Rondônia
471	472	-1	1	Polícia Federal deflagra Operação Investor para combater exploração ilegal de diamantes em terras indígenas em Rondônia
Polícia Federal deflagra Operação	473	0	0	Polícia Federal deflagra Operação Esquema Novo para combater desvios de recursos públicos da Prefeitura Municipal de Rio Branco MT
Esquema Novo	473	1	0	Polícia Federal deflagra Operação Esquema Novo para combater desvios de recursos públicos da Prefeitura Municipal de Rio Branco MT
para combater desvios de recursos públicos da Prefeitura Municipal de Rio Branco	473	2	0	Polícia Federal deflagra Operação Esquema Novo para combater desvios de recursos públicos da Prefeitura Municipal de Rio Branco MT
MT	473	3	0	Polícia Federal deflagra Operação Esquema Novo para combater desvios de recursos públicos da Prefeitura Municipal de Rio Branco MT
472	473	-1	1	Polícia Federal deflagra Operação Esquema Novo para combater desvios de recursos públicos da Prefeitura Municipal de Rio Branco MT
PF combate desmatamento ilegal em reserva florestal no Acre.	474	0	0	PF combate desmatamento ilegal em reserva florestal no Acre .
473	474	-1	1	PF combate desmatamento ilegal em reserva florestal no Acre .
PF combate crime de moeda falsa em Vilhena RO	475	0	0	PF combate crime de moeda falsa em Vilhena RO
474	475	-1	1	PF combate crime de moeda falsa em Vilhena RO
PF deflagra operação para combater o tráfico de drogas sintéticas em Mato Grosso	476	0	0	PF deflagra operação para combater o tráfico de drogas sintéticas em Mato Grosso
475	476	-1	1	PF deflagra operação para combater o tráfico de drogas sintéticas em Mato Grosso
Polícia Federal e Instituto Médico Legal em Alagoas realizam trabalho conjunto de identificação de cadáveres enterrados sem reconhecimento	477	0	0	Polícia Federal e Instituto Médico Legal em Alagoas realizam trabalho conjunto de identificação de cadáveres enterrados sem reconhecimento
476	477	-1	1	Polícia Federal e Instituto Médico Legal em Alagoas realizam trabalho conjunto de identificação de cadáveres enterrados sem reconhecimento
PF deflagra Operação	478	0	0	PF deflagra Operação Olhos Abertos de combate à disseminação de pornografia infantil pela internet
Olhos Abertos de combate à disseminação de pornografia infantil pela internet	478	1	0	PF deflagra Operação Olhos Abertos de combate à disseminação de pornografia infantil pela internet
477	478	-1	1	PF deflagra Operação Olhos Abertos de combate à disseminação de pornografia infantil pela internet
PF deflagra operação para combater crimes de moeda falsa em Passo Fundo e Erechim	479	0	0	PF deflagra operação para combater crimes de moeda falsa em Passo Fundo e Erechim
478	479	-1	1	PF deflagra operação para combater crimes de moeda falsa em Passo Fundo e Erechim
PF e autoridades francesas combatem comércio ilegal de caça na fronteira do Amapá	480	0	0	PF e autoridades francesas combatem comércio ilegal de caça na fronteira do Amapá
479	480	-1	1	PF e autoridades francesas combatem comércio ilegal de caça na fronteira do Amapá
PF apreende 250 kg de cocaína no Mato Grosso	481	0	0	PF apreende 250 kg de cocaína no Mato Grosso
480	481	-1	1	PF apreende 250 kg de cocaína no Mato Grosso
PF investiga homem que tem se passado por policial federal fazendo uso indevido de símbolos da corporação	482	0	0	PF investiga homem que tem se passado por policial federal fazendo uso indevido de símbolos da corporação
481	482	-1	1	PF investiga homem que tem se passado por policial federal fazendo uso indevido de símbolos da corporação
PF apreende droga enviada pelos Correios em Petrolina PE	483	0	0	PF apreende droga enviada pelos Correios em Petrolina PE
482	483	-1	1	PF apreende droga enviada pelos Correios em Petrolina PE
PF investiga autores de roubos a diversas agências dos Correios ocorridos no ano de 2020	484	0	0	PF investiga autores de roubos a diversas agências dos Correios ocorridos no ano de 2020
483	484	-1	1	PF investiga autores de roubos a diversas agências dos Correios ocorridos no ano de 2020
Polícia Federal apreende 2, 6 kg de skunk na fronteira com o Uruguai	485	0	0	Polícia Federal apreende 2 , 6 kg de skunk na fronteira com o Uruguai
484	485	-1	1	Polícia Federal apreende 2 , 6 kg de skunk na fronteira com o Uruguai
PF, em ação conjunta, apreende veículo carregado com cigarros e agrotóxicos em Itaipulândia PR	486	0	0	PF , em ação conjunta , apreende veículo carregado com cigarros e agrotóxicos em Itaipulândia PR
485	486	-1	1	PF , em ação conjunta , apreende veículo carregado com cigarros e agrotóxicos em Itaipulândia PR
Polícia Federal deflagra operação contra tráfico de drogas em Mato Grosso e em São Paulo	487	0	0	Polícia Federal deflagra operação contra tráfico de drogas em Mato Grosso e em São Paulo
486	487	-1	1	Polícia Federal deflagra operação contra tráfico de drogas em Mato Grosso e em São Paulo
PF, em ação conjunta, apreende armas e munições em Santa Cruz do Capibaribe PE	488	0	0	PF , em ação conjunta , apreende armas e munições em Santa Cruz do Capibaribe PE
487	488	-1	1	PF , em ação conjunta , apreende armas e munições em Santa Cruz do Capibaribe PE
Polícia Federal prende acusado de homicídio e de integrar facção criminosa no RN	489	0	0	Polícia Federal prende acusado de homicídio e de integrar facção criminosa no RN
488	489	-1	1	Polícia Federal prende acusado de homicídio e de integrar facção criminosa no RN
Polícia Federal extradita estrangeiro procurado pela Interpol por crimes investigados no México	490	0	0	Polícia Federal extradita estrangeiro procurado pela Interpol por crimes investigados no México
489	490	-1	1	Polícia Federal extradita estrangeiro procurado pela Interpol por crimes investigados no México
Polícia Federal faz operação no Porto do Açu, em Campos dos Goytacazes RJ	491	0	0	Polícia Federal faz operação no Porto do Açu , em Campos dos Goytacazes RJ
490	491	-1	1	Polícia Federal faz operação no Porto do Açu , em Campos dos Goytacazes RJ
Polícia Federal deflagra Operação que visa investigar atos de corrupção em órgãos de proteção ambiental no Amapá	492	0	0	Polícia Federal deflagra Operação que visa investigar atos de corrupção em órgãos de proteção ambiental no Amapá
491	492	-1	1	Polícia Federal deflagra Operação que visa investigar atos de corrupção em órgãos de proteção ambiental no Amapá
Polícia Federal investiga fraudes na compra de Equipamentos de Proteção Individual - EPIs no Acre	493	0	0	Polícia Federal investiga fraudes na compra de Equipamentos de Proteção Individual - EPIs no Acre
492	493	-1	1	Polícia Federal investiga fraudes na compra de Equipamentos de Proteção Individual - EPIs no Acre
PF investiga organização criminosa que praticava crimes com o objetivo de liberar presos condenados pela Justiça	494	0	0	PF investiga organização criminosa que praticava crimes com o objetivo de liberar presos condenados pela Justiça
493	494	-1	1	PF investiga organização criminosa que praticava crimes com o objetivo de liberar presos condenados pela Justiça
Polícia Federal combate disseminação de pornografia infantil na rede mundial de computadores	495	0	0	Polícia Federal combate disseminação de pornografia infantil na rede mundial de computadores
494	495	-1	1	Polícia Federal combate disseminação de pornografia infantil na rede mundial de computadores
Polícia Federal localiza menor raptada em Valparaíso de Goiás	496	0	0	Polícia Federal localiza menor raptada em Valparaíso de Goiás
495	496	-1	1	Polícia Federal localiza menor raptada em Valparaíso de Goiás
Polícia Federal, Receita Federal e IBAMA fiscalizam contêineres no Porto de Paranaguá	497	0	0	Polícia Federal , Receita Federal e IBAMA fiscalizam contêineres no Porto de Paranaguá
496	497	-1	1	Polícia Federal , Receita Federal e IBAMA fiscalizam contêineres no Porto de Paranaguá
PF fecha rádio clandestina em Cordovil	498	0	0	PF fecha rádio clandestina em Cordovil
497	498	-1	1	PF fecha rádio clandestina em Cordovil
PF investiga possível prática de crimes ambientais relacionados ao garimpo ilegal em Rondônia	499	0	0	PF investiga possível prática de crimes ambientais relacionados ao garimpo ilegal em Rondônia
498	499	-1	1	PF investiga possível prática de crimes ambientais relacionados ao garimpo ilegal em Rondônia
PF, em ação integrada, apreende um veículo carregado com aproximadamente 5 mil maços de cigarros contrabandeados	500	0	0	PF , em ação integrada , apreende um veículo carregado com aproximadamente 5 mil maços de cigarros contrabandeados
499	500	-1	1	PF , em ação integrada , apreende um veículo carregado com aproximadamente 5 mil maços de cigarros contrabandeados
