id;pos_documento
1;[[['Brasil', 'inicia', 'construção', 'do', '5', 'Plano', 'de', 'Ação', 'Nacional', 'de', 'Governo', 'Aberto'], ['PROPN', 'VERB', 'NOUN', 'ADP', 'PROPN', 'PROPN', 'ADP', 'PROPN', 'PROPN', 'ADP', 'PROPN', 'PROPN'], ['inicia'], ['Brasil', 'iniciar', 'construção', 'de o', '5', 'Plano', 'de', 'Ação', 'Nacional', 'de', 'Governo', 'Aberto']]]
2;[[['CGU', 'apoia', 'evento', 'para', 'criação', 'de', 'laboratórios', 'de', 'inovação', 'no', 'setor', 'público'], ['PROPN', 'VERB', 'NOUN', 'ADP', 'NOUN', 'ADP', 'NOUN', 'ADP', 'NOUN', 'ADP', 'NOUN', 'ADJ'], ['apoia'], ['CGU', 'apoiar', 'evento', 'para', 'criação', 'de', 'laboratório', 'de', 'inovação', 'em o', 'setor', 'público']]]
3;[[['Covid', '-', '19', 'CGU', 'e', 'PF', 'apuram', 'irregularidades', 'na', 'Secretaria', 'de', 'Saúde', 'do', 'Piauí'], ['PROPN', 'PUNCT', 'NUM', 'PROPN', 'CCONJ', 'PROPN', 'VERB', 'NOUN', 'ADP', 'PROPN', 'ADP', 'PROPN', 'ADP', 'PROPN'], ['apuram'], ['Covid', '-', '19', 'CGU', 'e', 'PF', 'apurar', 'irregularidade', 'em o', 'Secretaria', 'de', 'Saúde', 'de o', 'Piauí']]]
4;[[['Covid', '-', '19', 'CGU', 'e', 'PF', 'aprofundam', 'investigações', 'de', 'fraudes', 'no', 'Piauí'], ['PROPN', 'PUNCT', 'NUM', 'PROPN', 'CCONJ', 'PROPN', 'VERB', 'NOUN', 'ADP', 'NOUN', 'ADP', 'PROPN'], ['aprofundam'], ['Covid', '-', '19', 'CGU', 'e', 'PF', 'aprofundar', 'investigação', 'de', 'fraude', 'em o', 'Piauí']]]
5;[[['CGU', 'convida', 'cidadãos', 'a', 'participarem', 'do', 'seu', 'Conselho', 'de', 'Serviços', 'Públicos'], ['PROPN', 'VERB', 'NOUN', 'SCONJ', 'VERB', 'ADP', 'DET', 'PROPN', 'ADP', 'PROPN', 'PROPN'], ['convida', 'participarem'], ['CGU', 'convidar', 'cidadão', 'a', 'participar', 'de o', 'seu', 'Conselho', 'de', 'Serviços', 'Públicos']]]
6;[[['Definido', 'cronograma', 'de', 'trabalho', 'do', 'GT', 'que', 'revisará', 'códigos', 'de', 'ética', 'do', 'governo', 'federal'], ['VERB', 'NOUN', 'ADP', 'NOUN', 'ADP', 'PROPN', 'PRON', 'VERB', 'NOUN', 'ADP', 'NOUN', 'ADP', 'NOUN', 'ADJ'], ['Definido', 'revisará'], ['definido', 'cronograma', 'de', 'trabalho', 'de o', 'GT', 'que', 'revisar', 'código', 'de', 'ética', 'de o', 'governo', 'federal']]]
7;[[['Artigo', 'da', 'Revista', 'da', 'CGU', 'integra', 'Portal', 'da', 'OMS', 'de', 'literatura', 'sobre', 'Covid', '-', '19'], ['NOUN', 'ADP', 'NOUN', 'ADP', 'PROPN', 'VERB', 'NOUN', 'ADP', 'PROPN', 'ADP', 'NOUN', 'ADP', 'PROPN', 'PUNCT', 'NUM'], ['integra'], ['artigo', 'de o', 'Revista', 'de o', 'CGU', 'integrar', 'Portal', 'de o', 'OMS', 'de', 'literatura', 'sobre', 'Covid', '-', '19']]]
8;[[['CGU', 'seleciona', 'servidores', 'federais', 'para', 'sua', 'equipe', 'de', 'Tecnologia', 'da', 'Informação'], ['PROPN', 'VERB', 'NOUN', 'ADJ', 'ADP', 'DET', 'NOUN', 'ADP', 'PROPN', 'ADP', 'PROPN'], ['seleciona'], ['CGU', 'selecionar', 'servidor', 'federal', 'para', 'seu', 'equipe', 'de', 'Tecnologia', 'de o', 'Informação']]]
9;[[['CGU', 'no', 'Maranhão', 'realiza', 'oficina', 'sobre', 'os', '100', 'Primeiros', 'Dias', 'da', 'Gestão', 'Municipal'], ['PROPN', 'ADP', 'PROPN', 'VERB', 'NOUN', 'ADP', 'DET', 'NUM', 'PROPN', 'PROPN', 'ADP', 'PROPN', 'ADJ'], ['realiza'], ['CGU', 'em o', 'Maranhão', 'realizar', 'oficina', 'sobre', 'o', '100', 'Primeiros', 'Dias', 'de o', 'Gestão', 'Municipal']]]
10;[[['Instabilidade', 'de', 'acesso', 'ao', 'Portal', 'da', 'Transparência', 'do', 'Governo', 'Federal'], ['PROPN', 'ADP', 'NOUN', 'ADP', 'PROPN', 'ADP', 'PROPN', 'ADP', 'PROPN', 'PROPN'], [], ['Instabilidade', 'de', 'acesso', 'a o', 'Portal', 'de o', 'Transparência', 'de o', 'Governo', 'Federal']]]
11;[[['Atualização', 'das', 'Despesas', 'Públicas', 'no', 'Portal', 'da', 'Transparência'], ['NOUN', 'ADP', 'PROPN', 'PROPN', 'ADP', 'PROPN', 'ADP', 'PROPN'], [], ['atualização', 'de o', 'Despesas', 'Públicas', 'em o', 'Portal', 'de o', 'Transparência']]]
12;[[['CGU', 'publica', 'Relatório', 'de', 'Gestão', 'Fiscal', 'do', 'terceiro', 'quadrimestre', 'de', '2020'], ['PROPN', 'VERB', 'NOUN', 'ADP', 'PROPN', 'PROPN', 'ADP', 'ADJ', 'NOUN', 'ADP', 'NUM'], ['publica'], ['CGU', 'publicar', 'Relatório', 'de', 'Gestão', 'Fiscal', 'de o', 'terceiro', 'quadrimestre', 'de', '2020']]]
13;[[['GT', '-', 'tica', 'inclui', 'entrevistas', 'com', 'especialistas', 'no', 'processo', 'de', 'reformulação', 'das', 'normas', 'federais'], ['PROPN', 'PUNCT', 'NOUN', 'VERB', 'NOUN', 'ADP', 'NOUN', 'ADP', 'NOUN', 'ADP', 'NOUN', 'ADP', 'NOUN', 'ADJ'], ['inclui'], ['GT', '-', 'tica', 'incluir', 'entrevista', 'com', 'especialista', 'em o', 'processo', 'de', 'reformulação', 'de o', 'norma', 'federal']]]
14;[[['Força', '-', 'tarefa', 'combate', 'fraudes', 'no', 'fornecimento', 'de', 'material', 'didático', 'na', 'Paraíba'], ['PROPN', 'PUNCT', 'NOUN', 'VERB', 'NOUN', 'ADP', 'NOUN', 'ADP', 'NOUN', 'ADJ', 'ADP', 'PROPN'], ['combate'], ['Força', '-', 'tarefa', 'combater', 'fraude', 'em o', 'fornecimento', 'de', 'material', 'didático', 'em o', 'Paraíba']]]
15;[[['Covid', '-', '19', 'CGU', 'e', 'PF', 'combatem', 'desvios', 'de', 'recursos', 'no', 'Rio', 'de', 'Janeiro'], ['PROPN', 'PUNCT', 'NUM', 'PROPN', 'CCONJ', 'PROPN', 'VERB', 'NOUN', 'ADP', 'NOUN', 'ADP', 'PROPN', 'ADP', 'PROPN'], ['combatem'], ['Covid', '-', '19', 'CGU', 'e', 'PF', 'combater', 'desvio', 'de', 'recurso', 'em o', 'Rio', 'de', 'Janeiro']]]
16;[[['Investigação', 'no', 'Fundo', 'de', 'Financiamento', 'do', 'Ensino', 'Superior', 'FIES'], ['PROPN', 'ADP', 'PROPN', 'ADP', 'PROPN', 'ADP', 'PROPN', 'PROPN', 'PROPN'], [], ['Investigação', 'em o', 'Fundo', 'de', 'Financiamento', 'de o', 'Ensino', 'Superior', 'FIES']]]
17;[[['Está', 'aberta', 'consulta', 'para', 'priorização', 'de', 'temas', 'do', '5', 'Plano', 'de', 'Ação', 'Nacional', 'de', 'Governo', 'Aberto'], ['AUX', 'ADJ', 'NOUN', 'ADP', 'NOUN', 'ADP', 'NOUN', 'ADP', 'PROPN', 'PROPN', 'ADP', 'PROPN', 'PROPN', 'ADP', 'PROPN', 'PROPN'], ['Está aberta'], ['estar', 'aberto', 'consulta', 'para', 'priorização', 'de', 'tema', 'de o', '5', 'Plano', 'de', 'Ação', 'Nacional', 'de', 'Governo', 'Aberto']]]
18;[[['LENI', 'NCIA'], ['PROPN', 'PUNCT'], [], ['LENI', 'NCIA']], [['CGU', ',', 'AGU', 'e', 'MPF', 'celebram', 'acordo', 'com', 'a', 'Samsung', 'Heavy', 'Industries'], ['PROPN', 'PUNCT', 'PROPN', 'CCONJ', 'PROPN', 'VERB', 'NOUN', 'ADP', 'DET', 'PROPN', 'PROPN', 'PROPN'], ['celebram'], ['CGU', ',', 'AGU', 'e', 'MPF', 'celebrar', 'acordo', 'com', 'o', 'Samsung', 'Heavy', 'Industries']]]
19;[[['CGU', 'realiza', 'encontro', 'virtual', 'sobre', 'enfrentamento', 'à', 'COVID', '-', '19', 'e', 'participação', 'social'], ['PROPN', 'VERB', 'NOUN', 'ADJ', 'ADP', 'NOUN', 'ADP', 'PROPN', 'PUNCT', 'NUM', 'CCONJ', 'NOUN', 'ADJ'], ['realiza'], ['CGU', 'realizar', 'encontro', 'virtual', 'sobre', 'enfrentamento', 'a o', 'COVID', '-', '19', 'e', 'participação', 'social']]]
20;[[['CGU', 'e', 'PF', 'combatem', 'superfaturamento', 'na', 'saúde', 'em', 'Araguaína', 'TO'], ['PROPN', 'CCONJ', 'PROPN', 'VERB', 'NOUN', 'ADP', 'NOUN', 'ADP', 'PROPN', 'PROPN'], ['combatem'], ['CGU', 'e', 'PF', 'combater', 'superfaturamento', 'em o', 'saúde', 'em', 'Araguaína', 'TO']]]
21;[[['Estudo', 'comparado', 'de', 'códigos', 'de', 'ética', 'nacionais', 'e', 'internacionais', 'balizam', 'revisão', 'de', 'normas', 'federais'], ['NOUN', 'VERB', 'ADP', 'NOUN', 'ADP', 'NOUN', 'ADJ', 'CCONJ', 'ADJ', 'VERB', 'NOUN', 'ADP', 'NOUN', 'ADJ'], ['comparado', 'balizam'], ['estudo', 'comparar', 'de', 'código', 'de', 'ética', 'nacional', 'e', 'internacional', 'balizar', 'revisão', 'de', 'norma', 'federal']]]
22;[[['Combate', 'à', 'corrupção', 'exige', 'especialização', 'e', 'trabalho', 'conjunto', ',', 'defende', 'ministro', 'da', 'CGU'], ['NOUN', 'ADP', 'NOUN', 'VERB', 'NOUN', 'CCONJ', 'NOUN', 'ADJ', 'PUNCT', 'VERB', 'NOUN', 'ADP', 'PROPN'], ['exige', 'defende'], ['combate', 'a o', 'corrupção', 'exigir', 'especialização', 'e', 'trabalho', 'conjunto', ',', 'defender', 'ministro', 'de o', 'CGU']]]
23;[[['LAI'], ['PROPN'], [], ['LAI']], [['Tratamento', 'de', 'dados', 'pessoais', 'é', 'tema', 'de', 'nova', 'capacitação', 'da', 'CGU'], ['NOUN', 'ADP', 'NOUN', 'ADJ', 'AUX', 'NOUN', 'ADP', 'ADJ', 'NOUN', 'ADP', 'PROPN'], [], ['tratamento', 'de', 'dado', 'pessoal', 'ser', 'tema', 'de', 'novo', 'capacitação', 'de o', 'CGU']]]
24;[[['Covid', '-', '19', 'CGU', 'e', 'PF', 'combatem', 'desvios', 'da', 'saúde', 'em', 'Pinheiro', 'MA'], ['PROPN', 'PUNCT', 'NUM', 'PROPN', 'CCONJ', 'PROPN', 'VERB', 'NOUN', 'ADP', 'NOUN', 'ADP', 'PROPN', 'PROPN'], ['combatem'], ['Covid', '-', '19', 'CGU', 'e', 'PF', 'combater', 'desvio', 'de o', 'saúde', 'em', 'Pinheiro', 'MA']]]
25;[[['CGU', 'realiza', '16', 'Reunião', 'da', 'Comissão', 'de', 'Coordenação', 'de', 'Controle', 'Interno'], ['PROPN', 'VERB', 'NUM', 'NOUN', 'ADP', 'PROPN', 'ADP', 'PROPN', 'ADP', 'PROPN', 'PROPN'], ['realiza'], ['CGU', 'realizar', '16', 'reunião', 'de o', 'Comissão', 'de', 'Coordenação', 'de', 'Controle', 'Interno']]]
26;[[['Ministro', 'da', 'CGU', 'participa', 'de', 'lançamento', 'do', 'Plano', 'de', 'Integridade', 'da', 'Dataprev'], ['NOUN', 'ADP', 'PROPN', 'VERB', 'ADP', 'NOUN', 'ADP', 'PROPN', 'ADP', 'PROPN', 'ADP', 'PROPN'], ['participa'], ['ministro', 'de o', 'CGU', 'participar', 'de', 'lançamento', 'de o', 'Plano', 'de', 'Integridade', 'de o', 'Dataprev']]]
27;[[['Chamada', 'pública', 'seleciona', 'pesquisadores', 'para', 'projeto', 'realizado', 'pela', 'CGU', 'e', 'Ipea'], ['NOUN', 'ADJ', 'VERB', 'NOUN', 'ADP', 'NOUN', 'VERB', 'ADP', 'PROPN', 'CCONJ', 'PROPN'], ['seleciona', 'realizado'], ['chamada', 'pública', 'selecionar', 'pesquisador', 'para', 'projeto', 'realizar', 'por o', 'CGU', 'e', 'Ipea']]]
28;[[['Atualização', 'das', 'Despesas', 'Públicas', 'no', 'Portal', 'da', 'Transparência'], ['NOUN', 'ADP', 'PROPN', 'PROPN', 'ADP', 'PROPN', 'ADP', 'PROPN'], [], ['atualização', 'de o', 'Despesas', 'Públicas', 'em o', 'Portal', 'de o', 'Transparência']]]
29;[[['SFC', 'lança', 'o', 'infográfico', 'Jornada', 'do', 'Auditor', 'Interno', 'Governamental'], ['PROPN', 'VERB', 'DET', 'NOUN', 'PROPN', 'ADP', 'PROPN', 'PROPN', 'PROPN'], ['lança'], ['SFC', 'lançar', 'o', 'infográfico', 'Jornada', 'de o', 'Auditor', 'Interno', 'Governamental']]]
30;[[['CGU', 'divulga', 'resultado', 'de', 'seleção', 'para', 'Diretoria', 'de', 'Tecnologia', 'da', 'Informação'], ['PROPN', 'VERB', 'NOUN', 'ADP', 'NOUN', 'ADP', 'PROPN', 'ADP', 'PROPN', 'ADP', 'PROPN'], ['divulga'], ['CGU', 'divulgar', 'resultado', 'de', 'seleção', 'para', 'Diretoria', 'de', 'Tecnologia', 'de o', 'Informação']]]
31;[[['OGU', 'promove', 'debates', 'em', 'alusão', 'ao', 'Dia', 'do', 'Ouvidor'], ['PROPN', 'VERB', 'NOUN', 'ADP', 'NOUN', 'ADP', 'NOUN', 'ADP', 'NOUN'], ['promove'], ['OGU', 'promover', 'debate', 'em', 'alusão', 'a o', 'Dia', 'de o', 'Ouvidor']]]
32;[[['CGU', 'publica', 'norma', 'operacional', 'do', 'Sistema', 'de', 'Ouvidorias', 'do', 'Executivo', 'Federal'], ['PROPN', 'VERB', 'NOUN', 'ADJ', 'ADP', 'PROPN', 'ADP', 'PROPN', 'ADP', 'PROPN', 'PROPN'], ['publica'], ['CGU', 'publicar', 'norma', 'operacional', 'de o', 'Sistema', 'de', 'Ouvidorias', 'de o', 'Executivo', 'Federal']]]
33;[[['Governo', 'Federal', 'atinge', 'a', 'marca', 'de', '1', 'milhão', 'de', 'pedidos', 'de', 'acesso', 'à', 'informação'], ['PROPN', 'PROPN', 'VERB', 'DET', 'NOUN', 'ADP', 'NUM', 'NUM', 'ADP', 'NOUN', 'ADP', 'NOUN', 'ADP', 'NOUN'], ['atinge'], ['Governo', 'Federal', 'atingir', 'o', 'marca', 'de', '1', 'milhão', 'de', 'pedido', 'de', 'acesso', 'a o', 'informação']]]
34;[[['Revista', 'da', 'CGU', 'abre', 'chamada', 'para', 'dossiê', 'especial', 'sobre', 'regulação', 'na', 'melhoria', 'do', 'Estado'], ['NOUN', 'ADP', 'PROPN', 'VERB', 'VERB', 'ADP', 'NOUN', 'ADJ', 'ADP', 'NOUN', 'ADP', 'NOUN', 'ADP', 'NOUN'], ['abre chamada'], ['revista', 'de o', 'CGU', 'abrir', 'chamar', 'para', 'dossiê', 'especial', 'sobre', 'regulação', 'em o', 'melhoria', 'de o', 'estado']]]
35;[[['CGU', 'divulga', 'resultado', 'da', '2', 'edição', 'da', 'Escala', 'Brasil', 'Transparente', '-', 'Avaliação', '360'], ['PROPN', 'VERB', 'NOUN', 'ADP', 'NUM', 'NOUN', 'ADP', 'PROPN', 'PROPN', 'PROPN', 'PUNCT', 'NOUN', 'NUM'], ['divulga'], ['CGU', 'divulgar', 'resultado', 'de o', '2', 'edição', 'de o', 'Escala', 'Brasil', 'Transparente', '-', 'avaliação', '360']]]
36;[[['STPC', 'realiza', 'primeiro', 'encontro', 'virtual', 'de', '2021', 'do', 'Diálogos', 'em', 'Controle', 'Social'], ['PROPN', 'VERB', 'ADJ', 'NOUN', 'ADJ', 'ADP', 'NUM', 'ADP', 'PROPN', 'ADP', 'PROPN', 'PROPN'], ['realiza'], ['STPC', 'realizar', 'primeiro', 'encontro', 'virtual', 'de', '2021', 'de o', 'Diálogos', 'em', 'Controle', 'Social']]]
37;[[['CGU', 'conclui', 'três', 'ações', 'do', 'Plano', 'Anticorrupção', 'do', 'Governo', 'Federal'], ['PROPN', 'VERB', 'NUM', 'NOUN', 'ADP', 'PROPN', 'PROPN', 'ADP', 'PROPN', 'PROPN'], ['conclui'], ['CGU', 'concluir', 'três', 'ação', 'de o', 'Plano', 'Anticorrupção', 'de o', 'Governo', 'Federal']]]
38;[[['CGU', 'abre', 'consulta', 'pública', 'sobre', 'normativo', 'de', 'Tomadas', 'de', 'Contas', 'Especiais'], ['PROPN', 'VERB', 'NOUN', 'ADJ', 'ADP', 'NOUN', 'ADP', 'PROPN', 'ADP', 'PROPN', 'PROPN'], ['abre'], ['CGU', 'abrir', 'consulta', 'público', 'sobre', 'normativo', 'de', 'Tomadas', 'de', 'Contas', 'Especiais']]]
39;[[['Prosa', 'de', 'Ouvidoria', 'Lei', 'Geral', 'de', 'Proteção', 'de', 'Dados', 'Pessoais', 'foi', 'tema', 'do', '1', 'dia'], ['NOUN', 'ADP', 'PROPN', 'PROPN', 'PROPN', 'ADP', 'PROPN', 'ADP', 'PROPN', 'PROPN', 'AUX', 'NOUN', 'ADP', 'NUM', 'NOUN'], [], ['prosa', 'de', 'Ouvidoria', 'Lei', 'Geral', 'de', 'Proteção', 'de', 'Dados', 'Pessoais', 'ser', 'tema', 'de o', '1', 'dia']]]
40;[[['Rede', 'Nacional', 'de', 'Ouvidorias', 'promove', 'live', 'sobre', 'LGPD'], ['PROPN', 'PROPN', 'ADP', 'PROPN', 'VERB', 'NOUN', 'ADP', 'PROPN'], ['promove'], ['Rede', 'Nacional', 'de', 'Ouvidorias', 'promover', 'live', 'sobre', 'LGPD']]]
41;[[['Ações', 'de', 'auditoria', 'da', 'CGU', 'somaram', 'R', '17', ',', '9', 'bilhões', 'em', 'benefícios', 'financeiros', 'em', '2020'], ['NOUN', 'ADP', 'NOUN', 'ADP', 'PROPN', 'VERB', 'PROPN', 'NUM', 'PUNCT', 'NUM', 'NUM', 'ADP', 'NOUN', 'ADJ', 'ADP', 'NUM'], ['somaram'], ['ação', 'de', 'auditoria', 'de o', 'CGU', 'somar', 'R', '17', ',', '9', 'bilhão', 'em', 'benefício', 'financeiro', 'em', '2020']]]
42;[[['Tratamento', 'da', 'informação', 'pessoal', 'em', 'face', 'da', 'LAI', 'e', 'da', 'LGPD', 'é', 'tema', 'de', 'live', 'na', 'CGU'], ['NOUN', 'ADP', 'NOUN', 'ADJ', 'ADP', 'NOUN', 'ADP', 'PROPN', 'CCONJ', 'ADP', 'PROPN', 'AUX', 'NOUN', 'ADP', 'NOUN', 'ADP', 'PROPN'], [], ['tratamento', 'de o', 'informação', 'pessoal', 'em', 'face', 'de o', 'LAI', 'e', 'de o', 'LGPD', 'ser', 'tema', 'de', 'live', 'em o', 'CGU']]]
43;[[['Prosa', 'de', 'Ouvidoria'], ['PROPN', 'ADP', 'PROPN'], [], ['prosa', 'de', 'Ouvidoria']], [['Modelos', 'para', 'medir', 'maturidade', 'de', 'gestão', 'foi', 'tema', 'do', '2', 'dia'], ['NOUN', 'SCONJ', 'VERB', 'NOUN', 'ADP', 'NOUN', 'AUX', 'NOUN', 'ADP', 'NUM', 'NOUN'], ['medir'], ['modelo', 'para', 'medir', 'maturidade', 'de', 'gestão', 'ser', 'tema', 'de o', '2', 'dia']]]
44;[[['Prosa', 'de', 'Ouvidoria', 'Proteção', 'ao', 'denunciante', 'no', 'Brasil', 'foi', 'tema', 'do', '3', 'dia'], ['PROPN', 'ADP', 'PROPN', 'PROPN', 'ADP', 'NOUN', 'ADP', 'PROPN', 'AUX', 'NOUN', 'ADP', 'NUM', 'NOUN'], [], ['prosa', 'de', 'Ouvidoria', 'Proteção', 'a o', 'denunciante', 'em o', 'Brasil', 'ser', 'tema', 'de o', '3', 'dia']]]
45;[[['GT', '-', 'tica', 'se', 'reúne', 'para', 'tratar', 'de', 'precedentes', 'da', 'Comissão', 'de', 'tica', 'Pública'], ['PROPN', 'PUNCT', 'NOUN', 'PRON', 'VERB', 'SCONJ', 'VERB', 'ADP', 'NOUN', 'ADP', 'PROPN', 'ADP', 'PROPN', 'PROPN'], ['reúne', 'tratar'], ['GT', '-', 'tica', 'se', 'reunir', 'para', 'tratar', 'de', 'precedente', 'de o', 'Comissão', 'de', 'tica', 'Pública']]]
46;[[['Governo', 'Federal', 'celebra', 'o', 'Dia', 'Mundial', 'da', 'gua', 'e', 'promove', 'o', 'Seminário', 'das', 'guas'], ['PROPN', 'PROPN', 'VERB', 'DET', 'PROPN', 'PROPN', 'ADP', 'NOUN', 'CCONJ', 'VERB', 'DET', 'PROPN', 'ADP', 'NOUN'], ['celebra', 'promove'], ['Governo', 'Federal', 'celebrar', 'o', 'Dia', 'Mundial', 'de o', 'gua', 'e', 'promover', 'o', 'Seminário', 'de o', 'gua']], [['Brasileiras'], ['PROPN'], [], ['Brasileiras']]]
47;[[['Prosa', 'de', 'Ouvidoria'], ['PROPN', 'ADP', 'PROPN'], [], ['prosa', 'de', 'Ouvidoria']], [['Conselho', 'de', 'Usuários', 'de', 'Serviços', 'Públicos', 'foi', 'tema', 'do', '4', 'dia'], ['PROPN', 'ADP', 'PROPN', 'ADP', 'PROPN', 'PROPN', 'AUX', 'NOUN', 'ADP', 'NUM', 'NOUN'], [], ['conselho', 'de', 'Usuários', 'de', 'Serviços', 'Públicos', 'ser', 'tema', 'de o', '4', 'dia']]]
48;[[['Ministro', 'da', 'CGU', 'apresenta', 'a', 'importância', 'da', 'ética', 'e', 'do', 'controle', 'interno', 'para', 'a', 'boa', 'gestão', 'pública'], ['NOUN', 'ADP', 'PROPN', 'VERB', 'DET', 'NOUN', 'ADP', 'NOUN', 'CCONJ', 'ADP', 'NOUN', 'ADJ', 'ADP', 'DET', 'ADJ', 'NOUN', 'ADJ'], ['apresenta'], ['ministro', 'de o', 'CGU', 'apresentar', 'o', 'importância', 'de o', 'ética', 'e', 'de o', 'controle', 'interno', 'para', 'o', 'bom', 'gestão', 'público']]]
49;[[['Governo', 'Federal', 'analisa', 'se', 'vacinas', 'estão', 'sendo', 'aplicadas', 'nas', 'pessoas'], ['PROPN', 'PROPN', 'VERB', 'SCONJ', 'NOUN', 'AUX', 'AUX', 'VERB', 'ADP', 'NOUN'], ['analisa', 'estão sendo aplicadas'], ['Governo', 'Federal', 'analisar', 'se', 'vacina', 'estar', 'ser', 'aplicar', 'em o', 'pessoa']], [['certas'], ['DET'], [], ['certo']]]
50;[[['CGU', 'realiza', 'evento', 'sobre', 'combate', 'ao', 'assédio', 'sexual', 'no', 'ambiente', 'de', 'trabalho'], ['PROPN', 'VERB', 'NOUN', 'ADP', 'NOUN', 'ADP', 'NOUN', 'ADJ', 'ADP', 'NOUN', 'ADP', 'NOUN'], ['realiza'], ['CGU', 'realizar', 'evento', 'sobre', 'combate', 'a o', 'assédio', 'sexual', 'em o', 'ambiente', 'de', 'trabalho']]]
51;[[['Prosa', 'de', 'Ouvidoria', 'Soluções', 'para', 'inteligência', 'artificial', 'foi', 'tema', 'do', 'último', 'dia'], ['PROPN', 'ADP', 'PROPN', 'PROPN', 'ADP', 'NOUN', 'ADJ', 'AUX', 'NOUN', 'ADP', 'ADJ', 'NOUN'], [], ['prosa', 'de', 'Ouvidoria', 'Soluções', 'para', 'inteligência', 'artificial', 'ser', 'tema', 'de o', 'último', 'dia']]]
52;[[['CGU', 'participa', 'de', 'live', 'sobre', 'o', 'enfrentamento', 'da', 'corrupção', 'no', 'Brasil'], ['PROPN', 'VERB', 'ADP', 'NOUN', 'ADP', 'DET', 'NOUN', 'ADP', 'NOUN', 'ADP', 'PROPN'], ['participa'], ['CGU', 'participar', 'de', 'live', 'sobre', 'o', 'enfrentamento', 'de o', 'corrupção', 'em o', 'Brasil']]]
53;[[['Revista', 'da', 'CGU', 'seleciona', 'pesquisadores', 'para', 'compor', 'cadastro', 'de', 'revisores'], ['NOUN', 'ADP', 'PROPN', 'VERB', 'NOUN', 'SCONJ', 'VERB', 'NOUN', 'ADP', 'NOUN'], ['seleciona', 'compor'], ['revista', 'de o', 'CGU', 'selecionar', 'pesquisador', 'para', 'compor', 'cadastro', 'de', 'revisor']]]
54;[[['Wagner', 'Rosário', 'fala', 'sobre', 'os', 'desafios', 'do', 'gestor', 'público', 'no', 'combate', 'à', 'corrupção'], ['PROPN', 'PROPN', 'VERB', 'ADP', 'DET', 'NOUN', 'ADP', 'NOUN', 'ADJ', 'ADP', 'NOUN', 'ADP', 'NOUN'], ['fala'], ['Wagner', 'Rosário', 'falar', 'sobre', 'o', 'desafio', 'de o', 'gestor', 'público', 'em o', 'combate', 'a o', 'corrupção']]]
55;[[['Ouvidoria', '-', 'Geral', 'da', 'União', 'divulga', 'Relatório', 'de', 'Gestão', '2020'], ['PROPN', 'PUNCT', 'PROPN', 'ADP', 'PROPN', 'VERB', 'NOUN', 'ADP', 'PROPN', 'NUM'], ['divulga'], ['Ouvidoria', '-', 'Geral', 'de o', 'União', 'divulgar', 'Relatório', 'de', 'Gestão', '2020']]]
56;[[['Controladoria', '-', 'Geral', 'da', 'União', 'publica', 'Relatório', 'de', 'Gestão', 'de', '2020'], ['PROPN', 'PUNCT', 'PROPN', 'ADP', 'PROPN', 'VERB', 'NOUN', 'ADP', 'PROPN', 'ADP', 'NUM'], ['publica'], ['Controladoria', '-', 'Geral', 'de o', 'União', 'publicar', 'Relatório', 'de', 'Gestão', 'de', '2020']]]
57;[[['CGU', 'publica', 'novo', 'plano', 'de', 'ação', 'da', 'Infraestrutura', 'Nacional', 'de', 'Dados', 'Abertos'], ['PROPN', 'VERB', 'ADJ', 'NOUN', 'ADP', 'NOUN', 'ADP', 'PROPN', 'PROPN', 'ADP', 'PROPN', 'PROPN'], ['publica'], ['CGU', 'publicar', 'novo', 'plano', 'de', 'ação', 'de o', 'Infraestrutura', 'Nacional', 'de', 'Dados', 'Abertos']]]
58;[[['Revista', 'da', 'CGU', 'lança', 'plano', 'editorial', 'para', 'biênio', '2021', '-', '2022'], ['NOUN', 'ADP', 'PROPN', 'VERB', 'NOUN', 'ADJ', 'ADP', 'NOUN', 'NUM', 'PUNCT', 'NUM'], ['lança'], ['revista', 'de o', 'CGU', 'lançar', 'plano', 'editorial', 'para', 'biênio', '2021', '-', '2022']]]
59;[[['CGU', 'realiza', 'segundo', 'encontro', 'virtual', 'do', 'Diálogos', 'em', 'Controle', 'Social'], ['PROPN', 'VERB', 'ADP', 'NOUN', 'ADJ', 'ADP', 'PROPN', 'ADP', 'PROPN', 'PROPN'], ['realiza'], ['CGU', 'realizar', 'segundo', 'encontro', 'virtual', 'de o', 'Diálogos', 'em', 'Controle', 'Social']]]
60;[[['CGU', ',', 'PF', 'e', 'MPF', 'combatem', 'desvios', 'de', 'recursos', 'no', 'Incra', 'do', 'Amazonas'], ['PROPN', 'PUNCT', 'PROPN', 'CCONJ', 'PROPN', 'VERB', 'NOUN', 'ADP', 'NOUN', 'ADP', 'PROPN', 'ADP', 'PROPN'], ['combatem'], ['CGU', ',', 'PF', 'e', 'MPF', 'combater', 'desvio', 'de', 'recurso', 'em o', 'Incra', 'de o', 'Amazonas']]]
61;[[['CGU', 'divulga', 'Prestação', 'de', 'Contas', 'do', 'Presidente', 'da', 'República', 'de', '2020'], ['PROPN', 'VERB', 'PROPN', 'ADP', 'PROPN', 'ADP', 'NOUN', 'ADP', 'PROPN', 'ADP', 'NUM'], ['divulga'], ['CGU', 'divulgar', 'Prestação', 'de', 'contas', 'de o', 'Presidente', 'de o', 'República', 'de', '2020']]]
62;[[['CGU', 'e', 'PF', 'combatem', 'fraudes', 'na', 'aquisição', 'de', 'materiais', 'escolares', 'em', 'Pernambuco'], ['PROPN', 'CCONJ', 'PROPN', 'VERB', 'NOUN', 'ADP', 'NOUN', 'ADP', 'NOUN', 'ADJ', 'ADP', 'PROPN'], ['combatem'], ['CGU', 'e', 'PF', 'combater', 'fraude', 'em o', 'aquisição', 'de', 'material', 'escolar', 'em', 'Pernambuco']]]
63;[[['CGU', 'abre', 'consulta', 'para', 'aprimorar', 'norma', 'do', 'Plano', 'Anual', 'de', 'Auditoria', 'Interna'], ['PROPN', 'VERB', 'NOUN', 'SCONJ', 'VERB', 'NOUN', 'ADP', 'PROPN', 'PROPN', 'ADP', 'PROPN', 'ADJ'], ['abre', 'aprimorar'], ['CGU', 'abrir', 'consulta', 'para', 'aprimorar', 'norma', 'de o', 'Plano', 'Anual', 'de', 'Auditoria', 'interna']]]
64;[[['CGU', 'e', 'Polícia', 'Federal', 'deflagram', 'mais', 'duas', 'fases', 'da', 'Operação', 'Rota', 'BR', '090'], ['PROPN', 'CCONJ', 'PROPN', 'PROPN', 'VERB', 'ADV', 'NUM', 'NOUN', 'ADP', 'PROPN', 'PROPN', 'PROPN', 'NUM'], ['deflagram'], ['CGU', 'e', 'Polícia', 'Federal', 'deflagrar', 'mais', 'dois', 'fase', 'de o', 'Operação', 'Rota', 'BR', '090']]]
65;[[['Covid', '-', '19', 'CGU', 'e', 'PF', 'reforçam', 'apuração', 'de', 'desvios', 'na', 'saúde', 'em', 'Rio', 'Branco'], ['PROPN', 'PUNCT', 'NUM', 'PROPN', 'CCONJ', 'PROPN', 'VERB', 'NOUN', 'ADP', 'NOUN', 'ADP', 'NOUN', 'ADP', 'PROPN', 'PROPN'], ['reforçam'], ['Covid', '-', '19', 'CGU', 'e', 'PF', 'reforçar', 'apuração', 'de', 'desvio', 'em o', 'saúde', 'em', 'Rio', 'Branco']], [['AC'], ['PROPN'], [], ['AC']]]
66;[[['Polícias', 'Federal', ',', 'Civil', 'e', 'Militar', 'prendem', 'investigados', 'por', 'assaltos', 'a', 'instituições', 'bancárias', 'em', 'Salvador'], ['PROPN', 'PROPN', 'PUNCT', 'PROPN', 'CCONJ', 'PROPN', 'VERB', 'VERB', 'ADP', 'NOUN', 'ADP', 'NOUN', 'ADJ', 'ADP', 'PROPN'], ['prendem investigados'], ['Polícias', 'Federal', ',', 'Civil', 'e', 'Militar', 'prender', 'investigado', 'por', 'assalto', 'a', 'instituição', 'bancário', 'em', 'Salvador']]]
67;[[['Polícia', 'Federal', 'apreende', 'mais', 'de', 'três', 'toneladas', 'de', 'pirarucu', 'no', 'Amazonas'], ['PROPN', 'PROPN', 'VERB', 'ADV', 'ADP', 'NUM', 'NOUN', 'ADP', 'NOUN', 'ADP', 'PROPN'], ['apreende'], ['Polícia', 'Federal', 'apreender', 'mais', 'de', 'três', 'tonelada', 'de', 'pirarucu', 'em o', 'Amazonas']]]
68;[[['PF', 'e', 'BPFRON', 'localizam', 'depósito', 'de', 'produtos', 'contrabandeados', 'em', 'Foz', 'do', 'Iguaçu', 'PR'], ['PROPN', 'CCONJ', 'PROPN', 'VERB', 'NOUN', 'ADP', 'NOUN', 'VERB', 'ADP', 'PROPN', 'ADP', 'PROPN', 'PROPN'], ['localizam', 'contrabandeados'], ['PF', 'e', 'BPFRON', 'localizar', 'depósito', 'de', 'produto', 'contrabandear', 'em', 'Foz', 'de o', 'Iguaçu', 'PR']]]
69;[[['PF', 'prende', 'um', 'homem', 'e', 'apreende', 'mais', 'de', '300', 'comprimidos', 'de', 'ecstasy'], ['PROPN', 'VERB', 'DET', 'NOUN', 'CCONJ', 'VERB', 'ADV', 'ADP', 'NUM', 'NOUN', 'ADP', 'PROPN'], ['prende', 'apreende'], ['PF', 'prender', 'um', 'homem', 'e', 'apreender', 'mais', 'de', '300', 'comprimido', 'de', 'ecstasy']]]
70;[[['PF', 'investiga', 'esquema', 'de', 'venda', 'de', 'relíquias', 'arqueológicas', 'encontradas', 'no', 'Acre'], ['PROPN', 'VERB', 'NOUN', 'ADP', 'NOUN', 'ADP', 'NOUN', 'ADJ', 'VERB', 'ADP', 'PROPN'], ['investiga', 'encontradas'], ['PF', 'investigar', 'esquema', 'de', 'venda', 'de', 'relíquia', 'arqueológico', 'encontrar', 'em o', 'Acre']]]
71;[[['PF', 'apreende', 'carga', 'de', 'cigarros', 'paraguaios', 'e', 'veículos', 'usados', 'no', 'transporte', 'da', 'mercadoria'], ['PROPN', 'VERB', 'NOUN', 'ADP', 'NOUN', 'ADJ', 'CCONJ', 'NOUN', 'VERB', 'ADP', 'NOUN', 'ADP', 'NOUN'], ['apreende', 'usados'], ['PF', 'apreender', 'carga', 'de', 'cigarro', 'paraguaio', 'e', 'veículo', 'usar', 'em o', 'transporte', 'de o', 'mercadoria']]]
72;[[['Polícia', 'Federal', 'prende', 'casal', 'por', 'tráfico', 'de', 'drogas', 'em', 'Macapá'], ['PROPN', 'PROPN', 'VERB', 'NOUN', 'ADP', 'NOUN', 'ADP', 'NOUN', 'ADP', 'PROPN'], ['prende'], ['Polícia', 'Federal', 'prender', 'casal', 'por', 'tráfico', 'de', 'droga', 'em', 'Macapá']]]
73;[[['Polícia', 'Federal', 'e', 'Receita', 'Federal', 'prendem', 'dois', 'homens', 'por', 'tráfico', 'de', 'animais', 'silvestres'], ['PROPN', 'PROPN', 'CCONJ', 'PROPN', 'PROPN', 'VERB', 'NUM', 'NOUN', 'ADP', 'NOUN', 'ADP', 'NOUN', 'ADJ'], ['prendem'], ['Polícia', 'Federal', 'e', 'Receita', 'Federal', 'prender', 'dois', 'homem', 'por', 'tráfico', 'de', 'animal', 'silvestr']]]
74;[[['PF', 'prende', 'em', 'flagrante', 'homem', 'que', 'teria', 'compartilhado', 'imagens', 'pornográficas', 'de', 'menor'], ['PROPN', 'VERB', 'ADP', 'ADJ', 'NOUN', 'PRON', 'AUX', 'VERB', 'NOUN', 'ADJ', 'ADP', 'ADJ'], ['prende', 'teria compartilhado'], ['PF', 'prender', 'em', 'flagrante', 'homem', 'que', 'ter', 'compartilhar', 'imagem', 'pornográfico', 'de', 'pequeno']]]
75;[[['PF', 'e', 'BPFRON', 'interceptam', 'comboio', 'com', 'veículos', 'carregados', 'com', 'cigarros', 'contrabandeados'], ['PROPN', 'CCONJ', 'PROPN', 'VERB', 'NOUN', 'ADP', 'NOUN', 'VERB', 'ADP', 'NOUN', 'VERB'], ['interceptam', 'carregados', 'contrabandeados'], ['PF', 'e', 'BPFRON', 'interceptar', 'comboio', 'com', 'veículo', 'carregar', 'com', 'cigarro', 'contrabandear']]]
76;[[['PF', 'apreende', 'cocaína', 'encontrada', 'em', 'navio', 'no', 'Porto', 'de', 'bidos', 'PA'], ['PROPN', 'VERB', 'NOUN', 'VERB', 'ADP', 'NOUN', 'ADP', 'PROPN', 'ADP', 'VERB', 'PROPN'], ['apreende', 'encontrada', 'bidos'], ['PF', 'apreender', 'cocaína', 'encontrar', 'em', 'navio', 'em o', 'Porto', 'de', 'bido', 'PA']]]
77;[[['PF', 'prende', 'homem', 'em', 'flagrante', 'com', 'cédulas', 'falsas'], ['PROPN', 'VERB', 'NOUN', 'ADP', 'NOUN', 'ADP', 'NOUN', 'ADJ'], ['prende'], ['PF', 'prender', 'homem', 'em', 'flagrante', 'com', 'cédula', 'falso']]]
78;[[['PF', 'prende', 'passageiro', 'de', 'voo', 'internacional', 'com', 'mais', 'de', '2', 'kg', 'de', 'cocaína'], ['PROPN', 'VERB', 'NOUN', 'ADP', 'NOUN', 'ADJ', 'ADP', 'ADV', 'ADP', 'NUM', 'NOUN', 'ADP', 'NOUN'], ['prende'], ['PF', 'prender', 'passageiro', 'de', 'voo', 'internacional', 'com', 'mais', 'de', '2', 'kg', 'de', 'cocaína']]]
79;[[['PF', 'cumpre', 'mandado', 'de', 'prisão', 'preventiva', 'de', 'suspeito', 'de', 'cometer', 'crimes', 'de', 'roubo', 'contra', 'os', 'Correios'], ['PROPN', 'VERB', 'VERB', 'ADP', 'NOUN', 'ADJ', 'ADP', 'NOUN', 'SCONJ', 'VERB', 'NOUN', 'ADP', 'NOUN', 'ADP', 'DET', 'PROPN'], ['cumpre mandado', 'cometer'], ['PF', 'cumprir', 'mandar', 'de', 'prisão', 'preventivo', 'de', 'suspeito', 'de', 'cometer', 'crime', 'de', 'roubo', 'contra', 'o', 'Correios']]]
80;[[['PF', 'faz', 'duas', 'apreensões', 'de', 'cédulas', 'falsas', 'na', 'região', 'de', 'Jales', 'SP'], ['PROPN', 'VERB', 'NUM', 'NOUN', 'ADP', 'NOUN', 'ADJ', 'ADP', 'NOUN', 'ADP', 'PROPN', 'PROPN'], ['faz'], ['PF', 'fazer', 'dois', 'apreensão', 'de', 'cédula', 'falso', 'em o', 'região', 'de', 'Jales', 'SP']]]
81;[[['PF', 'e', 'BPFRON', 'apreendem', 'veículo', 'carregado', 'com', 'cigarros', 'contrabandeados'], ['PROPN', 'CCONJ', 'PROPN', 'VERB', 'NOUN', 'VERB', 'ADP', 'NOUN', 'VERB'], ['apreendem', 'carregado', 'contrabandeados'], ['PF', 'e', 'BPFRON', 'apreender', 'veículo', 'carregar', 'com', 'cigarro', 'contrabandear']]]
82;[[['PF', 'apreende', 'mais', 'de', '12', 'kg', 'de', 'cocaína', 'no', 'aeroporto', 'de', 'Guarulhos'], ['PROPN', 'VERB', 'ADV', 'ADP', 'NUM', 'NOUN', 'ADP', 'NOUN', 'ADP', 'NOUN', 'ADP', 'PROPN'], ['apreende'], ['PF', 'apreender', 'mais', 'de', '12', 'kg', 'de', 'cocaína', 'em o', 'aeroporto', 'de', 'Guarulhos']]]
83;[[['PF', 'e', 'BPFRON', 'realizam', 'prisão', 'em', 'flagrante', 'de', 'contrabandista'], ['PROPN', 'CCONJ', 'PROPN', 'VERB', 'NOUN', 'ADP', 'NOUN', 'ADP', 'NOUN'], ['realizam'], ['PF', 'e', 'BPFRON', 'realizar', 'prisão', 'em', 'flagrante', 'de', 'contrabandista']]]
84;[[['PF', 'apreende', '2', 'pick', '-', 'up', 'carregadas', 'com', 'cigarros', 'contrabandeados', 'em', 'Guaíra', 'PR'], ['PROPN', 'VERB', 'NUM', 'NOUN', 'PUNCT', 'NOUN', 'VERB', 'ADP', 'NOUN', 'VERB', 'ADP', 'PROPN', 'PROPN'], ['apreende', 'carregadas', 'contrabandeados'], ['PF', 'apreender', '2', 'pick', '-', 'up', 'carregar', 'com', 'cigarro', 'contrabandear', 'em', 'Guaíra', 'PR']]]
85;[[['Líder', 'de', 'organização', 'criminosa', 'é', 'preso', 'no', 'Paraguai', 'com', 'o', 'apoio', 'da', 'PF'], ['NOUN', 'ADP', 'NOUN', 'ADJ', 'AUX', 'VERB', 'ADP', 'PROPN', 'ADP', 'DET', 'NOUN', 'ADP', 'PROPN'], ['é preso'], ['líder', 'de', 'organização', 'criminoso', 'ser', 'prender', 'em o', 'Paraguai', 'com', 'o', 'apoio', 'de o', 'PF']]]
86;[[['Dia', 'do', 'Papiloscopista'], ['NOUN', 'ADP', 'PROPN'], [], ['dia', 'de o', 'Papiloscopista']]]
87;[[['PF', ',', 'em', 'ação', 'conjunta', ',', 'apreende', 'duas', 'menores', 'com', 'haxixe', 'em', 'ônibus', 'na', 'BR277', 'no', 'âmbito', 'da', 'Operação', 'Hórus', 'e', 'Programa'], ['PROPN', 'PUNCT', 'ADP', 'NOUN', 'ADJ', 'PUNCT', 'VERB', 'NUM', 'NOUN', 'ADP', 'NOUN', 'ADP', 'NOUN', 'ADP', 'NOUN', 'ADP', 'NOUN', 'ADP', 'PROPN', 'PROPN', 'CCONJ', 'PROPN'], ['apreende'], ['PF', ',', 'em', 'ação', 'conjunto', ',', 'apreender', 'dois', 'menor', 'com', 'haxixe', 'em', 'ônibus', 'em o', 'BR277', 'em o', 'âmbito', 'de o', 'Operação', 'Hórus', 'e', 'Programa']], [['VIGIA'], ['AUX'], [], ['vIGIA']]]
88;[[['Operação', 'Resgate', 'liberta', 'mais', 'de', '100', 'trabalhadores', 'em', 'condições', 'análogas', 'à', 'escravidão'], ['PROPN', 'PROPN', 'VERB', 'ADV', 'ADP', 'NUM', 'NOUN', 'ADP', 'NOUN', 'ADJ', 'ADP', 'NOUN'], ['liberta'], ['Operação', 'Resgate', 'libertar', 'mais', 'de', '100', 'trabalhador', 'em', 'condição', 'análogo', 'a o', 'escravidão']]]
89;[[['PF', 'e', 'PM', 'combatem', 'organização', 'criminosa', 'especializada', 'em', 'roubo', 'a', 'bancos'], ['PROPN', 'CCONJ', 'PROPN', 'VERB', 'NOUN', 'ADJ', 'VERB', 'ADP', 'NOUN', 'ADP', 'NOUN'], ['combatem', 'especializada'], ['PF', 'e', 'PM', 'combater', 'organização', 'criminoso', 'especializar', 'em', 'roubo', 'a', 'banco']]]
90;[[['PF', 'combate', 'venda', 'e', 'produção', 'caseira', 'de', 'armas', 'de', 'fogo', 'em', 'Minas', 'Gerais'], ['PROPN', 'VERB', 'NOUN', 'CCONJ', 'NOUN', 'ADJ', 'ADP', 'NOUN', 'ADP', 'NOUN', 'ADP', 'PROPN', 'PROPN'], ['combate'], ['PF', 'combater', 'venda', 'e', 'produção', 'caseiro', 'de', 'arma', 'de', 'fogo', 'em', 'Minas', 'Gerais']]]
91;[[['PF', 'e', 'BPFRON', 'apreendem', 'maconha', 'especial'], ['PROPN', 'CCONJ', 'PROPN', 'VERB', 'NOUN', 'ADJ'], ['apreendem'], ['PF', 'e', 'BPFRON', 'apreender', 'maconha', 'especial']]]
92;[[['Polícia', 'Federal', 'realiza', 'maior', 'apreensão', 'de', 'maconha', 'do', 'ano', 'em', 'Pernambuco'], ['PROPN', 'PROPN', 'VERB', 'ADJ', 'NOUN', 'ADP', 'NOUN', 'ADP', 'NOUN', 'ADP', 'PROPN'], ['realiza'], ['Polícia', 'Federal', 'realizar', 'grande', 'apreensão', 'de', 'maconha', 'de o', 'ano', 'em', 'Pernambuco']]]
93;[[['PF', 'deflagra', 'a', 'segunda', 'fase', 'da', 'Operação', 'Voto', 'Livre'], ['PROPN', 'VERB', 'DET', 'ADJ', 'NOUN', 'ADP', 'PROPN', 'PROPN', 'PROPN'], ['deflagra'], ['PF', 'deflagrar', 'o', 'segundo', 'fase', 'de o', 'Operação', 'Voto', 'Livre']]]
94;[[['PF', 'combate', 'o', 'crime', 'de', 'moeda', 'falsa', 'no', 'Espírito', 'Santo'], ['PROPN', 'VERB', 'DET', 'NOUN', 'ADP', 'NOUN', 'ADJ', 'ADP', 'PROPN', 'PROPN'], ['combate'], ['PF', 'combater', 'o', 'crime', 'de', 'moeda', 'falso', 'em o', 'Espírito', 'Santo']]]
95;[[['Polícia', 'Federal', 'combate', 'fraude', 'a', 'licitações', 'no', 'Acre'], ['PROPN', 'PROPN', 'VERB', 'NOUN', 'ADP', 'NOUN', 'ADP', 'PROPN'], ['combate'], ['Polícia', 'Federal', 'combatir', 'fraude', 'a', 'licitação', 'em o', 'Acre']]]
96;[[['PF', 'deflagra', 'a', 'Operação', 'Overweight', 'para', 'combater', 'o', 'tráfico', 'internacional', 'de', 'drogas', 'em', 'São', 'Paulo'], ['PROPN', 'VERB', 'DET', 'PROPN', 'PROPN', 'SCONJ', 'VERB', 'DET', 'NOUN', 'ADJ', 'ADP', 'NOUN', 'ADP', 'PROPN', 'PROPN'], ['deflagra', 'combater'], ['PF', 'deflagrar', 'o', 'Operação', 'Overweight', 'para', 'combater', 'o', 'tráfico', 'internacional', 'de', 'droga', 'em', 'São', 'Paulo']]]
97;[[['PF', ',', 'em', 'cooperação', 'com', 'autoridades', 'bolivianas', ',', 'viabiliza', 'libertação', 'de', 'brasileira', 'na', 'Bolívia'], ['PROPN', 'PUNCT', 'ADP', 'NOUN', 'ADP', 'NOUN', 'ADJ', 'PUNCT', 'VERB', 'NOUN', 'ADP', 'NOUN', 'ADP', 'PROPN'], ['viabiliza'], ['PF', ',', 'em', 'cooperação', 'com', 'autoridade', 'boliviano', ',', 'viabilizar', 'libertação', 'de', 'brasileira', 'em o', 'Bolívia']]]
98;[[['PF', 'apreende', 'mais', 'de', '12', 'kg', 'de', 'cocaína'], ['PROPN', 'VERB', 'ADV', 'ADP', 'NUM', 'NOUN', 'ADP', 'NOUN'], ['apreende'], ['PF', 'apreender', 'mais', 'de', '12', 'kg', 'de', 'cocaína']]]
99;[[['Polícia', 'Federal', 'entrega', 'ao', 'Museu', 'Oscar', 'Niemeyer'], ['PROPN', 'PROPN', 'VERB', 'ADP', 'PROPN', 'PROPN', 'PROPN'], ['entrega'], ['Polícia', 'Federal', 'entregar', 'a o', 'Museu', 'Oscar', 'Niemeyer']], [['obras', 'apreendidas', 'na', 'Operação', 'Vernissage'], ['NOUN', 'VERB', 'ADP', 'PROPN', 'PROPN'], ['apreendidas'], ['obra', 'apreendir', 'em o', 'Operação', 'Vernissage']]]
100;[[['PF', 'prende', 'argentino', 'procurado', 'pela', 'Interpol', 'no', 'Rio', 'de', 'Janeiro'], ['PROPN', 'VERB', 'NOUN', 'VERB', 'ADP', 'PROPN', 'ADP', 'PROPN', 'ADP', 'PROPN'], ['prende', 'procurado'], ['PF', 'prender', 'argentino', 'procurar', 'por o', 'Interpol', 'em o', 'Rio', 'de', 'Janeiro']]]
101;[[['PF', 'e', 'BPFRON', 'apreendem', 'carga', '250', 'kg', 'de', 'agrotóxicos', 'em', 'Terra', 'Roxa', 'PR'], ['PROPN', 'CCONJ', 'PROPN', 'VERB', 'NOUN', 'NUM', 'NOUN', 'ADP', 'NOUN', 'ADP', 'PROPN', 'PROPN', 'PROPN'], ['apreendem'], ['PF', 'e', 'BPFRON', 'apreender', 'carga', '250', 'kg', 'de', 'agrotóxico', 'em', 'Terra', 'Roxa', 'PR']]]
102;[[['PF', 'cumpre', 'mandados', 'de', 'prisão', 'de', 'foragidos', 'da', 'justiça', 'que', 'prestaram', 'o', 'Enem'], ['PROPN', 'VERB', 'NOUN', 'ADP', 'NOUN', 'ADP', 'NOUN', 'ADP', 'NOUN', 'PRON', 'VERB', 'DET', 'PROPN'], ['cumpre', 'prestaram'], ['PF', 'cumprir', 'mandado', 'de', 'prisão', 'de', 'foragido', 'de o', 'justiça', 'que', 'prestar', 'o', 'Enem']]]
103;[[['PF', 'investiga', 'desvios', 'de', 'recursos', 'públicos', 'destinados', 'ao', 'combate', 'da', 'Covid', '-', '19', 'no', 'Piauí'], ['PROPN', 'VERB', 'NOUN', 'ADP', 'NOUN', 'ADJ', 'VERB', 'ADP', 'NOUN', 'ADP', 'PROPN', 'PUNCT', 'NUM', 'ADP', 'PROPN'], ['investiga', 'destinados'], ['PF', 'investigar', 'desvio', 'de', 'recurso', 'público', 'destinar', 'a o', 'combate', 'de o', 'Covid', '-', '19', 'em o', 'Piauí']]]
104;[[['Polícia', 'Federal', 'deflagra', '79', 'Fase', 'da', 'Operação'], ['PROPN', 'PROPN', 'VERB', 'NUM', 'PROPN', 'ADP', 'PROPN'], ['deflagra'], ['Polícia', 'Federal', 'deflagrar', '79', 'Fase', 'de o', 'Operação']], [['Lava', 'Jato'], ['PROPN', 'PROPN'], [], ['Lava', 'Jato']], [['Operação', 'Vernissage'], ['PROPN', 'PROPN'], [], ['Operação', 'Vernissage']]]
105;[[['PF', 'combate', 'lavagem', 'de', 'dinheiro', 'no', 'Distrito', 'Federal', 'e', 'em', 'Goiás'], ['PROPN', 'VERB', 'NOUN', 'ADP', 'NOUN', 'ADP', 'PROPN', 'PROPN', 'CCONJ', 'ADP', 'PROPN'], ['combate'], ['PF', 'combater', 'lavagem', 'de', 'dinheiro', 'em o', 'Distrito', 'Federal', 'e', 'em', 'Goiás']]]
106;[[['PF', 'encontra', 'diversos', 'animais', 'nativos', 'em', 'bagagem', 'de', 'passageiro', 'que', 'pretendia', 'embarcar', 'em', 'voo', 'para', 'a', 'Rússia'], ['PROPN', 'VERB', 'DET', 'NOUN', 'ADJ', 'ADP', 'NOUN', 'ADP', 'NOUN', 'PRON', 'VERB', 'VERB', 'ADP', 'NOUN', 'ADP', 'DET', 'PROPN'], ['encontra', 'pretendia embarcar'], ['PF', 'encontrar', 'diverso', 'animal', 'nativo', 'em', 'bagagem', 'de', 'passageiro', 'que', 'pretender', 'embarcar', 'em', 'voo', 'para', 'o', 'Rússia']]]
107;[[['Polícia', 'Federal', 'prende', 'foragido', 'internacional', 'no', 'Aeroporto', 'de', 'Guarulhos'], ['PROPN', 'PROPN', 'VERB', 'ADJ', 'ADJ', 'ADP', 'PROPN', 'ADP', 'PROPN'], ['prende'], ['Polícia', 'Federal', 'prender', 'foragido', 'internacional', 'em o', 'Aeroporto', 'de', 'Guarulhos']]]
108;[[['PF', 'incinera', '5', ',', '5', 'toneladas', 'de', 'drogas', 'apreendidas', 'no', 'Porto', 'de', 'Santos'], ['PROPN', 'VERB', 'NUM', 'PUNCT', 'NUM', 'NOUN', 'ADP', 'NOUN', 'VERB', 'ADP', 'PROPN', 'ADP', 'PROPN'], ['incinera', 'apreendidas'], ['PF', 'incinerar', '5', ',', '5', 'tonelada', 'de', 'droga', 'apreendir', 'em o', 'Porto', 'de', 'Santos']]]
109;[[['PF', 'prende', 'duas', 'pessoas', 'por', 'comércio', 'ilegal', 'de', 'armas', 'de', 'fogo', 'em', 'Roraima'], ['PROPN', 'VERB', 'NUM', 'NOUN', 'ADP', 'NOUN', 'ADJ', 'ADP', 'NOUN', 'ADP', 'NOUN', 'ADP', 'PROPN'], ['prende'], ['PF', 'prender', 'dois', 'pessoa', 'por', 'comércio', 'ilegal', 'de', 'arma', 'de', 'fogo', 'em', 'Roraima']]]
110;[[['PF', 'prende', 'suspeito', 'de', 'assaltos', 'a', 'agências', 'dos', 'Correios', 'no', 'Espírito', 'Santo'], ['PROPN', 'VERB', 'NOUN', 'ADP', 'NOUN', 'ADP', 'NOUN', 'ADP', 'PROPN', 'ADP', 'PROPN', 'PROPN'], ['prende'], ['PF', 'prender', 'suspeito', 'de', 'assalto', 'a', 'agência', 'de o', 'Correios', 'em o', 'Espírito', 'Santo']]]
111;[[['PF', 'identifica', '409', 'crimes', 'durante', 'apurações', 'da', 'Operação', 'Cai', '-'], ['PROPN', 'VERB', 'NUM', 'NOUN', 'ADP', 'NOUN', 'ADP', 'PROPN', 'PROPN', 'PUNCT'], ['identifica'], ['PF', 'identificar', '409', 'crime', 'durante', 'apuração', 'de o', 'Operação', 'Cai', '-']], [['Cai'], ['VERB'], ['Cai'], ['cair']]]
112;[[['PF', 'atua', 'em', 'invasão', 'à', 'plataforma', 'de', 'petróleo', 'em', 'Angra', 'RJ'], ['PROPN', 'VERB', 'ADP', 'NOUN', 'ADP', 'NOUN', 'ADP', 'NOUN', 'ADP', 'PROPN', 'PROPN'], ['atua'], ['PF', 'atuar', 'em', 'invasão', 'a o', 'plataforma', 'de', 'petróleo', 'em', 'Angra', 'RJ']]]
113;[[['Polícia', 'Federal', 'apreende', 'carga', 'de', 'agrotóxicos', 'contrabandeados', 'e', 'arma', 'de', 'fogo', 'durante', 'Operação', 'Hórus', 'em', 'Cascavel', '-', 'PR'], ['PROPN', 'PROPN', 'VERB', 'NOUN', 'ADP', 'NOUN', 'VERB', 'CCONJ', 'NOUN', 'ADP', 'NOUN', 'ADP', 'PROPN', 'PROPN', 'ADP', 'PROPN', 'PUNCT', 'PROPN'], ['apreende', 'contrabandeados'], ['Polícia', 'Federal', 'apreender', 'carga', 'de', 'agrotóxico', 'contrabandear', 'e', 'arma', 'de', 'fogo', 'durante', 'Operação', 'Hórus', 'em', 'Cascavel', '-', 'PR']]]
114;[[['Polícia', 'Federal', 'combate', 'crime', 'de', 'moeda', 'falsa', 'no', 'Rio', 'Grande', 'do', 'Sul'], ['PROPN', 'PROPN', 'VERB', 'NOUN', 'ADP', 'NOUN', 'ADJ', 'ADP', 'PROPN', 'PROPN', 'ADP', 'PROPN'], ['combate'], ['Polícia', 'Federal', 'combatir', 'crime', 'de', 'moeda', 'falso', 'em o', 'Rio', 'Grande', 'de o', 'Sul']]]
115;[[['PF', 'apreende', '25', 'mil', 'micropontos', 'da', 'droga', 'sintética', 'NBOH', 'em', 'Varginha', 'MG'], ['PROPN', 'VERB', 'NUM', 'NUM', 'NOUN', 'ADP', 'NOUN', 'ADJ', 'PROPN', 'ADP', 'PROPN', 'PROPN'], ['apreende'], ['PF', 'apreender', '25', 'mil', 'microponto', 'de o', 'droga', 'sintético', 'NBOH', 'em', 'Varginha', 'MG']]]
116;[[['Operação', 'felos', 'investiga', 'fraudes', 'em', 'solicitações', 'do', 'Auxílio', 'Emergencial', 'no', 'Acre'], ['NOUN', 'ADJ', 'VERB', 'NOUN', 'ADP', 'NOUN', 'ADP', 'PROPN', 'PROPN', 'ADP', 'PROPN'], ['felos', 'investiga'], ['Operação', 'felos', 'investigar', 'fraude', 'em', 'solicitação', 'de o', 'Auxílio', 'Emergencial', 'em o', 'Acre']]]
117;[[['Polícia', 'Federal', 'deflagra', 'Operação'], ['PROPN', 'PROPN', 'VERB', 'NOUN'], ['deflagra'], ['Polícia', 'Federal', 'deflagrar', 'Operação']], [['Despudor', 'no', 'Acre', 'para', 'investigar', 'publicações', 'de', 'abusos', 'sexuais', 'de', 'criança', 'na', 'internet'], ['PROPN', 'ADP', 'PROPN', 'SCONJ', 'VERB', 'NOUN', 'ADP', 'NOUN', 'ADJ', 'ADP', 'NOUN', 'ADP', 'PROPN'], ['investigar'], ['despudor', 'em o', 'Acre', 'para', 'investigar', 'publicação', 'de', 'abuso', 'sexual', 'de', 'criança', 'em o', 'Internet']]]
118;[[['PF', 'investiga', 'esquema', 'de', 'venda', 'de', 'selos', 'falsos', 'no', 'Mato', 'Grosso'], ['PROPN', 'VERB', 'NOUN', 'ADP', 'NOUN', 'ADP', 'NOUN', 'ADJ', 'ADP', 'PROPN', 'PROPN'], ['investiga'], ['PF', 'investigar', 'esquema', 'de', 'venda', 'de', 'selo', 'falso', 'em o', 'Mato', 'Grosso']]]
119;[[['Polícia', 'Federal', 'combate', 'desmatamento', 'na', 'Amazônia'], ['PROPN', 'PROPN', 'VERB', 'NOUN', 'ADP', 'PROPN'], ['combate'], ['Polícia', 'Federal', 'combatir', 'desmatamento', 'em o', 'Amazônia']]]
120;[[['PF', 'prende', 'traficante', 'foragido', 'no', 'Rio', 'de', 'Janeiro'], ['PROPN', 'VERB', 'NOUN', 'ADJ', 'ADP', 'PROPN', 'ADP', 'PROPN'], ['prende'], ['PF', 'prender', 'traficante', 'foragido', 'em o', 'Rio', 'de', 'Janeiro']]]
121;[[['PF', ',', 'em', 'ação', 'conjunta', ',', 'apreende', 'carregamento', 'de', 'cigarros', 'contrabandeados'], ['PROPN', 'PUNCT', 'ADP', 'NOUN', 'ADJ', 'PUNCT', 'VERB', 'NOUN', 'ADP', 'NOUN', 'VERB'], ['apreende', 'contrabandeados'], ['PF', ',', 'em', 'ação', 'conjunto', ',', 'apreender', 'carregamento', 'de', 'cigarro', 'contrabandear']]]
122;[[['PF', 'incinera', '375', 'kg', 'de', 'substâncias', 'entorpecentes', 'no', 'Rio', 'Grande', 'do', 'Norte'], ['PROPN', 'VERB', 'NUM', 'NOUN', 'ADP', 'NOUN', 'ADJ', 'ADP', 'PROPN', 'PROPN', 'ADP', 'PROPN'], ['incinera'], ['PF', 'incinerar', '375', 'kg', 'de', 'substância', 'entorpecente', 'em o', 'Rio', 'Grande', 'de o', 'Norte']]]
123;[[['PF', 'prende', 'suspeito', 'de', 'participar', 'de', 'vários', 'roubos', 'a', 'agências', 'dos', 'Correios', 'no', 'Espírito', 'Santo'], ['PROPN', 'VERB', 'NOUN', 'SCONJ', 'VERB', 'ADP', 'DET', 'NOUN', 'ADP', 'NOUN', 'ADP', 'PROPN', 'ADP', 'PROPN', 'PROPN'], ['prende', 'participar'], ['PF', 'prender', 'suspeito', 'de', 'participar', 'de', 'vários', 'roubo', 'a', 'agência', 'de o', 'Correios', 'em o', 'Espírito', 'Santo']]]
124;[[['PF', 'deflagra', 'duas', 'operações', 'simultâneas', 'visando', 'combater', 'a', 'disseminação', 'de', 'pornografia', 'infantil', 'Operação', 'Help', 'X', 'e', 'Operação', 'Infância'], ['PROPN', 'VERB', 'NUM', 'NOUN', 'ADJ', 'VERB', 'VERB', 'DET', 'NOUN', 'ADP', 'NOUN', 'ADJ', 'NOUN', 'PROPN', 'PROPN', 'CCONJ', 'PROPN', 'PROPN'], ['deflagra', 'visando combater'], ['PF', 'deflagrar', 'dois', 'operação', 'simultâneo', 'visar', 'combater', 'o', 'disseminação', 'de', 'pornografia', 'infantil', 'Operação', 'Help', 'X', 'e', 'Operação', 'Infância']], [['Resgatada'], ['VERB'], ['Resgatada'], ['Resgatada']]]
125;[[['PF', 'combate', 'comércio', 'ilegal', 'de', 'pássaros', 'silvestres', 'em', 'Minas', 'Gerais'], ['PROPN', 'VERB', 'NOUN', 'ADJ', 'ADP', 'NOUN', 'ADJ', 'ADP', 'PROPN', 'PROPN'], ['combate'], ['PF', 'combatir', 'comércio', 'ilegal', 'de', 'pássaro', 'silvestr', 'em', 'Minas', 'Gerais']]]
126;[[['PF', ','], ['PROPN', 'PUNCT'], [], ['PF', ',']], [['em', 'ação', 'conjunta', ',', 'apreende', 'carregamento', 'com', 'aproximadamente', '400', 'mil', 'maços', 'de', 'cigarros', 'contrabandeados'], ['ADP', 'NOUN', 'ADJ', 'PUNCT', 'VERB', 'NOUN', 'ADP', 'ADV', 'NUM', 'NUM', 'NOUN', 'ADP', 'NOUN', 'VERB'], ['apreende', 'contrabandeados'], ['em', 'ação', 'conjunto', ',', 'apreender', 'carregamento', 'com', 'aproximadamente', '400', 'mil', 'maço', 'de', 'cigarro', 'contrabandear']]]
127;[[['PF', 'combate', 'prática', 'de', 'crimes', 'previdenciários', 'em', 'Pernambuco'], ['PROPN', 'VERB', 'NOUN', 'ADP', 'NOUN', 'ADJ', 'ADP', 'PROPN'], ['combate'], ['PF', 'combatir', 'prática', 'de', 'crime', 'previdenciário', 'em', 'Pernambuco']]]
128;[[['Polícia', 'Federal', 'prende', 'mulheres', 'com', 'maconha', 'na', 'rodoviária', 'de', 'Foz', 'do', 'Iguaçu', 'PR'], ['PROPN', 'PROPN', 'VERB', 'NOUN', 'ADP', 'NOUN', 'ADP', 'NOUN', 'ADP', 'PROPN', 'ADP', 'PROPN', 'PROPN'], ['prende'], ['Polícia', 'Federal', 'prender', 'mulher', 'com', 'maconha', 'em o', 'rodoviária', 'de', 'Foz', 'de o', 'Iguaçu', 'PR']]]
129;[[['PF', 'deflagra', 'a', 'Operação', 'Bad', 'Trip', ',', 'para', 'desarticular', 'grupo', 'criminoso', 'especializado', 'no', 'tráfico', 'de', 'ecstasy'], ['PROPN', 'VERB', 'DET', 'PROPN', 'PROPN', 'PROPN', 'PUNCT', 'SCONJ', 'VERB', 'NOUN', 'ADJ', 'VERB', 'ADP', 'NOUN', 'ADP', 'PROPN'], ['deflagra', 'desarticular', 'especializado'], ['PF', 'deflagrar', 'o', 'Operação', 'Bad', 'Trip', ',', 'para', 'desarticular', 'grupo', 'criminoso', 'especializar', 'em o', 'tráfico', 'de', 'ecstasy']]]
130;[[['PF', 'combate', 'crime', 'eleitoral', 'no', 'Acre'], ['PROPN', 'VERB', 'NOUN', 'ADJ', 'ADP', 'PROPN'], ['combate'], ['PF', 'combater', 'crime', 'eleitoral', 'em o', 'Acre']]]
131;[[['Polícia', 'Federal', 'deflagra', 'Operação', 'Raposo', 'para', 'investigar', 'furtos', 'de', 'dispositivos', 'eletrônicos', 'em', 'rgão', 'público', 'paranaense'], ['PROPN', 'PROPN', 'VERB', 'PROPN', 'PROPN', 'SCONJ', 'VERB', 'NOUN', 'ADP', 'NOUN', 'ADJ', 'ADP', 'ADJ', 'NOUN', 'ADJ'], ['deflagra', 'investigar'], ['Polícia', 'Federal', 'deflagrar', 'Operação', 'Raposo', 'para', 'investigar', 'furto', 'de', 'dispositivo', 'eletrônico', 'em', 'rgão', 'público', 'paranaense']]]
132;[[['PF', 'combate', 'desvios', 'de', 'recursos', 'públicos', 'destinados', 'ao', 'combate', 'à', 'Covid', '-', '19', 'no', 'Piauí'], ['PROPN', 'VERB', 'NOUN', 'ADP', 'NOUN', 'ADJ', 'VERB', 'ADP', 'NOUN', 'ADP', 'PROPN', 'PUNCT', 'NUM', 'ADP', 'PROPN'], ['combate', 'destinados'], ['PF', 'combater', 'desvio', 'de', 'recurso', 'público', 'destinar', 'a o', 'combate', 'a o', 'Covid', '-', '19', 'em o', 'Piauí']]]
133;[[['PF', 'prende', '2', 'pessoas', 'identificadas', 'pela', 'receita', 'com', 'droga', 'dentro', 'de', 'embalagens', 'de', 'café', 'e', 'remédios'], ['PROPN', 'VERB', 'NUM', 'NOUN', 'VERB', 'ADP', 'NOUN', 'ADP', 'NOUN', 'ADV', 'ADP', 'NOUN', 'ADP', 'NOUN', 'CCONJ', 'NOUN'], ['prende', 'identificadas'], ['PF', 'prender', '2', 'pessoa', 'identificar', 'por o', 'receita', 'com', 'droga', 'dentro', 'de', 'embalagem', 'de', 'café', 'e', 'remédio']]]
134;[[['Polícia', 'Federal', 'cumpre', 'mandado', 'de', 'prisão', 'em', 'desfavor', 'de', 'ex'], ['PROPN', 'PROPN', 'VERB', 'VERB', 'ADP', 'NOUN', 'ADP', 'NOUN', 'ADP', 'PUNCT'], ['cumpre mandado'], ['Polícia', 'Federal', 'cumprir', 'mandar', 'de', 'prisão', 'em', 'desfavor', 'de', 'ex']], [['-', 'prefeito', 'municipal', 'de', 'cidade', 'vizinha'], ['PUNCT', 'NOUN', 'ADJ', 'ADP', 'NOUN', 'ADJ'], [], ['-', 'prefeito', 'municipal', 'de', 'cidade', 'vizinho']]]
135;[[['PF', 'prende', 'em', 'flagrante', 'por', 'estelionato', 'homem', 'condenado', 'por', 'divulgar', 'pornografia', 'infantil'], ['PROPN', 'VERB', 'ADP', 'NOUN', 'ADP', 'NOUN', 'NOUN', 'VERB', 'SCONJ', 'VERB', 'NOUN', 'ADJ'], ['prende', 'condenado', 'divulgar'], ['PF', 'prender', 'em', 'flagrante', 'por', 'estelionato', 'homem', 'condenar', 'por', 'divulgar', 'pornografia', 'infantil']]]
136;[[['PF', 'prende', ',', 'no', 'Rio', 'Grande', 'do', 'Norte', ',', 'procurado', 'pela', 'Justiça', 'de', 'Goiás'], ['PROPN', 'VERB', 'PUNCT', 'ADP', 'PROPN', 'PROPN', 'ADP', 'PROPN', 'PUNCT', 'VERB', 'ADP', 'PROPN', 'ADP', 'PROPN'], ['prende', 'procurado'], ['PF', 'prender', ',', 'em o', 'Rio', 'Grande', 'de o', 'Norte', ',', 'procurar', 'por o', 'justiça', 'de', 'Goiás']]]
137;[[['PF', 'apreende', '100', 'kg', 'de', 'cocaína', 'no', 'Mato', 'Grosso'], ['PROPN', 'VERB', 'NUM', 'NOUN', 'ADP', 'NOUN', 'ADP', 'PROPN', 'PROPN'], ['apreende'], ['PF', 'apreender', '100', 'kg', 'de', 'cocaína', 'em o', 'Mato', 'Grosso']]]
138;[[['PF', ',', 'em', 'ação', 'conjunta', ',', 'apreende', 'cocaína', 'no', 'Rio', 'Juruá'], ['PROPN', 'PUNCT', 'ADP', 'NOUN', 'ADJ', 'PUNCT', 'VERB', 'NOUN', 'ADP', 'PROPN', 'PROPN'], ['apreende'], ['PF', ',', 'em', 'ação', 'conjunto', ',', 'apreender', 'cocaína', 'em o', 'Rio', 'Juruá']]]
139;[[['Polícia', 'Federal', 'desarticula', 'grupo', 'criminoso', 'responsável', 'por', 'fraudes', 'na', 'concessão', 'de', 'Benefícios', 'Previdenciários'], ['PROPN', 'PROPN', 'VERB', 'NOUN', 'ADJ', 'ADJ', 'ADP', 'NOUN', 'ADP', 'NOUN', 'ADP', 'NOUN', 'PROPN'], ['desarticula'], ['Polícia', 'Federal', 'desarticular', 'grupo', 'criminoso', 'responsável', 'por', 'fraude', 'em o', 'concessão', 'de', 'Benefícios', 'previdenciário']]]
140;[[['Polícia', 'Federal', 'combate', 'garimpo', 'na', 'Terra', 'Indígena', 'Yanomami', '.'], ['PROPN', 'PROPN', 'VERB', 'ADJ', 'ADP', 'PROPN', 'PROPN', 'PROPN', 'PUNCT'], ['combate'], ['Polícia', 'Federal', 'combatir', 'garimpo', 'em o', 'Terra', 'Indígena', 'Yanomami', '.']]]
141;[[['PF', 'prende', ',', 'no', 'Rio', 'de', 'Janeiro', ',', 'solicitante', 'de', 'passaporte', 'foragido', 'desde', '2011'], ['PROPN', 'VERB', 'PUNCT', 'ADP', 'PROPN', 'ADP', 'PROPN', 'PUNCT', 'NOUN', 'ADP', 'NOUN', 'ADJ', 'ADP', 'NUM'], ['prende'], ['PF', 'prender', ',', 'em o', 'Rio', 'de', 'Janeiro', ',', 'solicitante', 'de', 'passaporte', 'foragido', 'desde', '2011']]]
142;[[['Policiais', 'apreendem', 'essências', 'de', 'narguilé', 'e', 'cigarros', 'eletrônicos', 'na', 'região', 'da', 'Vila', 'Portes', ',', 'em', 'Foz', 'do', 'Iguaçu', 'PR'], ['NOUN', 'VERB', 'NOUN', 'ADP', 'NOUN', 'CCONJ', 'NOUN', 'ADJ', 'ADP', 'NOUN', 'ADP', 'PROPN', 'PROPN', 'PUNCT', 'ADP', 'PROPN', 'ADP', 'PROPN', 'PROPN'], ['apreendem'], ['policial', 'apreender', 'essência', 'de', 'narguilé', 'e', 'cigarro', 'eletrônico', 'em o', 'região', 'de o', 'Vila', 'porte', ',', 'em', 'Foz', 'de o', 'Iguaçu', 'PR']]]
143;[[['Ação', 'integrada', 'de', 'órgãos', 'federais', 'divulga', 'resultados', 'da', 'Operação', 'Resgate', 'nesta', 'quinta', '-', 'feira'], ['NOUN', 'VERB', 'ADP', 'NOUN', 'ADJ', 'VERB', 'NOUN', 'ADP', 'PROPN', 'PROPN', 'ADP', 'NOUN', 'PUNCT', 'NOUN'], ['integrada', 'divulga'], ['ação', 'integrar', 'de', 'órgão', 'federal', 'divulgar', 'resultado', 'de o', 'Operação', 'resgate', 'em este', 'quinta', '-', 'feira']]]
144;[[['Policiais', 'cumprem', 'mandado', 'de', 'prisão', 'na', 'Ponte', 'da', 'Amizade'], ['NOUN', 'VERB', 'VERB', 'ADP', 'NOUN', 'ADP', 'PROPN', 'ADP', 'PROPN'], ['cumprem mandado'], ['policial', 'cumprem', 'mandar', 'de', 'prisão', 'em o', 'Ponte', 'de o', 'Amizade']]]
145;[[['PF', 'combate', 'crime', 'de', 'moeda', 'falsa', 'no', 'Rio', 'Grande', 'do', 'Norte'], ['PROPN', 'VERB', 'NOUN', 'ADP', 'NOUN', 'ADJ', 'ADP', 'PROPN', 'PROPN', 'ADP', 'PROPN'], ['combate'], ['PF', 'combatir', 'crime', 'de', 'moeda', 'falso', 'em o', 'Rio', 'Grande', 'de o', 'Norte']]]
146;[[['PF', 'deflagra', 'a', 'segunda', 'fase', 'da', 'Operação', 'Alcatraz', ',', 'denominada'], ['PROPN', 'VERB', 'DET', 'ADJ', 'NOUN', 'ADP', 'PROPN', 'PROPN', 'PUNCT', 'VERB'], ['deflagra', 'denominada'], ['PF', 'deflagrar', 'o', 'segundo', 'fase', 'de o', 'Operação', 'Alcatraz', ',', 'denominar']], [['Hemorragia'], ['NOUN'], [], ['Hemorragia']]]
147;[[['PF', ',', 'em', 'ação', 'integrada', ',', 'realiza', 'nova', 'apreensão', 'de', 'agrotóxicos'], ['PROPN', 'PUNCT', 'ADP', 'NOUN', 'VERB', 'PUNCT', 'VERB', 'ADJ', 'NOUN', 'ADP', 'NOUN'], ['integrada', 'realiza'], ['PF', ',', 'em', 'ação', 'integrar', ',', 'realizar', 'novo', 'apreensão', 'de', 'agrotóxico']]]
148;[[['PF', 'e', 'PM', 'apreendem', '450', 'kg', 'de', 'agrotóxicos', 'em', 'Guaíra', 'PR'], ['PROPN', 'CCONJ', 'PROPN', 'VERB', 'NUM', 'NOUN', 'ADP', 'NOUN', 'ADP', 'PROPN', 'PROPN'], ['apreendem'], ['PF', 'e', 'PM', 'apreender', '450', 'kg', 'de', 'agrotóxico', 'em', 'Guaíra', 'PR']]]
149;[[['PF', 'apreende', 'quase', '8', 'kg', 'de', 'cocaína', 'em', 'São', 'Paulo'], ['PROPN', 'VERB', 'ADV', 'NUM', 'NOUN', 'ADP', 'NOUN', 'ADP', 'PROPN', 'PROPN'], ['apreende'], ['PF', 'apreender', 'quase', '8', 'kg', 'de', 'cocaína', 'em', 'São', 'Paulo']]]
150;[[['Polícia', 'Federal', 'e', 'Receita', 'Federal', 'apreendem', '435', 'mil', 'reais', 'na', 'fronteira', 'com', 'o', 'Uruguai'], ['PROPN', 'PROPN', 'CCONJ', 'PROPN', 'PROPN', 'VERB', 'NUM', 'NUM', 'NOUN', 'ADP', 'NOUN', 'ADP', 'DET', 'PROPN'], ['apreendem'], ['Polícia', 'Federal', 'e', 'Receita', 'Federal', 'apreender', '435', 'mil', 'real', 'em o', 'fronteira', 'com', 'o', 'Uruguai']]]
151;[[['Polícia', 'Federal', 'realiza', 'prisão', 'de', 'destinatário', 'de', 'drogas', 'pelos', 'Correios'], ['PROPN', 'PROPN', 'VERB', 'NOUN', 'ADP', 'NOUN', 'ADP', 'NOUN', 'ADP', 'NOUN'], ['realiza'], ['Polícia', 'Federal', 'realizar', 'prisão', 'de', 'destinatário', 'de', 'droga', 'por o', 'correio']]]
152;[[['PF', 'combate', 'extração', 'ilegal', 'de', 'minério', 'de', 'ouro', 'no', 'Pará'], ['PROPN', 'VERB', 'NOUN', 'ADJ', 'ADP', 'NOUN', 'ADP', 'NOUN', 'ADP', 'PROPN'], ['combate'], ['PF', 'combatir', 'extração', 'ilegal', 'de', 'minério', 'de', 'ouro', 'em o', 'Pará']]]
153;[[['PF', ','], ['PROPN', 'PUNCT'], [], ['PF', ',']], [['no', 'âmbito', 'da', 'Operação', 'Hórus', ',', 'apreende', 'mais', 'um', 'carregamento', 'de', 'maconha'], ['ADP', 'NOUN', 'ADP', 'PROPN', 'PROPN', 'PUNCT', 'VERB', 'ADV', 'NUM', 'NOUN', 'ADP', 'NOUN'], ['apreende'], ['em o', 'âmbito', 'de o', 'Operação', 'Hórus', ',', 'apreender', 'mais', 'um', 'carregamento', 'de', 'Maconha']]]
154;[[['Polícia', 'Federal', 'deflagra', 'Operação', 'Cash', 'Delivery', 'para', 'apurar', 'prejuízo', 'de', '600', 'mil', 'reais', 'a', 'clientes', 'da', 'Caixa', 'Econômica', 'Federal', 'de', 'Jaguarão', 'RS'], ['PROPN', 'PROPN', 'VERB', 'NOUN', 'PROPN', 'PROPN', 'SCONJ', 'VERB', 'NOUN', 'ADP', 'NUM', 'NUM', 'ADJ', 'ADP', 'NOUN', 'ADP', 'PROPN', 'PROPN', 'PROPN', 'ADP', 'PROPN', 'PROPN'], ['deflagra', 'apurar'], ['Polícia', 'Federal', 'deflagrar', 'Operação', 'Cash', 'Delivery', 'para', 'apurar', 'prejuízo', 'de', '600', 'mil', 'real', 'a', 'cliente', 'de o', 'Caixa', 'Econômica', 'Federal', 'de', 'Jaguarão', 'RS']]]
155;[[['PF', 'prende', 'traficante', 'holandês', 'procurado', 'pela', 'Interpol', 'no', 'Rio', 'de', 'Janeiro'], ['PROPN', 'VERB', 'NOUN', 'ADJ', 'VERB', 'ADP', 'PROPN', 'ADP', 'PROPN', 'ADP', 'PROPN'], ['prende', 'procurado'], ['PF', 'prender', 'traficante', 'holandês', 'procurar', 'por o', 'Interpol', 'em o', 'Rio', 'de', 'Janeiro']]]
156;[[['PF', 'combate', 'divulgação', 'de', 'pornografia', 'infantojuvenil', 'pela', 'internet'], ['PROPN', 'VERB', 'NOUN', 'ADP', 'NOUN', 'ADJ', 'ADP', 'PROPN'], ['combate'], ['PF', 'combatir', 'divulgação', 'de', 'pornografia', 'infantojuvenil', 'por o', 'Internet']]]
157;[[['PF', 'extradita', 'da', 'Espanha', 'procurada', 'pela', 'Interpol'], ['PROPN', 'VERB', 'ADP', 'PROPN', 'VERB', 'ADP', 'PROPN'], ['extradita', 'procurada'], ['PF', 'extraditar', 'de o', 'Espanha', 'procurar', 'por o', 'Interpol']]]
158;[[['PF', 'investiga', 'desvio', 'de', 'recursos', 'públicos', 'destinados', 'ao', 'custeio', 'de', 'centros', 'de', 'educação', 'infantil', 'e', 'creches'], ['PROPN', 'VERB', 'NOUN', 'ADP', 'NOUN', 'ADJ', 'VERB', 'ADP', 'NOUN', 'ADP', 'NOUN', 'ADP', 'NOUN', 'ADJ', 'CCONJ', 'NOUN'], ['investiga', 'destinados'], ['PF', 'investigar', 'desvio', 'de', 'recurso', 'público', 'destinar', 'a o', 'custeio', 'de', 'centro', 'de', 'educação', 'infantil', 'e', 'creche']]]
159;[[['Polícia', 'Federal', 'prende', 'foragido', 'da', 'Justiça', 'de', 'Santa', 'Catarina'], ['PROPN', 'PROPN', 'VERB', 'NOUN', 'ADP', 'PROPN', 'ADP', 'PROPN', 'PROPN'], ['prende'], ['Polícia', 'Federal', 'prender', 'foragido', 'de o', 'justiça', 'de', 'Santa', 'Catarina']]]
160;[[['PF', 'remove', 'líder', 'de', 'facção', 'criminosa', 'para', 'presídio', 'federal'], ['PROPN', 'VERB', 'NOUN', 'ADP', 'NOUN', 'ADJ', 'ADP', 'NOUN', 'ADJ'], ['remove'], ['PF', 'remover', 'líder', 'de', 'facção', 'criminoso', 'para', 'presídio', 'federal']]]
161;[[['PF', 'prende', 'suspeito', 'de', 'disseminação', 'de', 'pornografia', 'infantil', 'na', 'internet'], ['PROPN', 'VERB', 'NOUN', 'ADP', 'NOUN', 'ADP', 'NOUN', 'ADJ', 'ADP', 'PROPN'], ['prende'], ['PF', 'prender', 'suspeito', 'de', 'disseminação', 'de', 'pornografia', 'infantil', 'em o', 'Internet']]]
162;[[['Publicado', 'edital', 'do', 'concurso', 'da', 'Polícia', 'Federal'], ['VERB', 'NOUN', 'ADP', 'NOUN', 'ADP', 'PROPN', 'PROPN'], ['Publicado'], ['publicado', 'edital', 'de o', 'concurso', 'de o', 'Polícia', 'Federal']]]
163;[[['PF', ',', 'em', 'ação', 'conjunta', 'com', 'a', 'PRF', ',', 'apreendeu', 'grande', 'quantidade', 'de', 'cigarros', 'no', 'Litoral', 'Sul'], ['PROPN', 'PUNCT', 'ADP', 'NOUN', 'ADJ', 'ADP', 'DET', 'PROPN', 'PUNCT', 'VERB', 'ADJ', 'NOUN', 'ADP', 'NOUN', 'ADP', 'PROPN', 'PROPN'], ['apreendeu'], ['PF', ',', 'em', 'ação', 'conjunto', 'com', 'o', 'PRF', ',', 'apreender', 'grande', 'quantidade', 'de', 'cigarro', 'em o', 'Litoral', 'Sul']], [['Potiguar'], ['PROPN'], [], ['potiguar']]]
164;[[['PF', 'prende', 'por', 'uso', 'de', 'documentos', 'falsos'], ['PROPN', 'VERB', 'ADP', 'NOUN', 'ADP', 'NOUN', 'ADJ'], ['prende'], ['PF', 'prender', 'por', 'uso', 'de', 'documento', 'falso']]]
165;[[['PF', ',', 'em', 'ação', 'conjunta', ',', 'deflagrou', 'a', 'Operação', 'Festa', 'Branca', 'em', 'Rondônia'], ['PROPN', 'PUNCT', 'ADP', 'NOUN', 'ADJ', 'PUNCT', 'VERB', 'DET', 'PROPN', 'PROPN', 'PROPN', 'ADP', 'PROPN'], ['deflagrou'], ['PF', ',', 'em', 'ação', 'conjunto', ',', 'deflagrar', 'o', 'Operação', 'Festa', 'Branca', 'em', 'Rondônia']]]
166;[[['PF', 'desarticula', 'grupo', 'criminoso', 'especializado', 'em', 'tráfico', 'de', 'drogas', 'em', 'Pernambuco'], ['PROPN', 'VERB', 'NOUN', 'ADJ', 'VERB', 'ADP', 'NOUN', 'ADP', 'NOUN', 'ADP', 'PROPN'], ['desarticula', 'especializado'], ['PF', 'desarticular', 'grupo', 'criminoso', 'especializar', 'em', 'tráfico', 'de', 'droga', 'em', 'Pernambuco']]]
167;[[['PF', 'prende', 'por', 'saques', 'de', 'benefícios', 'fraudulentos', 'do', 'INSS'], ['PROPN', 'VERB', 'ADP', 'NOUN', 'ADP', 'NOUN', 'ADJ', 'ADP', 'PROPN'], ['prende'], ['PF', 'prender', 'por', 'saque', 'de', 'benefício', 'fraudulento', 'de o', 'INSS']]]
168;[[['PF', 'deflagra', 'mais', 'uma', 'fase', 'da', 'Operação', 'Pesadelo', 'no', 'Espirito', 'Santo'], ['PROPN', 'VERB', 'ADV', 'NUM', 'NOUN', 'ADP', 'PROPN', 'PROPN', 'ADP', 'PROPN', 'PROPN'], ['deflagra'], ['PF', 'deflagrar', 'mais', 'um', 'fase', 'de o', 'Operação', 'Pesadelo', 'em o', 'Espirito', 'Santo']]]
169;[[['PF', 'prende', 'quatro', 'pessoas', 'por', 'tráfico', 'de', 'drogas', 'em', 'Roraima'], ['PROPN', 'VERB', 'NUM', 'NOUN', 'ADP', 'NOUN', 'ADP', 'NOUN', 'ADP', 'PROPN'], ['prende'], ['PF', 'prender', 'quatro', 'pessoa', 'por', 'tráfico', 'de', 'droga', 'em', 'Roraima']]]
170;[[['PF', 'participa', 'de', 'visita', 'a', 'entidades', 'estadunidenses', 'responsáveis', 'pelo', 'combate', 'ao', 'tráfico', 'de', 'madeiras'], ['PROPN', 'VERB', 'ADP', 'NOUN', 'ADP', 'NOUN', 'ADJ', 'ADJ', 'ADP', 'NOUN', 'ADP', 'NOUN', 'ADP', 'NOUN'], ['participa'], ['PF', 'participar', 'de', 'visita', 'a', 'entidade', 'estadunidens', 'responsável', 'por o', 'combate', 'a o', 'tráfico', 'de', 'madeira']]]
171;[[['PF', 'apreende', 'embarcação', 'preparada', 'para', 'o', 'transporte', 'de', 'ilícitos'], ['PROPN', 'VERB', 'NOUN', 'VERB', 'ADP', 'DET', 'NOUN', 'ADP', 'NOUN'], ['apreende', 'preparada'], ['PF', 'apreender', 'embarcação', 'preparar', 'para', 'o', 'transporte', 'de', 'ilícito']]]
172;[[['OPERA'], ['PROPN'], [], ['OPERA']], [['O', 'H', 'RUS', 'PF', 'apreende', 'aproximadamente', '250', 'mil', 'maços', 'de', 'cigarros', 'contrabandeados', 'no', 'Paraná'], ['DET', 'NOUN', 'PROPN', 'PROPN', 'VERB', 'ADV', 'NUM', 'NUM', 'NOUN', 'ADP', 'NOUN', 'VERB', 'ADP', 'PROPN'], ['apreende', 'contrabandeados'], ['o', 'H', 'RUS', 'PF', 'apreender', 'aproximadamente', '250', 'mil', 'maço', 'de', 'cigarro', 'contrabandear', 'em o', 'Paraná']]]
173;[[['PF', 'deflagra', 'operação'], ['PROPN', 'VERB', 'NOUN'], ['deflagra'], ['PF', 'deflagrar', 'operação']], [['Tantos', 'no', 'combate', 'ao', 'crime', 'de', 'compra', 'de', 'votos', 'no', 'Ceará'], ['NOUN', 'ADP', 'NOUN', 'ADP', 'NOUN', 'ADP', 'NOUN', 'ADP', 'NOUN', 'ADP', 'PROPN'], [], ['tanto', 'em o', 'combate', 'a o', 'crime', 'de', 'compra', 'de', 'voto', 'em o', 'Ceará']]]
174;[[['PF', 'apreende', 'uma', 'tonelada', 'de', 'maconha', 'no', 'Paraná'], ['PROPN', 'VERB', 'DET', 'NOUN', 'ADP', 'NOUN', 'ADP', 'PROPN'], ['apreende'], ['PF', 'apreender', 'um', 'tonelada', 'de', 'maconha', 'em o', 'Paraná']]]
175;[[['PF', 'cumpre', 'mandado', 'de', 'prisão', 'temporária', 'de', 'distribuidor', 'de', 'células', 'falsas'], ['PROPN', 'VERB', 'VERB', 'ADP', 'NOUN', 'ADJ', 'ADP', 'NOUN', 'ADP', 'NOUN', 'ADJ'], ['cumpre mandado'], ['PF', 'cumprir', 'mandar', 'de', 'prisão', 'temporário', 'de', 'distribuidor', 'de', 'célula', 'falso']]]
176;[[['Polícia', 'Federal', 'realiza', 'extradição', 'de', 'cidadão', 'paraguaio', ',', 'com', 'destino', 'à', 'cidade', 'de', 'Buenos', 'Aires', 'Argentina'], ['PROPN', 'PROPN', 'VERB', 'NOUN', 'ADP', 'NOUN', 'ADJ', 'PUNCT', 'ADP', 'NOUN', 'ADP', 'NOUN', 'ADP', 'PROPN', 'PROPN', 'PROPN'], ['realiza'], ['Polícia', 'Federal', 'realizar', 'extradição', 'de', 'cidadão', 'paraguaio', ',', 'com', 'destino', 'a o', 'cidade', 'de', 'Buenos', 'Aires', 'Argentina']]]
177;[[['Polícia', 'Federal', 'realiza', 'primeira', 'apreensão', 'de', 'cocaína', 'do', 'ano', 'de', '2021', 'no', 'aeroporto', 'internacional', 'dos', 'Guararapes'], ['PROPN', 'PROPN', 'VERB', 'ADJ', 'NOUN', 'ADP', 'NOUN', 'ADP', 'NOUN', 'ADP', 'NUM', 'ADP', 'NOUN', 'ADJ', 'ADP', 'PROPN'], ['realiza'], ['Polícia', 'Federal', 'realizar', 'primeiro', 'apreensão', 'de', 'cocaína', 'de o', 'ano', 'de', '2021', 'em o', 'aeroporto', 'internacional', 'de o', 'Guararapes']]]
178;[[['PF', 'participa', 'da', 'Operação', 'Concórdia', 'para', 'combater', 'tráfico', 'de', 'drogas', 'e', 'armas', 'no', 'Rio', 'Grande', 'do', 'Norte'], ['PROPN', 'VERB', 'ADP', 'PROPN', 'PROPN', 'SCONJ', 'VERB', 'NOUN', 'ADP', 'NOUN', 'CCONJ', 'NOUN', 'ADP', 'PROPN', 'PROPN', 'ADP', 'PROPN'], ['participa', 'combater'], ['PF', 'participar', 'de o', 'Operação', 'Concórdia', 'para', 'combater', 'tráfico', 'de', 'droga', 'e', 'arma', 'em o', 'Rio', 'Grande', 'de o', 'Norte']]]
179;[[['PF', 'apreende', 'mais', 'de', 'uma', 'tonelada', 'de', 'maconha'], ['PROPN', 'VERB', 'ADV', 'ADP', 'DET', 'NOUN', 'ADP', 'NOUN'], ['apreende'], ['PF', 'apreender', 'mais', 'de', 'um', 'tonelada', 'de', 'Maconha']]]
180;[[['PF', 'e', 'BPFRON', 'apreendem', 'dois', 'veículos', 'carregados', 'com', 'cigarros', 'paraguaios'], ['PROPN', 'CCONJ', 'PROPN', 'VERB', 'NUM', 'NOUN', 'VERB', 'ADP', 'NOUN', 'ADJ'], ['apreendem', 'carregados'], ['PF', 'e', 'BPFRON', 'apreender', 'dois', 'veículo', 'carregar', 'com', 'cigarro', 'paraguaio']]]
181;[[['PF', 'e', 'BPFRON', 'apreendem', 'carreta', 'bi', '-', 'trem', 'carregada', 'com', 'cigarros', 'contrabandeados'], ['PROPN', 'CCONJ', 'PROPN', 'VERB', 'NOUN', 'PROPN', 'PUNCT', 'NOUN', 'VERB', 'ADP', 'NOUN', 'VERB'], ['apreendem', 'carregada', 'contrabandeados'], ['PF', 'e', 'BPFRON', 'apreender', 'carreta', 'bi', '-', 'trem', 'carregar', 'com', 'cigarro', 'contrabandear']]]
182;[[['PF', 'e', 'BPFRON', 'apreendem', 'três', 'veículos', 'carregados', 'com', 'cigarros', 'paraguaios'], ['PROPN', 'CCONJ', 'PROPN', 'VERB', 'NUM', 'NOUN', 'VERB', 'ADP', 'NOUN', 'ADJ'], ['apreendem', 'carregados'], ['PF', 'e', 'BPFRON', 'apreender', 'três', 'veículo', 'carregar', 'com', 'cigarro', 'paraguaio']]]
183;[[['PF', 'apreende', 'droga', 'despachada', 'pelos', 'Correios'], ['PROPN', 'VERB', 'NOUN', 'VERB', 'ADP', 'NOUN'], ['apreende', 'despachada'], ['PF', 'apreender', 'droga', 'despachar', 'por o', 'correio']]]
184;[[['PF', 'prende', 'foragido', 'da', 'Justiça', 'em', 'Redenção', 'PA'], ['PROPN', 'VERB', 'NOUN', 'ADP', 'NOUN', 'ADP', 'PROPN', 'PROPN'], ['prende'], ['PF', 'prender', 'foragido', 'de o', 'justiça', 'em', 'Redenção', 'PA']]]
185;[[['PF', 'prende', 'passageiros', 'com', 'droga', 'fixada', 'ao', 'corpo', 'e', 'dentro', 'de', 'embalagens', 'de', 'produtos'], ['PROPN', 'VERB', 'NOUN', 'ADP', 'NOUN', 'VERB', 'ADP', 'NOUN', 'CCONJ', 'ADV', 'ADP', 'NOUN', 'ADP', 'NOUN'], ['prende', 'fixada'], ['PF', 'prender', 'passageiro', 'com', 'droga', 'fixar', 'a o', 'corpo', 'e', 'dentro', 'de', 'embalagem', 'de', 'produto']]]
186;[[['PF', 'e', 'BPFRON', 'apreendem', 'carregamento', 'de', 'cigarros', 'contrabandeados', 'em', 'Terra', 'Roxa', 'PR'], ['PROPN', 'CCONJ', 'PROPN', 'VERB', 'NOUN', 'ADP', 'NOUN', 'VERB', 'ADP', 'PROPN', 'PROPN', 'PROPN'], ['apreendem', 'contrabandeados'], ['PF', 'e', 'BPFRON', 'apreender', 'carregamento', 'de', 'cigarro', 'contrabandear', 'em', 'Terra', 'Roxa', 'PR']]]
187;[[['PF', 'prende', 'passageiro', 'com', 'droga', 'oculta', 'em', 'fundo', 'falso', 'de', 'mala'], ['PROPN', 'VERB', 'NOUN', 'ADP', 'NOUN', 'VERB', 'ADP', 'NOUN', 'ADJ', 'ADP', 'NOUN'], ['prende', 'oculta'], ['PF', 'prender', 'passageiro', 'com', 'droga', 'ocultar', 'em', 'fundo', 'falso', 'de', 'mala']]]
188;[[['PF', 'deflagra', 'a', 'Operação', 'Hermano', 'para', 'apurar', 'esquema', 'de', 'corrupção', 'em', 'Iracema', 'RR'], ['PROPN', 'VERB', 'DET', 'PROPN', 'PROPN', 'SCONJ', 'VERB', 'NOUN', 'ADP', 'NOUN', 'ADP', 'PROPN', 'PROPN'], ['deflagra', 'apurar'], ['PF', 'deflagrar', 'o', 'Operação', 'Hermano', 'para', 'apurar', 'esquema', 'de', 'corrupção', 'em', 'Iracema', 'RR']]]
189;[[['Polícia', 'Federal', 'combate', 'crime', 'de', 'aquisição', 'de', 'moeda', 'falsa', 'em', 'Alagoas'], ['PROPN', 'PROPN', 'VERB', 'NOUN', 'ADP', 'NOUN', 'ADP', 'NOUN', 'ADJ', 'ADP', 'PROPN'], ['combate'], ['Polícia', 'Federal', 'combatir', 'crime', 'de', 'aquisição', 'de', 'moeda', 'falso', 'em', 'Alagoas']]]
190;[[['Policiais', 'apreendem', 'veículo', 'carregado', 'com', 'eletrônicos', 'em', 'Foz', 'do', 'Iguaçu', 'PR'], ['NOUN', 'VERB', 'NOUN', 'VERB', 'ADP', 'NOUN', 'ADP', 'PROPN', 'ADP', 'PROPN', 'PROPN'], ['apreendem', 'carregado'], ['policial', 'apreender', 'veículo', 'carregar', 'com', 'eletrônico', 'em', 'Foz', 'de o', 'Iguaçu', 'PR']]]
191;[[['Polícia', 'Federal', 'prende', 'homem', 'que', 'adquiriu', 'cédulas', 'falsas', 'em', 'redes', 'sociais'], ['PROPN', 'PROPN', 'VERB', 'NOUN', 'PRON', 'VERB', 'NOUN', 'ADJ', 'ADP', 'NOUN', 'ADJ'], ['prende', 'adquiriu'], ['Polícia', 'Federal', 'prender', 'homem', 'que', 'adquirir', 'cédula', 'falso', 'em', 'rede', 'social']]]
192;[[['Polícia', 'Federal', 'e', 'Marinha', 'do', 'Brasil', 'realizam', 'ações', 'de', 'cooperação', 'internacional', 'para', 'interceptar', 'embarcação', 'carregada', 'com', 'cocaína'], ['PROPN', 'PROPN', 'CCONJ', 'PROPN', 'ADP', 'PROPN', 'VERB', 'NOUN', 'ADP', 'NOUN', 'ADJ', 'SCONJ', 'VERB', 'NOUN', 'VERB', 'ADP', 'NOUN'], ['realizam', 'interceptar', 'carregada'], ['Polícia', 'Federal', 'e', 'Marinha', 'de o', 'Brasil', 'realizar', 'ação', 'de', 'cooperação', 'internacional', 'para', 'interceptar', 'embarcação', 'carregar', 'com', 'cocaína']]]
193;[[['PF', 'prende', 'acusado', 'de', 'homicídio', 'por', 'meio', 'de', 'cooperação', 'policial', 'internacional'], ['PROPN', 'VERB', 'VERB', 'ADP', 'NOUN', 'ADP', 'NOUN', 'ADP', 'NOUN', 'ADJ', 'ADJ'], ['prende acusado'], ['PF', 'prender', 'acusar', 'de', 'homicídio', 'por', 'meio', 'de', 'cooperação', 'policial', 'internacional']]]
194;[[['Polícia', 'Federal', 'combate', 'o', 'crime', 'de', 'descaminho', 'no', 'Rio', 'Grande', 'do', 'Sul'], ['PROPN', 'PROPN', 'VERB', 'DET', 'NOUN', 'ADP', 'NOUN', 'ADP', 'PROPN', 'PROPN', 'ADP', 'PROPN'], ['combate'], ['Polícia', 'Federal', 'combater', 'o', 'crime', 'de', 'descaminho', 'em o', 'Rio', 'Grande', 'de o', 'Sul']]]
195;[[['Polícia', 'Federal', 'e', 'BPFRON', 'prendem', 'motorista', 'com', 'caminhão', 'carregado', 'com', 'cigarros', 'paraguaios'], ['PROPN', 'PROPN', 'CCONJ', 'PROPN', 'VERB', 'NOUN', 'ADP', 'NOUN', 'VERB', 'ADP', 'NOUN', 'ADJ'], ['prendem', 'carregado'], ['Polícia', 'Federal', 'e', 'BPFRON', 'prender', 'motorista', 'com', 'caminhão', 'carregar', 'com', 'cigarro', 'paraguaio']]]
196;[[['Polícia', 'Federal', 'e', 'Marinha', 'do', 'Brasil', 'trazem', 'até', 'a', 'costa', 'de', 'Pernambuco', 'veleiro', 'interceptado', 'com', 'drogas', 'no', 'mar', 'territorial', 'brasileiro'], ['PROPN', 'PROPN', 'CCONJ', 'PROPN', 'ADP', 'PROPN', 'VERB', 'ADP', 'DET', 'NOUN', 'ADP', 'PROPN', 'NOUN', 'VERB', 'ADP', 'NOUN', 'ADP', 'NOUN', 'ADJ', 'ADJ'], ['trazem', 'interceptado'], ['Polícia', 'Federal', 'e', 'Marinha', 'de o', 'Brasil', 'trazer', 'até', 'o', 'costa', 'de', 'Pernambuco', 'veleiro', 'interceptar', 'com', 'droga', 'em o', 'mar', 'territorial', 'brasileiro']]]
197;[[['Operação', 'Kambaí', 'combate', 'a', 'prática', 'de', 'crimes', 'ambientais', 'em', 'terra', 'indígena'], ['PROPN', 'PROPN', 'VERB', 'DET', 'NOUN', 'ADP', 'NOUN', 'ADJ', 'ADP', 'NOUN', 'ADJ'], ['combate'], ['Operação', 'Kambaí', 'combater', 'o', 'prática', 'de', 'crime', 'ambiental', 'em', 'terra', 'indígena']]]
198;[[['Polícia', 'Federal', 'apreende', 'cerca', 'de', 'meia', 'tonelada', 'de', 'cocaína', 'em', 'avião', 'no', 'aeroporto', 'de', 'Salvador', 'BA'], ['PROPN', 'PROPN', 'VERB', 'ADV', 'ADP', 'NOUN', 'NOUN', 'ADP', 'NOUN', 'ADP', 'NOUN', 'ADP', 'NOUN', 'ADP', 'PROPN', 'PROPN'], ['apreende'], ['Polícia', 'Federal', 'apreender', 'cerca', 'de', 'meia', 'tonelada', 'de', 'cocaína', 'em', 'avião', 'em o', 'aeroporto', 'de', 'Salvador', 'BA']]]
199;[[['PF', 'incinera', '140', 'kg', 'de', 'droga', 'em', 'Cruzeiro', 'do', 'Sul'], ['PROPN', 'VERB', 'NUM', 'NOUN', 'ADP', 'NOUN', 'ADP', 'PROPN', 'ADP', 'PROPN'], ['incinera'], ['PF', 'incinerar', '140', 'kg', 'de', 'droga', 'em', 'Cruzeiro', 'de o', 'Sul']]]
200;[[['PF', 'deflagra', 'Operação', 'Creeper', 'para', 'combater', 'fraudes', 'bancárias', 'no', 'Espírito', 'Santo'], ['PROPN', 'VERB', 'PROPN', 'PROPN', 'SCONJ', 'VERB', 'NOUN', 'ADJ', 'ADP', 'PROPN', 'PROPN'], ['deflagra', 'combater'], ['PF', 'deflagrar', 'Operação', 'Creeper', 'para', 'combater', 'fraude', 'bancário', 'em o', 'Espírito', 'Santo']]]
201;[[['PF', 'prendeu', 'homem', 'que', 'recebeu', 'R', '1', 'mil', 'em', 'cédulas', 'falsas', 'pelos', 'Correios'], ['PROPN', 'VERB', 'NOUN', 'PRON', 'VERB', 'NOUN', 'NUM', 'NUM', 'ADP', 'NOUN', 'ADJ', 'ADP', 'NOUN'], ['prendeu', 'recebeu'], ['PF', 'prender', 'homem', 'que', 'receber', 'R', '1', 'mil', 'em', 'cédula', 'falso', 'por o', 'correio']]]
202;[[['Polícia', 'Federal', 'e', 'SENAD', 'reiniciam', 'a', 'Operação', 'Nova', 'Aliança', 'para', 'erradicar', 'cultivos', 'de', 'Cannabis'], ['PROPN', 'PROPN', 'CCONJ', 'PROPN', 'VERB', 'DET', 'PROPN', 'PROPN', 'PROPN', 'SCONJ', 'VERB', 'NOUN', 'ADP', 'PROPN'], ['reiniciam', 'erradicar'], ['Polícia', 'Federal', 'e', 'SENAD', 'reiniciar', 'o', 'Operação', 'Nova', 'Aliança', 'para', 'erradicar', 'cultivo', 'de', 'Cannabis']]]
203;[[['PF', 'deflagra', 'Operação'], ['PROPN', 'VERB', 'NOUN'], ['deflagra'], ['PF', 'deflagrar', 'Operação']], [['Reagente', 'II', 'para', 'apurar', 'desvios', 'de', 'recursos', 'públicos', 'destinados', 'ao', 'enfrentamento', 'à', 'COVID', '-', '19', 'em', 'Arraial', 'PI', 'e', 'Isaías', 'Coelho', 'PI'], ['NOUN', 'ADJ', 'SCONJ', 'VERB', 'NOUN', 'ADP', 'NOUN', 'ADJ', 'VERB', 'ADP', 'NOUN', 'ADP', 'PROPN', 'PUNCT', 'NUM', 'ADP', 'PROPN', 'PROPN', 'CCONJ', 'PROPN', 'PROPN', 'PROPN'], ['apurar', 'destinados'], ['Reagente', 'ii', 'para', 'apurar', 'desvio', 'de', 'recurso', 'público', 'destinar', 'a o', 'enfrentamento', 'a o', 'COVID', '-', '19', 'em', 'Arraial', 'PI', 'e', 'Isaías', 'Coelho', 'PI']]]
204;[[['PF', 'investiga', 'pessoa', 'que', 'atuava', 'ilegalmente', 'como', 'psicólogo', 'em', 'Rondônia'], ['PROPN', 'VERB', 'NOUN', 'PRON', 'VERB', 'ADV', 'ADP', 'NOUN', 'ADP', 'PROPN'], ['investiga', 'atuava'], ['PF', 'investigar', 'pessoa', 'que', 'atuar', 'ilegalmente', 'como', 'psicólogo', 'em', 'Rondônia']]]
205;[[['Polícia', 'Federal', 'prende', 'mulher', 'com', 'notas', 'falsas'], ['PROPN', 'PROPN', 'VERB', 'NOUN', 'ADP', 'NOUN', 'ADJ'], ['prende'], ['Polícia', 'Federal', 'prender', 'mulher', 'com', 'nota', 'falso']]]
206;[[['Polícia', 'Federal', 'cumpre', 'mandados', 'de', 'busca', 'e', 'apreensão', 'em', 'Campo', 'Grande', 'MS'], ['PROPN', 'PROPN', 'VERB', 'NOUN', 'ADP', 'NOUN', 'CCONJ', 'NOUN', 'ADP', 'PROPN', 'PROPN', 'PROPN'], ['cumpre'], ['Polícia', 'Federal', 'cumprir', 'mandado', 'de', 'busca', 'e', 'apreensão', 'em', 'Campo', 'Grande', 'MS']]]
207;[[['PF', 'realiza', 'transporte', 'e', 'incineração', 'de', 'mais', 'de', '9', 'mil', 'quilos', 'de', 'drogas'], ['PROPN', 'VERB', 'NOUN', 'CCONJ', 'NOUN', 'ADP', 'ADV', 'ADP', 'NUM', 'NUM', 'NOUN', 'ADP', 'NOUN'], ['realiza'], ['PF', 'realizar', 'transporte', 'e', 'incineração', 'de', 'mais', 'de', '9', 'mil', 'quilo', 'de', 'droga']]]
208;[[['PF', 'combate', 'tráfico', 'internacional', 'de', 'drogas', 'no', 'Pará'], ['PROPN', 'VERB', 'NOUN', 'ADJ', 'ADP', 'NOUN', 'ADP', 'PROPN'], ['combate'], ['PF', 'combate', 'tráfico', 'internacional', 'de', 'droga', 'em o', 'Pará']]]
209;[[['Policiais', 'federais', 'e', 'policiais', 'civis', 'apreendem', 'maconha', 'na', 'região', 'do', 'Lago', 'Itaipu', 'em', 'Entre', 'Rios', 'do', 'Oeste', 'PR'], ['NOUN', 'ADJ', 'CCONJ', 'NOUN', 'ADJ', 'VERB', 'NOUN', 'ADP', 'NOUN', 'ADP', 'PROPN', 'PROPN', 'ADP', 'PROPN', 'PROPN', 'ADP', 'PROPN', 'PROPN'], ['apreendem'], ['policial', 'federal', 'e', 'policial', 'civil', 'apreender', 'maconha', 'em o', 'região', 'de o', 'Lago', 'Itaipu', 'em', 'Entre', 'Rios', 'de o', 'Oeste', 'PR']]]
210;[[['PF', 'combate', 'crime', 'organizado', 'na', 'fronteira', 'com', 'a', 'Guiana', 'Francesa'], ['PROPN', 'VERB', 'NOUN', 'VERB', 'ADP', 'NOUN', 'ADP', 'DET', 'PROPN', 'PROPN'], ['combate', 'organizado'], ['PF', 'combatir', 'crime', 'organizar', 'em o', 'fronteira', 'com', 'o', 'Guiana', 'Francesa']]]
211;[[['PF', 'e', 'BPFRON', 'apreende', 'mais', 'três', 'caminhões', 'carregados', 'de', 'cigarros', 'contrabandeados', 'em', 'Guaíra', 'PR'], ['PROPN', 'CCONJ', 'PROPN', 'VERB', 'ADV', 'NUM', 'NOUN', 'VERB', 'ADP', 'NOUN', 'VERB', 'ADP', 'PROPN', 'PROPN'], ['apreende', 'carregados', 'contrabandeados'], ['PF', 'e', 'BPFRON', 'apreender', 'mais', 'três', 'caminhão', 'carregar', 'de', 'cigarro', 'contrabandear', 'em', 'Guaíra', 'PR']]]
212;[[['PF', 'apreende', 'cocaína', 'dentro', 'de', 'embalagens', 'de', 'creme', 'de', 'cebolas', 'e', 'cumpre', 'mandado', 'de', 'prisão', 'em', 'desfavor', 'de', 'ex', '-', 'policial'], ['PROPN', 'VERB', 'NOUN', 'ADV', 'ADP', 'NOUN', 'ADP', 'NOUN', 'ADP', 'NOUN', 'CCONJ', 'VERB', 'VERB', 'ADP', 'NOUN', 'ADP', 'NOUN', 'ADP', 'PROPN', 'PUNCT', 'NOUN'], ['apreende', 'cumpre mandado'], ['PF', 'apreender', 'cocaína', 'dentro', 'de', 'embalagem', 'de', 'creme', 'de', 'cebola', 'e', 'cumprir', 'mandar', 'de', 'prisão', 'em', 'desfavor', 'de', 'ex', '-', 'policial']]]
213;[[['PF', 'apreende', 'mais', 'de', 'cinco', 'quilos', 'de', 'cocaína', 'dentro', 'de', 'casacos', 'e', 'em', 'revestimento', 'de', 'mala'], ['PROPN', 'VERB', 'ADV', 'ADP', 'NUM', 'NOUN', 'ADP', 'NOUN', 'ADV', 'ADP', 'NOUN', 'CCONJ', 'ADP', 'NOUN', 'ADP', 'NOUN'], ['apreende'], ['PF', 'apreender', 'mais', 'de', 'cinco', 'quilo', 'de', 'cocaína', 'dentro', 'de', 'casaco', 'e', 'em', 'revestimento', 'de', 'mala']]]
214;[[['PF', 'combate', 'o', 'tráfico', 'de', 'drogas', 'no', 'Acre'], ['PROPN', 'VERB', 'DET', 'NOUN', 'ADP', 'NOUN', 'ADP', 'PROPN'], ['combate'], ['PF', 'combater', 'o', 'tráfico', 'de', 'droga', 'em o', 'Acre']]]
215;[[['PF', 'combate', 'disseminação', 'de', 'pornografia', 'com', 'conteúdo', 'infantojuvenil'], ['PROPN', 'VERB', 'NOUN', 'ADP', 'NOUN', 'ADP', 'NOUN', 'ADJ'], ['combate'], ['PF', 'combatir', 'disseminação', 'de', 'pornografia', 'com', 'conteúdo', 'infantojuvenil']]]
216;[[['Polícia', 'Federal', 'deflagra', ',', 'em', 'Alagoas', ',', 'mais', 'uma', 'fase', 'de', 'Operação', 'Inocência'], ['PROPN', 'PROPN', 'VERB', 'PUNCT', 'ADP', 'PROPN', 'PUNCT', 'ADV', 'NUM', 'NOUN', 'ADP', 'PROPN', 'PROPN'], ['deflagra'], ['Polícia', 'Federal', 'deflagrar', ',', 'em', 'Alagoas', ',', 'mais', 'um', 'fase', 'de', 'Operação', 'Inocência']], [['Compartilhada'], ['VERB'], ['Compartilhada'], ['compartilhada']], [['2'], ['NUM'], [], ['2']]]
217;[[['Polícia', 'Federal', 'deflagra', 'Operação', 'UFR', 'GIO', 'para', 'investigar', 'esquema', 'de', 'crimes', 'eleitorais', 'no', 'Rio', 'de', 'Janeiro', '.'], ['PROPN', 'PROPN', 'VERB', 'NOUN', 'PROPN', 'PROPN', 'SCONJ', 'VERB', 'NOUN', 'ADP', 'NOUN', 'ADJ', 'ADP', 'PROPN', 'ADP', 'PROPN', 'PUNCT'], ['deflagra', 'investigar'], ['Polícia', 'Federal', 'deflagrar', 'Operação', 'UFR', 'GIO', 'para', 'investigar', 'esquema', 'de', 'crime', 'eleitoral', 'em o', 'Rio', 'de', 'Janeiro', '.']]]
218;[[['PF', 'desmantela', 'grupo', 'criminoso', 'especializado', 'no', 'contrabando', 'de', 'cigarros', 'de', 'origem', 'paraguaia'], ['PROPN', 'VERB', 'NOUN', 'ADJ', 'VERB', 'ADP', 'NOUN', 'ADP', 'NOUN', 'ADP', 'NOUN', 'ADJ'], ['desmantela', 'especializado'], ['PF', 'desmantelar', 'grupo', 'criminoso', 'especializar', 'em o', 'contrabando', 'de', 'cigarro', 'de', 'origem', 'paraguaio']]]
219;[[['Operação', 'Quinta', 'Coluna', 'reprime', 'célula', 'criminosa', 'envolvida', 'com', 'tráfico', 'de', 'drogas', 'em', 'aeronaves', 'da', 'FAB'], ['PROPN', 'PROPN', 'PROPN', 'VERB', 'NOUN', 'ADJ', 'VERB', 'ADP', 'NOUN', 'ADP', 'NOUN', 'ADP', 'NOUN', 'ADP', 'PROPN'], ['reprime', 'envolvida'], ['Operação', 'Quinta', 'Coluna', 'reprimer', 'célula', 'criminoso', 'envolver', 'com', 'tráfico', 'de', 'droga', 'em', 'aeronave', 'de o', 'FAB']]]
220;[[['PF', 'em', 'ação', 'conjunta', 'com', 'a', 'Receita', 'apreende', 'droga', 'e', 'petrechos', 'para', 'arma', 'de', 'fogo'], ['PROPN', 'ADP', 'NOUN', 'ADJ', 'ADP', 'DET', 'NOUN', 'VERB', 'NOUN', 'CCONJ', 'NOUN', 'ADP', 'NOUN', 'ADP', 'NOUN'], ['apreende'], ['PF', 'em', 'ação', 'conjunto', 'com', 'o', 'Receita', 'apreender', 'droga', 'e', 'petrecho', 'para', 'arma', 'de', 'fogo']]]
221;[[['PF', 'resgata', 'brasileiras', 'vítimas', 'de', 'tráfico', 'humano', 'na', 'Bolívia'], ['PROPN', 'VERB', 'ADJ', 'NOUN', 'ADP', 'NOUN', 'ADJ', 'ADP', 'PROPN'], ['resgata'], ['PF', 'resgatar', 'brasileiro', 'vítima', 'de', 'tráfico', 'humano', 'em o', 'Bolívia']]]
222;[[['Polícia', 'Federal', 'incinera', 'mais', 'de', 'meia', 'tonelada', 'de', 'drogas', 'em', 'Tabatinga'], ['PROPN', 'PROPN', 'VERB', 'ADV', 'ADP', 'NOUN', 'NOUN', 'ADP', 'NOUN', 'ADP', 'PROPN'], ['incinera'], ['Polícia', 'Federal', 'incinerar', 'mais', 'de', 'meia', 'tonelar', 'de', 'droga', 'em', 'Tabatinga']]]
223;[[['Polícia', 'Federal', 'deflagra', 'Operação'], ['PROPN', 'PROPN', 'VERB', 'NOUN'], ['deflagra'], ['Polícia', 'Federal', 'deflagrar', 'Operação']], [['Ponto'], ['NOUN'], [], ['ponto']], [['Final'], ['NOUN'], [], ['final']], [['II'], ['ADJ'], ['II'], ['ii']]]
224;[[['Polícia', 'Federal', 'prende', 'homem', 'com', 'notas', 'falsas'], ['PROPN', 'PROPN', 'VERB', 'NOUN', 'ADP', 'NOUN', 'ADJ'], ['prende'], ['Polícia', 'Federal', 'prender', 'homem', 'com', 'nota', 'falso']]]
225;[[['PF', 'prende', 'mulher', 'em', 'flagrante', 'por', 'tráfico', 'de', 'drogas'], ['PROPN', 'VERB', 'NOUN', 'ADP', 'NOUN', 'ADP', 'NOUN', 'ADP', 'NOUN'], ['prende'], ['PF', 'prender', 'mulher', 'em', 'flagrante', 'por', 'tráfico', 'de', 'droga']]]
226;[[['Polícia', 'Federal', 'incinera', 'aproximadamente', 'meia', 'tonelada', 'de', 'drogas', 'no', 'Acre'], ['PROPN', 'PROPN', 'VERB', 'ADV', 'NUM', 'NOUN', 'ADP', 'NOUN', 'ADP', 'PROPN'], ['incinera'], ['Polícia', 'Federal', 'incinerar', 'aproximadamente', 'meia', 'tonelada', 'de', 'droga', 'em o', 'Acre']]]
227;[[['Polícia', 'Federal', 'combate', 'fraude', 'em', 'licenças', 'minerais', 'e', 'ambientais'], ['PROPN', 'PROPN', 'VERB', 'NOUN', 'ADP', 'NOUN', 'ADJ', 'CCONJ', 'ADJ'], ['combate'], ['Polícia', 'Federal', 'combatir', 'fraude', 'em', 'licença', 'mineral', 'e', 'ambiental']]]
228;[[['Polícia', 'Federal', 'deflagra', 'Operação', 'Fiscela', 'para', 'reprimir', 'crimes', 'contra', 'a', 'Previdência', 'Social'], ['PROPN', 'PROPN', 'VERB', 'PROPN', 'PROPN', 'SCONJ', 'VERB', 'NOUN', 'ADP', 'DET', 'PROPN', 'PROPN'], ['deflagra', 'reprimir'], ['Polícia', 'Federal', 'deflagrar', 'Operação', 'Fiscela', 'para', 'reprimir', 'crime', 'contra', 'o', 'Previdência', 'Social']]]
229;[[['Polícia', 'Federal', 'prende', 'quatro', 'pessoas', 'em', 'flagrante', 'por', 'descaminho', 'em', 'Foz', 'do', 'Iguaçu', 'PR'], ['PROPN', 'PROPN', 'VERB', 'NUM', 'NOUN', 'ADP', 'NOUN', 'ADP', 'NOUN', 'ADP', 'PROPN', 'ADP', 'PROPN', 'PROPN'], ['prende'], ['Polícia', 'Federal', 'prender', 'quatro', 'pessoa', 'em', 'flagrante', 'por', 'descaminho', 'em', 'Foz', 'de o', 'Iguaçu', 'PR']]]
230;[[['PF', 'e', 'BPFRON', 'apreendem', 'veículos', 'e', 'cigarro', 'contrabandeado'], ['PROPN', 'CCONJ', 'PROPN', 'VERB', 'NOUN', 'CCONJ', 'NOUN', 'VERB'], ['apreendem', 'contrabandeado'], ['PF', 'e', 'BPFRON', 'apreender', 'veículo', 'e', 'cigarro', 'contrabandear']]]
231;[[['Polícia', 'Federal', 'e', 'GEFRON', 'AC', 'realizaram', 'apreensão', 'de', 'mais', 'de', 'R', '60', 'mil'], ['PROPN', 'PROPN', 'CCONJ', 'PROPN', 'PROPN', 'VERB', 'NOUN', 'ADP', 'ADV', 'ADP', 'SYM', 'NUM', 'NUM'], ['realizaram'], ['Polícia', 'Federal', 'e', 'GEFRON', 'AC', 'realizar', 'apreensão', 'de', 'mais', 'de', 'R', '60', 'mil']]]
232;[[['PF', 'e', 'BPFRON', 'apreendem', 'um', 'veículo', 'carregado', 'com', 'cigarros', 'de', 'origem', 'paraguaia'], ['PROPN', 'CCONJ', 'PROPN', 'VERB', 'DET', 'NOUN', 'VERB', 'ADP', 'NOUN', 'ADP', 'NOUN', 'ADJ'], ['apreendem', 'carregado'], ['PF', 'e', 'BPFRON', 'apreender', 'um', 'veículo', 'carregar', 'com', 'cigarro', 'de', 'origem', 'paraguaio']]]
233;[[['Polícia', 'Federal', 'prende', 'quatro', 'pessoas', 'por', 'promoção', 'de', 'migração', 'ilegal', 'na', 'fronteira', 'com', 'a', 'Guiana', '.'], ['PROPN', 'PROPN', 'VERB', 'NUM', 'NOUN', 'ADP', 'NOUN', 'ADP', 'NOUN', 'ADJ', 'ADP', 'NOUN', 'ADP', 'DET', 'PROPN', 'PUNCT'], ['prende'], ['Polícia', 'Federal', 'prender', 'quatro', 'pessoa', 'por', 'promoção', 'de', 'migração', 'ilegal', 'em o', 'fronteira', 'com', 'o', 'Guiana', '.']]]
234;[[['Polícia', 'Federal', 'reprime', 'invasão', 'de', 'terras', 'no', 'Amapá'], ['PROPN', 'PROPN', 'VERB', 'NOUN', 'ADP', 'NOUN', 'ADP', 'PROPN'], ['reprime'], ['Polícia', 'Federal', 'reprimer', 'invasão', 'de', 'terra', 'em o', 'Amapá']]]
235;[[['Nota', 'à', 'imprensa'], ['NOUN', 'ADP', 'NOUN'], [], ['Nota', 'a o', 'imprensa']]]
236;[[['Polícia', 'Federal', 'combate', 'crime', 'de', 'moeda', 'falsa', 'em', 'Bagé', 'RS'], ['PROPN', 'PROPN', 'VERB', 'NOUN', 'ADP', 'NOUN', 'ADJ', 'ADP', 'PROPN', 'PROPN'], ['combate'], ['Polícia', 'Federal', 'combatir', 'crime', 'de', 'moeda', 'falso', 'em', 'Bagé', 'RS']]]
237;[[['PF', 'deflagra', 'Operação', 'Hydra', 'para', 'investigar', 'obtenção', 'fraudulenta', 'de', 'benefício', 'social'], ['PROPN', 'VERB', 'PROPN', 'PROPN', 'SCONJ', 'VERB', 'NOUN', 'ADJ', 'ADP', 'NOUN', 'ADJ'], ['deflagra', 'investigar'], ['PF', 'deflagrar', 'Operação', 'Hydra', 'para', 'investigar', 'obtenção', 'fraudulento', 'de', 'benefício', 'social']]]
238;[[['Policiais', 'prendem', 'em', 'flagrante', 'duas', 'pessoas', ',', 'na', 'rodoviária', 'de', 'Céu', 'Azul', 'PR', ',', 'com', 'fuzis', 'e', 'carregadores'], ['NOUN', 'VERB', 'ADP', 'NOUN', 'NUM', 'NOUN', 'PUNCT', 'ADP', 'NOUN', 'ADP', 'PROPN', 'PROPN', 'PROPN', 'PUNCT', 'ADP', 'NOUN', 'CCONJ', 'NOUN'], ['prendem'], ['policial', 'prender', 'em', 'flagrante', 'dois', 'pessoa', ',', 'em o', 'rodoviária', 'de', 'Céu', 'Azul', 'PR', ',', 'com', 'fuzil', 'e', 'carregador']]]
239;[[['A', 'Polícia', 'Federal', 'desarticula', 'esquema', 'de', 'desvios', 'de', 'Recursos', 'do', 'Fundo', 'Municipal', 'de', 'Saúde', 'em', 'Araguaína', 'TO', '.'], ['DET', 'PROPN', 'PROPN', 'VERB', 'NOUN', 'ADP', 'NOUN', 'ADP', 'NOUN', 'ADP', 'PROPN', 'PROPN', 'ADP', 'PROPN', 'ADP', 'PROPN', 'PROPN', 'PUNCT'], ['desarticula'], ['o', 'Polícia', 'Federal', 'desarticular', 'esquema', 'de', 'desvio', 'de', 'Recursos', 'de o', 'Fundo', 'Municipal', 'de', 'Saúde', 'em', 'Araguaína', 'TO', '.']]]
240;[[['PF', 'apura', 'extravio', 'de', 'respiradores', 'da', 'Santa', 'Casa', 'de', 'Montes', 'Claros', 'MG'], ['PROPN', 'VERB', 'NOUN', 'ADP', 'NOUN', 'ADP', 'PROPN', 'PROPN', 'ADP', 'PROPN', 'PROPN', 'PROPN'], ['apura'], ['PF', 'apurar', 'extravio', 'de', 'respirador', 'de o', 'Santa', 'Casa', 'de', 'Montes', 'Claros', 'MG']]]
241;[[['Polícia', 'Federal', 'já', 'prendeu', 'doze', 'procurados', 'internacionais', 'em', '2021'], ['PROPN', 'PROPN', 'ADV', 'VERB', 'NUM', 'VERB', 'ADJ', 'ADP', 'NUM'], ['prendeu', 'procurados'], ['Polícia', 'Federal', 'já', 'prender', 'doze', 'procurar', 'internacional', 'em', '2021']]]
242;[[['PF', 'deflagra', 'a', 'Operação', 'Papel', 'Branco', 'e', 'desarticula', 'esquema', 'de', 'emissão', 'de', 'laudos', 'fraudulentos', 'em', 'Minas', 'Gerais'], ['PROPN', 'VERB', 'DET', 'PROPN', 'PROPN', 'PROPN', 'CCONJ', 'VERB', 'NOUN', 'ADP', 'NOUN', 'ADP', 'NOUN', 'ADJ', 'ADP', 'PROPN', 'PROPN'], ['deflagra', 'desarticula'], ['PF', 'deflagrar', 'o', 'Operação', 'Papel', 'Branco', 'e', 'desarticular', 'esquema', 'de', 'emissão', 'de', 'laudo', 'fraudulento', 'em', 'Minas', 'Gerais']]]
243;[[['PF', 'prende', 'foragido', 'da', 'Justiça', 'em', 'Minas', 'Gerais'], ['PROPN', 'VERB', 'NOUN', 'ADP', 'NOUN', 'ADP', 'PROPN', 'PROPN'], ['prende'], ['PF', 'prender', 'foragido', 'de o', 'justiça', 'em', 'Minas', 'Gerais']]]
244;[[['Polícia', 'Federal', 'e', 'Polícia', 'Militar', 'de', 'São', 'Paulo', 'realizam', 'a', 'apreensão', 'de', 'mais', 'de', '180', 'quilos', 'de', 'pasta', 'base', 'de', 'cocaína'], ['PROPN', 'PROPN', 'CCONJ', 'PROPN', 'PROPN', 'ADP', 'PROPN', 'PROPN', 'VERB', 'DET', 'NOUN', 'ADP', 'ADV', 'ADP', 'NUM', 'NOUN', 'ADP', 'NOUN', 'NOUN', 'ADP', 'NOUN'], ['realizam'], ['Polícia', 'Federal', 'e', 'Polícia', 'Militar', 'de', 'São', 'Paulo', 'realizar', 'o', 'apreensão', 'de', 'mais', 'de', '180', 'quilo', 'de', 'pasta', 'base', 'de', 'cocaína']]]
245;[[['PF', 'recupera', 'peças', 'arqueológicas', 'estrangeiras'], ['PROPN', 'VERB', 'NOUN', 'ADJ', 'ADJ'], ['recupera'], ['PF', 'recuperar', 'peça', 'arqueológico', 'estrangeiro']]]
246;[[['PF', 'desarticula', 'organização', 'criminosa', 'voltada', 'ao', 'tráfico', 'de', 'drogas', 'e', 'crimes', 'violentos', 'nos', 'estados', 'do', 'Acre', 'e', 'Mato', 'Grosso', 'do', 'Sul'], ['PROPN', 'VERB', 'NOUN', 'ADJ', 'VERB', 'ADP', 'NOUN', 'ADP', 'NOUN', 'CCONJ', 'NOUN', 'ADJ', 'ADP', 'NOUN', 'ADP', 'PROPN', 'CCONJ', 'PROPN', 'PROPN', 'ADP', 'PROPN'], ['desarticula', 'voltada'], ['PF', 'desarticular', 'organização', 'criminoso', 'voltar', 'a o', 'tráfico', 'de', 'droga', 'e', 'crime', 'violento', 'em o', 'estado', 'de o', 'Acre', 'e', 'Mato', 'Grosso', 'de o', 'Sul']]]
247;[[['PF', 'deflagra', 'operação'], ['PROPN', 'VERB', 'NOUN'], ['deflagra'], ['PF', 'deflagrar', 'operação']], [['Desmascarados', 'para', 'apurar', 'possíveis', 'fraudes', 'em', 'licitação', 'no', 'RJ'], ['NOUN', 'SCONJ', 'VERB', 'ADJ', 'NOUN', 'ADP', 'NOUN', 'ADP', 'PROPN'], ['apurar'], ['desmascarado', 'para', 'apurar', 'possível', 'fraude', 'em', 'licitação', 'em o', 'RJ']]]
248;[[['PF', 'apreende', 'droga', 'dentro', 'de', 'latas', 'de', 'compota', 'de', 'frutas'], ['PROPN', 'VERB', 'NOUN', 'ADV', 'ADP', 'NOUN', 'ADP', 'NOUN', 'ADP', 'NOUN'], ['apreende'], ['PF', 'apreender', 'droga', 'dentro', 'de', 'lata', 'de', 'compota', 'de', 'fruta']]]
249;[[['PF', 'combate', 'fraude', 'fundiária', 'no', 'Amapá'], ['PROPN', 'VERB', 'NOUN', 'ADJ', 'ADP', 'PROPN'], ['combate'], ['PF', 'combatir', 'fraude', 'fundiário', 'em o', 'Amapá']]]
250;[[['PF', 'e', 'TIGRE', 'PCPR', 'apreendem', 'três', 'embarcações', 'no', 'Rio', 'Paraná'], ['PROPN', 'CCONJ', 'PROPN', 'PROPN', 'VERB', 'NUM', 'NOUN', 'ADP', 'PROPN', 'PROPN'], ['apreendem'], ['PF', 'e', 'TIGRE', 'PCPR', 'apreender', 'três', 'embarcação', 'em o', 'Rio', 'Paraná']]]
251;[[['PF', 'prende', 'homem', 'quando', 'recebia', 'cocaína', 'via', 'Correios', 'em', 'Natal', 'RN'], ['PROPN', 'VERB', 'NOUN', 'ADV', 'VERB', 'NOUN', 'VERB', 'NOUN', 'ADP', 'PROPN', 'PROPN'], ['prende', 'recebia', 'via'], ['PF', 'prender', 'homem', 'quando', 'receber', 'cocaína', 'ver', 'correio', 'em', 'Natal', 'RN']]]
252;[[['PF', 'deflagra', 'a', 'terceira', 'fase', 'da', 'Operação', 'Bad', 'Trip'], ['PROPN', 'VERB', 'DET', 'ADJ', 'NOUN', 'ADP', 'PROPN', 'PROPN', 'PROPN'], ['deflagra'], ['PF', 'deflagrar', 'o', 'terceiro', 'fase', 'de o', 'Operação', 'Bad', 'Trip']]]
253;[[['PF', 'combate', 'fraudes', 'em', 'licitações', ',', 'corrupção', 'e', 'desvios', 'de', 'recursos', 'públicos', 'em', 'prefeitura', 'do', 'RN'], ['PROPN', 'VERB', 'NOUN', 'ADP', 'NOUN', 'PUNCT', 'NOUN', 'CCONJ', 'NOUN', 'ADP', 'NOUN', 'ADJ', 'ADP', 'NOUN', 'ADP', 'PROPN'], ['combate'], ['PF', 'combater', 'fraude', 'em', 'licitação', ',', 'corrupção', 'e', 'desvio', 'de', 'recurso', 'público', 'em', 'prefeitura', 'de o', 'RN']]]
254;[[['Polícia', 'Federal', 'e', 'Interpol', 'prendem', 'foragidos', 'da', 'Operação', 'Enterprise'], ['PROPN', 'PROPN', 'CCONJ', 'PROPN', 'VERB', 'NOUN', 'ADP', 'PROPN', 'PROPN'], ['prendem'], ['Polícia', 'Federal', 'e', 'Interpol', 'prender', 'foragido', 'de o', 'Operação', 'Enterprise']]]
255;[[['PF', 'apreendeu', '32', 'quilos', 'de', 'cocaína', 'dentro', 'de', 'prumos', 'de', 'construção'], ['PROPN', 'VERB', 'NUM', 'NOUN', 'ADP', 'NOUN', 'ADV', 'ADP', 'NOUN', 'ADP', 'NOUN'], ['apreendeu'], ['PF', 'apreender', '32', 'quilo', 'de', 'cocaína', 'dentro', 'de', 'prumo', 'de', 'construção']]]
256;[[['PF', 'e', 'BPFRON', 'apreendem', 'carregadores', 'de', 'arma', 'de', 'fogo', 'em', 'Santa', 'Terezinha', 'de', 'Itaipu', 'PR', ',', 'no', 'âmbito', 'da', 'Operação', 'Hórus', 'e', 'Programa'], ['PROPN', 'CCONJ', 'PROPN', 'VERB', 'NOUN', 'ADP', 'NOUN', 'ADP', 'NOUN', 'ADP', 'PROPN', 'PROPN', 'ADP', 'PROPN', 'PROPN', 'PUNCT', 'ADP', 'NOUN', 'ADP', 'PROPN', 'PROPN', 'CCONJ', 'PROPN'], ['apreendem'], ['PF', 'e', 'BPFRON', 'apreender', 'carregador', 'de', 'arma', 'de', 'fogo', 'em', 'Santa', 'Terezinha', 'de', 'Itaipu', 'PR', ',', 'em o', 'âmbito', 'de o', 'Operação', 'Hórus', 'e', 'Programa']], [['VIGIA'], ['AUX'], [], ['vIGIA']]]
257;[[['PF', ',', 'em', 'ação', 'integrada', ',', 'combate', 'o', 'tráfico', 'de', 'drogas', 'em', 'Roraima'], ['PROPN', 'PUNCT', 'ADP', 'NOUN', 'VERB', 'PUNCT', 'VERB', 'DET', 'NOUN', 'ADP', 'NOUN', 'ADP', 'PROPN'], ['integrada', 'combate'], ['PF', ',', 'em', 'ação', 'integrar', ',', 'combatir', 'o', 'tráfico', 'de', 'droga', 'em', 'Roraima']]]
258;[[['PF', 'combate', 'fraude', 'em', 'auxílios', 'emergenciais'], ['PROPN', 'VERB', 'NOUN', 'ADP', 'NOUN', 'ADJ'], ['combate'], ['PF', 'combatir', 'fraude', 'em', 'auxílio', 'emergencial']]]
259;[[['PF', 'combate', 'a', 'comercialização', 'de', 'cigarros', 'contrabandeados'], ['PROPN', 'VERB', 'DET', 'NOUN', 'ADP', 'NOUN', 'VERB'], ['combate', 'contrabandeados'], ['PF', 'combater', 'o', 'comercialização', 'de', 'cigarro', 'contrabandear']]]
260;[[['Polícia', 'Federal', ',', 'em', 'ação', 'conjunta', 'com', 'a', 'Polícia', 'Militar', ',', 'apreendeu', 'mais', 'de', '3', 'kg', 'de', 'cocaína'], ['PROPN', 'PROPN', 'PUNCT', 'ADP', 'NOUN', 'ADJ', 'ADP', 'DET', 'PROPN', 'PROPN', 'PUNCT', 'VERB', 'ADV', 'ADP', 'NUM', 'NOUN', 'ADP', 'NOUN'], ['apreendeu'], ['Polícia', 'Federal', ',', 'em', 'ação', 'conjunto', 'com', 'o', 'Polícia', 'Militar', ',', 'apreender', 'mais', 'de', '3', 'kg', 'de', 'cocaína']]]
261;[[['PF', ','], ['PROPN', 'PUNCT'], [], ['PF', ',']], [['em', 'operação', 'conjunta', 'com', 'a', 'Polícia', 'Militar', 'BEPI', 'realiza', 'erradicação', 'de', '1', '.'], ['ADP', 'NOUN', 'ADJ', 'ADP', 'DET', 'PROPN', 'PROPN', 'PROPN', 'VERB', 'NOUN', 'ADP', 'NUM', 'PUNCT'], ['realiza'], ['em', 'operação', 'conjunto', 'com', 'o', 'Polícia', 'Militar', 'BEPI', 'realizar', 'erradicação', 'de', '1', '.']], [['600', 'pés', 'de', 'maconha', 'na', 'zona', 'rural', 'do', 'município', 'de', 'Orocó', 'PE'], ['NUM', 'NOUN', 'ADP', 'NOUN', 'ADP', 'NOUN', 'ADJ', 'ADP', 'NOUN', 'ADP', 'PROPN', 'PROPN'], [], ['600', 'pé', 'de', 'maconha', 'em o', 'zona', 'rural', 'de o', 'município', 'de', 'Orocó', 'PE']]]
262;[[['PF', 'desarticula', 'organização', 'criminosa', 'volta', 'à', 'lavagem', 'de', 'dinheiro', 'oriundo', 'do', 'tráfico', 'de', 'drogas'], ['PROPN', 'VERB', 'NOUN', 'ADJ', 'VERB', 'ADP', 'NOUN', 'ADP', 'NOUN', 'ADJ', 'ADP', 'NOUN', 'ADP', 'NOUN'], ['desarticula', 'volta'], ['PF', 'desarticular', 'organização', 'criminoso', 'voltar', 'a o', 'lavagem', 'de', 'dinheiro', 'oriundo', 'de o', 'tráfico', 'de', 'droga']]]
263;[[['PF', 'deflagra', 'Operação'], ['PROPN', 'VERB', 'NOUN'], ['deflagra'], ['PF', 'deflagrar', 'Operação']], [['A', '-', '21', 'para', 'combater', 'a', 'disseminação', 'de', 'pornografia', 'infantojuvenil'], ['DET', 'PUNCT', 'NUM', 'SCONJ', 'VERB', 'DET', 'NOUN', 'ADP', 'NOUN', 'ADJ'], ['combater'], ['o', '-', '21', 'para', 'combater', 'o', 'disseminação', 'de', 'pornografia', 'infantojuvenil']]]
264;[[['PF', 'deflagra', 'Operação', 'Faraó', 'para', 'combater', 'tráfico', 'de', 'drogas', 'sintéticas', 'no', 'Espírito', 'Santo'], ['PROPN', 'VERB', 'NOUN', 'PROPN', 'SCONJ', 'VERB', 'NOUN', 'ADP', 'NOUN', 'ADJ', 'ADP', 'PROPN', 'PROPN'], ['deflagra', 'combater'], ['PF', 'deflagrar', 'Operação', 'Faraó', 'para', 'combater', 'tráfico', 'de', 'droga', 'sintético', 'em o', 'Espírito', 'Santo']]]
265;[[['Polícia', 'Federal', 'deflagra', 'Operação', 'Lavaggio', 'para', 'apurar', 'crime', 'de', 'lavagem', 'de', 'dinheiro', 'decorrente', 'de', 'tráfico', 'internacional', 'de', 'drogas'], ['PROPN', 'PROPN', 'VERB', 'PROPN', 'PROPN', 'SCONJ', 'VERB', 'NOUN', 'ADP', 'NOUN', 'ADP', 'NOUN', 'ADJ', 'ADP', 'NOUN', 'ADJ', 'ADP', 'NOUN'], ['deflagra', 'apurar'], ['Polícia', 'Federal', 'deflagrar', 'Operação', 'Lavaggio', 'para', 'apurar', 'crime', 'de', 'lavagem', 'de', 'dinheiro', 'decorrente', 'de', 'tráfico', 'internacional', 'de', 'droga']]]
266;[[['PF', ',', 'em', 'ação', 'integrada', ',', 'apreende', 'caminhão', 'carregado', 'com', 'cigarros', 'contrabandeados'], ['PROPN', 'PUNCT', 'ADP', 'NOUN', 'VERB', 'PUNCT', 'VERB', 'NOUN', 'VERB', 'ADP', 'NOUN', 'VERB'], ['integrada', 'apreende', 'carregado', 'contrabandeados'], ['PF', ',', 'em', 'ação', 'integrar', ',', 'apreender', 'caminhão', 'carregar', 'com', 'cigarro', 'contrabandear']]]
267;[[['Polícia', 'Federal', 'cumpre', 'mandado', 'de', 'prisão', 'em', 'Pernambuco', 'contra', 'um', 'foragido', 'italiano'], ['PROPN', 'PROPN', 'VERB', 'VERB', 'ADP', 'NOUN', 'ADP', 'PROPN', 'ADP', 'DET', 'NOUN', 'ADJ'], ['cumpre mandado'], ['Polícia', 'Federal', 'cumprir', 'mandar', 'de', 'prisão', 'em', 'Pernambuco', 'contra', 'um', 'foragido', 'italiano']]]
268;[[['PF', 'deflagra', 'operação', 'para', 'investigar', 'desvios', 'de', 'verbas', 'do', 'SUS', 'em', 'Timbaúba', 'PE'], ['PROPN', 'VERB', 'NOUN', 'SCONJ', 'VERB', 'NOUN', 'ADP', 'NOUN', 'ADP', 'PROPN', 'ADP', 'PROPN', 'PROPN'], ['deflagra', 'investigar'], ['PF', 'deflagrar', 'operação', 'para', 'investigar', 'desvio', 'de', 'verba', 'de o', 'SUS', 'em', 'Timbaúba', 'PE']]]
269;[[['PF', 'apreende', 'cerca', 'de', '170', 'de', 'cocaína', 'no', 'Porto', 'de', 'Paranaguá'], ['PROPN', 'VERB', 'ADV', 'ADP', 'NUM', 'ADP', 'NOUN', 'ADP', 'PROPN', 'ADP', 'PROPN'], ['apreende'], ['PF', 'apreender', 'cerca', 'de', '170', 'de', 'cocaína', 'em o', 'Porto', 'de', 'Paranaguá']]]
270;[[['PF', 'e', 'BPFRON', 'apreende', 'carregamento', 'de', 'cigarros', 'paraguaios', '.'], ['PROPN', 'CCONJ', 'PROPN', 'VERB', 'NOUN', 'ADP', 'NOUN', 'ADJ', 'PUNCT'], ['apreende'], ['PF', 'e', 'BPFRON', 'apreender', 'carregamento', 'de', 'cigarro', 'paraguaio', '.']]]
271;[[['PF', ',', 'em', 'parceria', 'com', 'a', 'FICCO', 'Uberaba', 'e', 'PMRE', 'Iturama', '-', 'MG', ',', 'realiza', 'apreensão', 'de', 'aproximadamente', 'uma', 'tonelada', 'de', 'maconha'], ['PROPN', 'PUNCT', 'ADP', 'NOUN', 'ADP', 'DET', 'PROPN', 'PROPN', 'CCONJ', 'PROPN', 'PROPN', 'PUNCT', 'PROPN', 'PUNCT', 'VERB', 'NOUN', 'ADP', 'ADV', 'NUM', 'NOUN', 'ADP', 'NOUN'], ['realiza'], ['PF', ',', 'em', 'parceria', 'com', 'o', 'FICCO', 'Uberaba', 'e', 'PMRE', 'Iturama', '-', 'MG', ',', 'realizar', 'apreensão', 'de', 'aproximadamente', 'um', 'tonelada', 'de', 'Maconha']]]
272;[[['Polícia', 'Federal', 'apreende', 'caminhão', 'com', 'grande', 'carga', 'de', 'crack'], ['PROPN', 'PROPN', 'VERB', 'NOUN', 'ADP', 'ADJ', 'NOUN', 'ADP', 'NOUN'], ['apreende'], ['Polícia', 'Federal', 'apreender', 'caminhão', 'com', 'grande', 'carga', 'de', 'crack']]]
273;[[['PF', 'apreende', '6', 'kg', 'de', 'droga', 'em', 'frascos', 'de', 'perfumes'], ['PROPN', 'VERB', 'NUM', 'NOUN', 'ADP', 'NOUN', 'ADP', 'NOUN', 'ADP', 'NOUN'], ['apreende'], ['PF', 'apreender', '6', 'kg', 'de', 'droga', 'em', 'frasco', 'de', 'perfume']]]
274;[[['PF', 'e', 'BPFRON', 'apreendem', 'um', 'veículo', 'carregado', 'com', 'contrabando'], ['PROPN', 'CCONJ', 'PROPN', 'VERB', 'DET', 'NOUN', 'VERB', 'ADP', 'NOUN'], ['apreendem', 'carregado'], ['PF', 'e', 'BPFRON', 'apreender', 'um', 'veículo', 'carregar', 'com', 'contrabando']]]
275;[[['PF', 'combate', 'crime', 'de', 'moeda', 'falsa', 'no', 'Acre'], ['PROPN', 'VERB', 'NOUN', 'ADP', 'NOUN', 'ADJ', 'ADP', 'PROPN'], ['combate'], ['PF', 'combatir', 'crime', 'de', 'moeda', 'falso', 'em o', 'Acre']]]
276;[[['PF', 'apreende', '600', 'kg', 'de', 'maconha', 'em', 'Campo', 'Grande', 'MS'], ['PROPN', 'VERB', 'NUM', 'NOUN', 'ADP', 'NOUN', 'ADP', 'PROPN', 'PROPN', 'PROPN'], ['apreende'], ['PF', 'apreender', '600', 'kg', 'de', 'maconha', 'em', 'Campo', 'Grande', 'MS']]]
277;[[['PF', 'deflagra', 'Operação', 'Veneza', 'em', 'São', 'Paulo'], ['PROPN', 'VERB', 'PROPN', 'PROPN', 'ADP', 'PROPN', 'PROPN'], ['deflagra'], ['PF', 'deflagrar', 'Operação', 'Veneza', 'em', 'São', 'Paulo']]]
278;[[['PF', 'combate', 'fraudes', 'bancárias', 'no', 'Pará'], ['PROPN', 'VERB', 'NOUN', 'ADJ', 'ADP', 'PROPN'], ['combate'], ['PF', 'combater', 'fraude', 'bancário', 'em o', 'Pará']]]
279;[[['PF', 'e', 'BPFRON', 'apreende', 'dois', 'veículos', 'carregados', 'com', 'cigarros', 'paraguaios'], ['PROPN', 'CCONJ', 'PROPN', 'VERB', 'NUM', 'NOUN', 'VERB', 'ADP', 'NOUN', 'ADJ'], ['apreende', 'carregados'], ['PF', 'e', 'BPFRON', 'apreender', 'dois', 'veículo', 'carregar', 'com', 'cigarro', 'paraguaio']]]
280;[[['Polícia', 'Federal', 'prende', 'mulher', 'com', 'notas', 'falsas'], ['PROPN', 'PROPN', 'VERB', 'NOUN', 'ADP', 'NOUN', 'ADJ'], ['prende'], ['Polícia', 'Federal', 'prender', 'mulher', 'com', 'nota', 'falso']]]
281;[[['PF', 'e', 'BPFRON', 'apreendem', 'quatro', 'veículos', 'carregados', 'com', 'cigarros', 'paraguaios'], ['PROPN', 'CCONJ', 'PROPN', 'VERB', 'NUM', 'NOUN', 'VERB', 'ADP', 'NOUN', 'ADJ'], ['apreendem', 'carregados'], ['PF', 'e', 'BPFRON', 'apreender', 'quatro', 'veículo', 'carregar', 'com', 'cigarro', 'paraguaio']]]
282;[[['PF', ',', 'em', 'ação', 'integrada', ',', 'apreende', 'cerca', 'de', '50', 'mil', 'maços', 'de', 'cigarros', 'paraguaios'], ['PROPN', 'PUNCT', 'ADP', 'NOUN', 'VERB', 'PUNCT', 'VERB', 'ADV', 'ADP', 'NUM', 'NUM', 'NOUN', 'ADP', 'NOUN', 'ADJ'], ['integrada', 'apreende'], ['PF', ',', 'em', 'ação', 'integrar', ',', 'apreender', 'cerca', 'de', '50', 'mil', 'maço', 'de', 'cigarro', 'paraguaio']]]
283;[[['PF', 'e', 'BPFRON', 'apreendem', 'oito', 'veículos', 'carregados', 'com', 'cigarros', 'paraguaios'], ['PROPN', 'CCONJ', 'PROPN', 'VERB', 'NUM', 'NOUN', 'VERB', 'ADP', 'NOUN', 'ADJ'], ['apreendem', 'carregados'], ['PF', 'e', 'BPFRON', 'apreender', 'oito', 'veículo', 'carregar', 'com', 'cigarro', 'paraguaio']]]
284;[[['PF', 'e', 'BPFRON', 'apreendem', 'dois', 'veículos', 'carregados', 'com', 'cigarros', 'paraguaios'], ['PROPN', 'CCONJ', 'PROPN', 'VERB', 'NUM', 'NOUN', 'VERB', 'ADP', 'NOUN', 'ADJ'], ['apreendem', 'carregados'], ['PF', 'e', 'BPFRON', 'apreender', 'dois', 'veículo', 'carregar', 'com', 'cigarro', 'paraguaio']]]
285;[[['PF', 'incinera', 'mais', 'de', '8', 'mil', 'quilos', 'de', 'drogas', 'apreendidas', 'na', 'circunscrição', 'de', 'Araraquara', 'SP'], ['PROPN', 'VERB', 'ADV', 'ADP', 'NUM', 'NUM', 'NOUN', 'ADP', 'NOUN', 'VERB', 'ADP', 'NOUN', 'ADP', 'PROPN', 'PROPN'], ['incinera', 'apreendidas'], ['PF', 'incinerar', 'mais', 'de', '8', 'mil', 'quilo', 'de', 'droga', 'apreendir', 'em o', 'circunscrição', 'de', 'Araraquara', 'SP']]]
286;[[['PF', 'investiga', 'crime', 'de', 'usurpação', 'de', 'cargo', 'público', 'em', 'Sorocaba', 'SP'], ['PROPN', 'VERB', 'NOUN', 'ADP', 'NOUN', 'ADP', 'NOUN', 'ADJ', 'ADP', 'PROPN', 'PROPN'], ['investiga'], ['PF', 'investigar', 'crime', 'de', 'usurpação', 'de', 'cargo', 'público', 'em', 'Sorocaba', 'SP']]]
287;[[['Polícia', 'Federal', 'deflagra', 'a', 'maior', 'ação', 'de', 'combate', 'a', 'fraudes', 'contra', 'benefícios', 'emergenciais'], ['PROPN', 'PROPN', 'VERB', 'DET', 'ADJ', 'NOUN', 'ADP', 'NOUN', 'ADP', 'NOUN', 'ADP', 'NOUN', 'ADJ'], ['deflagra'], ['Polícia', 'Federal', 'deflagrar', 'o', 'grande', 'ação', 'de', 'combate', 'a', 'fraude', 'contra', 'benefício', 'emergencial']]]
288;[[['PF', 'apreende', 'carga', 'de', '220', 'kg', 'de', 'cocaína', 'no', 'Porto', 'de', 'Paranaguá'], ['PROPN', 'VERB', 'NOUN', 'ADP', 'NUM', 'NOUN', 'ADP', 'NOUN', 'ADP', 'PROPN', 'ADP', 'PROPN'], ['apreende'], ['PF', 'apreender', 'carga', 'de', '220', 'kg', 'de', 'cocaína', 'em o', 'Porto', 'de', 'Paranaguá']]]
289;[[['PF', 'apreende', 'grande', 'quantidade', 'de', 'cocaína', 'na', 'Zona', 'Norte', 'do', 'Rio', 'de', 'Janeiro'], ['PROPN', 'VERB', 'ADJ', 'NOUN', 'ADP', 'NOUN', 'ADP', 'PROPN', 'PROPN', 'ADP', 'PROPN', 'ADP', 'PROPN'], ['apreende'], ['PF', 'apreender', 'grande', 'quantidade', 'de', 'cocaína', 'em o', 'Zona', 'Norte', 'de o', 'Rio', 'de', 'Janeiro']]]
290;[[['Polícia', 'Federal', 'deflagra'], ['PROPN', 'PROPN', 'VERB'], ['deflagra'], ['Polícia', 'Federal', 'deflagrar']], [['80'], ['NUM'], [], ['80']], [['Fase', 'da', 'Operação', 'Lava', 'Jato', '-'], ['PROPN', 'ADP', 'NOUN', 'PROPN', 'PROPN', 'PUNCT'], [], ['Fase', 'de o', 'Operação', 'Lava', 'Jato', '-']], [['Operação', 'PSEUDEIA'], ['NOUN', 'PROPN'], [], ['Operação', 'PSEUDEIA']]]
291;[[['PF', 'combate', 'esquema', 'de', 'fraudes', 'contra', 'o', 'sistema', 'previdenciário', 'em', 'MT'], ['PROPN', 'VERB', 'NOUN', 'ADP', 'NOUN', 'ADP', 'DET', 'NOUN', 'ADJ', 'ADP', 'PROPN'], ['combate'], ['PF', 'combater', 'esquema', 'de', 'fraude', 'contra', 'o', 'sistema', 'previdenciário', 'em', 'MT']]]
292;[[['PF', ',', 'em', 'ação', 'integrada', 'combate', 'fraudes', 'em', 'receitas', 'médicas'], ['PROPN', 'PUNCT', 'ADP', 'NOUN', 'VERB', 'NOUN', 'NOUN', 'ADP', 'NOUN', 'ADJ'], ['integrada'], ['PF', ',', 'em', 'ação', 'integrar', 'combate', 'fraude', 'em', 'receita', 'médico']]]
293;[[['PF', 'desarticula', 'associação', 'voltada', 'à', 'prática', 'do', 'crime', 'de', 'tráfico', 'de', 'drogas'], ['PROPN', 'VERB', 'NOUN', 'VERB', 'ADP', 'NOUN', 'ADP', 'NOUN', 'ADP', 'NOUN', 'ADP', 'NOUN'], ['desarticula', 'voltada'], ['PF', 'desarticular', 'associação', 'voltar', 'a o', 'prática', 'de o', 'crime', 'de', 'tráfico', 'de', 'droga']]]
294;[[['Polícia', 'Federal', 'deflagra', 'Operação', 'Pronta'], ['PROPN', 'PROPN', 'VERB', 'NOUN', 'ADJ'], ['deflagra', 'Pronta'], ['Polícia', 'Federal', 'deflagrar', 'Operação', 'Pronta']], [['Emergência', 'para', 'combater', 'desvios', 'de', 'recursos', 'públicos', 'no', 'Rio', 'de', 'Janeiro'], ['NOUN', 'SCONJ', 'VERB', 'NOUN', 'ADP', 'NOUN', 'ADJ', 'ADP', 'PROPN', 'ADP', 'PROPN'], ['combater'], ['emergência', 'para', 'combater', 'desvio', 'de', 'recurso', 'público', 'em o', 'Rio', 'de', 'Janeiro']]]
295;[[['PF', 'combate', 'a', 'prática', 'de', 'crimes', 'eleitorais', 'em', 'Campina', 'Grande', 'PB'], ['PROPN', 'VERB', 'DET', 'NOUN', 'ADP', 'NOUN', 'ADJ', 'ADP', 'PROPN', 'PROPN', 'PROPN'], ['combate'], ['PF', 'combater', 'o', 'prática', 'de', 'crime', 'eleitoral', 'em', 'Campina', 'Grande', 'PB']]]
296;[[['PF', 'realiza', 'operação', 'de', 'combate', 'a', 'fraudes', 'em', 'licitações', 'e', 'desvio', 'de', 'verbas', 'públicas', 'no', 'Sudoeste', 'baiano'], ['PROPN', 'VERB', 'NOUN', 'ADP', 'NOUN', 'ADP', 'NOUN', 'ADP', 'NOUN', 'CCONJ', 'NOUN', 'ADP', 'NOUN', 'ADJ', 'ADP', 'NOUN', 'ADJ'], ['realiza'], ['PF', 'realizar', 'operação', 'de', 'combate', 'a', 'fraude', 'em', 'licitação', 'e', 'desvio', 'de', 'verba', 'público', 'em o', 'Sudoeste', 'baiano']]]
297;[[['PF', 'apreende', 'droga', 'dentro', 'de', 'frascos', 'de', 'medicamento'], ['PROPN', 'VERB', 'NOUN', 'ADV', 'ADP', 'NOUN', 'ADP', 'NOUN'], ['apreende'], ['PF', 'apreender', 'droga', 'dentro', 'de', 'frasco', 'de', 'medicamento']]]
298;[[['Polícia', 'Federal', 'incinera', '7', ',', '3', 'toneladas', 'de', 'drogas', 'em', 'Três', 'Lagoas', 'MS'], ['PROPN', 'PROPN', 'VERB', 'NUM', 'PUNCT', 'NUM', 'NOUN', 'ADP', 'NOUN', 'ADP', 'PROPN', 'PROPN', 'PROPN'], ['incinera'], ['Polícia', 'Federal', 'incinerar', '7', ',', '3', 'tonelada', 'de', 'droga', 'em', 'Três', 'Lagoas', 'MS']]]
299;[[['PF', 'e', 'Força', 'Integrada', 'deflagram', 'Operação', 'Fronteira'], ['PROPN', 'CCONJ', 'PROPN', 'PROPN', 'VERB', 'PROPN', 'PROPN'], ['deflagram'], ['PF', 'e', 'Força', 'Integrada', 'deflagrar', 'Operação', 'Fronteira']], [['Fechada', 'contra', 'o', 'tráfico', 'de', 'drogas', 'no', 'Acre'], ['VERB', 'ADP', 'DET', 'NOUN', 'ADP', 'NOUN', 'ADP', 'PROPN'], ['Fechada'], ['Fechada', 'contra', 'o', 'tráfico', 'de', 'droga', 'em o', 'Acre']]]
300;[[['PF', ',', 'em', 'ação', 'integrada', ',', 'desarticula', 'organização', 'criminosa', 'voltada', 'ao', 'tráfico', 'de', 'drogas'], ['PROPN', 'PUNCT', 'ADP', 'NOUN', 'VERB', 'PUNCT', 'VERB', 'NOUN', 'ADJ', 'VERB', 'ADP', 'NOUN', 'ADP', 'NOUN'], ['integrada', 'desarticula', 'voltada'], ['PF', ',', 'em', 'ação', 'integrar', ',', 'desarticular', 'organização', 'criminoso', 'voltar', 'a o', 'tráfico', 'de', 'droga']]]
301;[[['PF', 'realiza', 'a', 'primeira', 'incineração', 'de', 'drogas', 'do', 'ano', 'em', 'Guaíra', 'PR'], ['PROPN', 'VERB', 'DET', 'ADJ', 'NOUN', 'ADP', 'NOUN', 'ADP', 'NOUN', 'ADP', 'PROPN', 'PROPN'], ['realiza'], ['PF', 'realizar', 'o', 'primeiro', 'incineração', 'de', 'droga', 'de o', 'ano', 'em', 'Guaíra', 'PR']]]
302;[[['PF', 'investiga', 'possível', 'crime', 'de', 'comércio', 'ilegal', 'de', 'pedras', 'preciosas'], ['PROPN', 'VERB', 'ADJ', 'NOUN', 'ADP', 'NOUN', 'ADJ', 'ADP', 'NOUN', 'ADJ'], ['investiga'], ['PF', 'investigar', 'possível', 'crime', 'de', 'comércio', 'ilegal', 'de', 'pedra', 'precioso']]]
303;[[['PF', 'e', 'BPFRON', 'apreendem', 'embarcação', 'abandonada', 'no', 'Rio', 'Iguaçu', ',', 'no', 'âmbito', 'da', 'Operação', 'Hórus', 'e', 'Programa'], ['PROPN', 'CCONJ', 'PROPN', 'VERB', 'NOUN', 'VERB', 'ADP', 'PROPN', 'PROPN', 'PUNCT', 'ADP', 'NOUN', 'ADP', 'PROPN', 'PROPN', 'CCONJ', 'PROPN'], ['apreendem', 'abandonada'], ['PF', 'e', 'BPFRON', 'apreender', 'embarcação', 'abandonar', 'em o', 'Rio', 'Iguaçu', ',', 'em o', 'âmbito', 'de o', 'Operação', 'Hórus', 'e', 'Programa']], [['VIGIA'], ['AUX'], [], ['vIGIA']]]
304;[[['Operação', 'Palha', 'Grande', 'desarticula', 'esquema', 'de', 'fraudes', 'contra', 'o', 'INSS', 'no', 'Recôncavo', 'Baiano'], ['PROPN', 'PROPN', 'PROPN', 'VERB', 'NOUN', 'ADP', 'NOUN', 'ADP', 'DET', 'PROPN', 'ADP', 'PROPN', 'PROPN'], ['desarticula'], ['Operação', 'Palha', 'Grande', 'desarticular', 'esquema', 'de', 'fraude', 'contra', 'o', 'INSS', 'em o', 'Recôncavo', 'Baiano']]]
305;[[['Polícia', 'Federal', 'prende', 'homem', 'com', '2', 'mil', 'reais', 'em', 'cédulas', 'falsas', 'recebidas', 'pelos', 'Correios', 'em', 'Foz', 'do', 'Iguaçu', 'PR'], ['PROPN', 'PROPN', 'VERB', 'NOUN', 'ADP', 'NUM', 'NUM', 'NOUN', 'ADP', 'NOUN', 'ADJ', 'VERB', 'ADP', 'NOUN', 'ADP', 'PROPN', 'ADP', 'PROPN', 'PROPN'], ['prende', 'recebidas'], ['Polícia', 'Federal', 'prender', 'homem', 'com', '2', 'mil', 'real', 'em', 'cédula', 'falso', 'receber', 'por o', 'correio', 'em', 'Foz', 'de o', 'Iguaçu', 'PR']]]
306;[[['Operação', 'Advenus', 'combate', 'crime', 'de', 'promoção', 'de', 'migração', 'ilegal', 'no', 'Acre'], ['NOUN', 'PROPN', 'VERB', 'NOUN', 'ADP', 'NOUN', 'ADP', 'NOUN', 'ADJ', 'ADP', 'PROPN'], ['combate'], ['Operação', 'Advenus', 'combatir', 'crime', 'de', 'promoção', 'de', 'migração', 'ilegal', 'em o', 'Acre']]]
307;[[['PF', 'prende', 'em', 'Natal', 'britânico', 'procurado', 'pela', 'Interpol'], ['PROPN', 'VERB', 'ADP', 'PROPN', 'ADJ', 'VERB', 'ADP', 'PROPN'], ['prende', 'procurado'], ['PF', 'prender', 'em', 'Natal', 'britânico', 'procurar', 'por o', 'Interpol']]]
308;[[['Operação', 'Lux', 'combate', 'fraude', 'em', 'fundo', 'municipal', 'previdenciário', 'de', 'Luziânia', 'GO'], ['NOUN', 'PROPN', 'VERB', 'NOUN', 'ADP', 'NOUN', 'ADJ', 'ADJ', 'ADP', 'PROPN', 'PROPN'], ['combate'], ['Operação', 'Lux', 'combatir', 'fraude', 'em', 'fundo', 'municipal', 'previdenciário', 'de', 'Luziânia', 'GO']]]
309;[[['Polícia', 'Federal', 'prende', 'liderança', 'de', 'facção', 'criminosa'], ['PROPN', 'PROPN', 'VERB', 'NOUN', 'ADP', 'NOUN', 'ADJ'], ['prende'], ['Polícia', 'Federal', 'prender', 'liderança', 'de', 'facção', 'criminoso']]]
310;[[['PF', 'e', 'Receita', 'apreendem', '9', 'kg', 'de', 'cocaína', 'ocultos', 'nas', 'estruturas', 'de', 'malas', 'de', 'viagem'], ['PROPN', 'CCONJ', 'NOUN', 'VERB', 'NUM', 'NOUN', 'ADP', 'NOUN', 'ADJ', 'ADP', 'NOUN', 'ADP', 'NOUN', 'ADP', 'NOUN'], ['apreendem'], ['PF', 'e', 'Receita', 'apreender', '9', 'kg', 'de', 'cocaína', 'oculto', 'em o', 'estrutura', 'de', 'mala', 'de', 'viagem']]]
311;[[['Polícia', 'Federal', 'combate', 'crimes', 'eleitorais', 'em', 'Oiapoque'], ['PROPN', 'PROPN', 'VERB', 'NOUN', 'ADJ', 'ADP', 'PROPN'], ['combate'], ['Polícia', 'Federal', 'combater', 'crime', 'eleitoral', 'em', 'oiapoque']]]
312;[[['Polícia', 'Federal', 'apreende', 'helicóptero', 'com', 'grande', 'carga', 'de', 'cocaína'], ['PROPN', 'PROPN', 'VERB', 'NOUN', 'ADP', 'ADJ', 'NOUN', 'ADP', 'NOUN'], ['apreende'], ['Polícia', 'Federal', 'apreender', 'helicóptero', 'com', 'grande', 'carga', 'de', 'cocaína']]]
313;[[['PF', 'cumpre', 'mandado', 'de', 'prisão', 'expedido', 'pelo', 'STJ'], ['PROPN', 'VERB', 'VERB', 'ADP', 'NOUN', 'VERB', 'ADP', 'PROPN'], ['cumpre mandado', 'expedido'], ['PF', 'cumprir', 'mandar', 'de', 'prisão', 'expedir', 'por o', 'STJ']]]
314;[[['Polícia', 'Federal', 'deflagra', 'operação', 'de', 'combate', 'ao', 'contrabando', 'de', 'cigarros', 'na', 'região', 'norte', 'do', 'Estado', 'do', 'Rio', 'Grande', 'do', 'Sul'], ['PROPN', 'PROPN', 'VERB', 'NOUN', 'ADP', 'NOUN', 'ADP', 'NOUN', 'ADP', 'NOUN', 'ADP', 'NOUN', 'ADJ', 'ADP', 'NOUN', 'ADP', 'PROPN', 'PROPN', 'ADP', 'PROPN'], ['deflagra'], ['Polícia', 'Federal', 'deflagrar', 'operação', 'de', 'combate', 'a o', 'contrabando', 'de', 'cigarro', 'em o', 'região', 'norte', 'de o', 'estado', 'de o', 'Rio', 'Grande', 'de o', 'Sul']]]
315;[[['PF', 'e', 'BPFRON', 'apreendem', 'carreta', 'bi', '-', 'trem', 'carregada', 'com', 'cigarros', 'contrabandeados'], ['PROPN', 'CCONJ', 'PROPN', 'VERB', 'NOUN', 'PROPN', 'PUNCT', 'NOUN', 'VERB', 'ADP', 'NOUN', 'VERB'], ['apreendem', 'carregada', 'contrabandeados'], ['PF', 'e', 'BPFRON', 'apreender', 'carreta', 'bi', '-', 'trem', 'carregar', 'com', 'cigarro', 'contrabandear']]]
316;[[['Polícia', 'Federal', 'incinera', ',', 'em', 'Ponta', 'Porã', ',', '12', 'toneladas', 'de', 'entorpecentes', 'com', 'apoio', 'da', 'Força', 'Nacional'], ['PROPN', 'PROPN', 'VERB', 'PUNCT', 'ADP', 'PROPN', 'PROPN', 'PUNCT', 'NUM', 'NOUN', 'ADP', 'NOUN', 'ADP', 'NOUN', 'ADP', 'PROPN', 'PROPN'], ['incinera'], ['Polícia', 'Federal', 'incinerar', ',', 'em', 'Ponta', 'Porã', ',', '12', 'tonelada', 'de', 'entorpecente', 'com', 'apoio', 'de o', 'Força', 'Nacional']]]
317;[[['PF', 'apreende', '246', 'kg', 'de', 'maconha', 'e', '36', 'sacos', 'de', 'skank', 'no', 'Mato', 'Grosso'], ['PROPN', 'VERB', 'NUM', 'NOUN', 'ADP', 'NOUN', 'CCONJ', 'NUM', 'NOUN', 'ADP', 'NOUN', 'ADP', 'PROPN', 'PROPN'], ['apreende'], ['PF', 'apreender', '246', 'kg', 'de', 'maconha', 'e', '36', 'saco', 'de', 'skank', 'em o', 'Mato', 'Grosso']]]
318;[[['PF', 'deflagra', 'Operação', 'Manzana', 'para', 'combater', 'ilegalidades', 'em', 'vendas', 'de', 'aparelhos', 'eletrônicos', 'em', 'Pernambuco'], ['PROPN', 'VERB', 'PROPN', 'PROPN', 'SCONJ', 'VERB', 'NOUN', 'ADP', 'NOUN', 'ADP', 'NOUN', 'ADJ', 'ADP', 'PROPN'], ['deflagra', 'combater'], ['PF', 'deflagrar', 'Operação', 'Manzana', 'para', 'combater', 'ilegalidade', 'em', 'venda', 'de', 'aparelho', 'eletrônico', 'em', 'Pernambuco']]]
319;[[['PF', 'apreende', 'cerca', 'de', '500', 'comprimidos', 'de', 'ecstasy', 'no', 'interior', 'do', 'RN'], ['PROPN', 'VERB', 'ADV', 'ADP', 'NUM', 'NOUN', 'ADP', 'PROPN', 'ADP', 'NOUN', 'ADP', 'PROPN'], ['apreende'], ['PF', 'apreender', 'cerca', 'de', '500', 'comprimido', 'de', 'ecstasy', 'em o', 'interior', 'de o', 'RN']]]
320;[[['PF', 'apreende', '31', 'kg', 'de', 'cocaína', 'na', 'Rodovia'], ['PROPN', 'VERB', 'NUM', 'NOUN', 'ADP', 'NOUN', 'ADP', 'PROPN'], ['apreende'], ['PF', 'apreender', '31', 'kg', 'de', 'cocaína', 'em o', 'rodovia']], [['Presidente', 'Dutra'], ['NOUN', 'PROPN'], [], ['presidente', 'Dutra']]]
321;[[['PF', 'deflagra', 'a', 'Operação', 'Dotted', 'Roses', 'para', 'combater', 'os', 'crimes', 'de', 'produção', 'de', 'conteúdo', 'com', 'pornografia', 'infantojuvenil', 'e', 'exploração', 'sexual', 'de', 'crianças'], ['PROPN', 'VERB', 'DET', 'PROPN', 'PROPN', 'PROPN', 'SCONJ', 'VERB', 'DET', 'NOUN', 'ADP', 'NOUN', 'ADP', 'NOUN', 'ADP', 'NOUN', 'ADJ', 'CCONJ', 'NOUN', 'ADJ', 'ADP', 'NOUN'], ['deflagra', 'combater'], ['PF', 'deflagrar', 'o', 'Operação', 'Dotted', 'Roses', 'para', 'combater', 'o', 'crime', 'de', 'produção', 'de', 'conteúdo', 'com', 'pornografia', 'infantojuvenil', 'e', 'exploração', 'sexual', 'de', 'criança']]]
322;[[['Polícia', 'Federal', 'e', 'BPFRON', 'apreendem', 'dois', 'veículos', 'carregados', 'com', 'cigarros', 'contrabandeados', '.'], ['PROPN', 'PROPN', 'CCONJ', 'PROPN', 'VERB', 'NUM', 'NOUN', 'VERB', 'ADP', 'NOUN', 'VERB', 'PUNCT'], ['apreendem', 'carregados', 'contrabandeados'], ['Polícia', 'Federal', 'e', 'BPFRON', 'apreender', 'dois', 'veículo', 'carregar', 'com', 'cigarro', 'contrabandear', '.']]]
323;[[['PF', 'prende', 'mulher', 'portando', '14', 'kg', 'de', 'maconha', 'no', 'Aeroporto', 'de', 'Fortaleza'], ['PROPN', 'VERB', 'NOUN', 'VERB', 'NUM', 'NOUN', 'ADP', 'NOUN', 'ADP', 'PROPN', 'ADP', 'PROPN'], ['prende', 'portando'], ['PF', 'prender', 'mulher', 'portar', '14', 'kg', 'de', 'maconha', 'em o', 'Aeroporto', 'de', 'Fortaleza']]]
324;[[['PF', 'prende', 'duas', 'pessoas', 'por', 'invadir', 'terras', 'públicas', 'no', 'Mato', 'Grosso'], ['PROPN', 'VERB', 'NUM', 'NOUN', 'SCONJ', 'VERB', 'NOUN', 'ADJ', 'ADP', 'PROPN', 'PROPN'], ['prende', 'invadir'], ['PF', 'prender', 'dois', 'pessoa', 'por', 'invadir', 'terra', 'público', 'em o', 'Mato', 'Grosso']]]
325;[[['PF', 'combate', 'o', 'tráfico', 'de', 'drogas', 'e', 'a', 'lavagem', 'de', 'dinheiro', 'em', 'Sergipe'], ['PROPN', 'VERB', 'DET', 'NOUN', 'ADP', 'NOUN', 'CCONJ', 'DET', 'NOUN', 'ADP', 'NOUN', 'ADP', 'PROPN'], ['combate'], ['PF', 'combater', 'o', 'tráfico', 'de', 'droga', 'e', 'o', 'lavagem', 'de', 'dinheiro', 'em', 'Sergipe']]]
326;[[['PF', 'encerra', 'atividade', 'de', 'rádio', 'clandestina', 'em', 'Nova', 'Xavantina', 'MT'], ['PROPN', 'VERB', 'NOUN', 'ADP', 'NOUN', 'ADJ', 'ADP', 'PROPN', 'PROPN', 'PROPN'], ['encerra'], ['PF', 'encerrar', 'atividade', 'de', 'rádio', 'clandestino', 'em', 'Nova', 'Xavantina', 'MT']]]
327;[[['PF', 'deflagra', 'Operação', 'Argos', 'para', 'investigar', 'desvios', 'de', 'dinheiro', 'público', 'em', 'contratos', 'de', 'cerca', 'de', 'R', '10', 'milhões', 'em', 'Pacaraima', 'RR'], ['PROPN', 'VERB', 'PROPN', 'PROPN', 'SCONJ', 'VERB', 'NOUN', 'ADP', 'NOUN', 'ADJ', 'ADP', 'NOUN', 'ADP', 'ADV', 'ADP', 'SYM', 'NUM', 'NUM', 'ADP', 'PROPN', 'PROPN'], ['deflagra', 'investigar'], ['PF', 'deflagrar', 'Operação', 'Argos', 'para', 'investigar', 'desvio', 'de', 'dinheiro', 'público', 'em', 'contrato', 'de', 'cerca', 'de', 'R', '10', 'milhão', 'em', 'Pacaraima', 'RR']]]
328;[[['PF', 'viabiliza', 'a', 'travessia', 'de', 'tripulantes', 'terrestres', 'detidos', 'em', 'fronteira', 'entre', 'Brasil', 'e', 'Peru'], ['PROPN', 'VERB', 'DET', 'NOUN', 'ADP', 'NOUN', 'ADJ', 'VERB', 'ADP', 'NOUN', 'ADP', 'PROPN', 'CCONJ', 'PROPN'], ['viabiliza', 'detidos'], ['PF', 'viabilizar', 'o', 'travessia', 'de', 'tripulante', 'terrestr', 'deter', 'em', 'fronteira', 'entre', 'Brasil', 'e', 'Peru']]]
329;[[['PF', 'combate', 'disseminação', 'de', 'pornografia', 'infantojuvenil', 'pela', 'internet'], ['PROPN', 'VERB', 'NOUN', 'ADP', 'NOUN', 'ADJ', 'ADP', 'PROPN'], ['combate'], ['PF', 'combatir', 'disseminação', 'de', 'pornografia', 'infantojuvenil', 'por o', 'Internet']]]
330;[[['Polícia', 'Federal', 'prende', 'no', 'Ceará', 'homem', 'foragido', 'do', 'Sistema', 'Prisional', 'do', 'RN'], ['PROPN', 'PROPN', 'VERB', 'ADP', 'PROPN', 'NOUN', 'ADJ', 'ADP', 'PROPN', 'PROPN', 'ADP', 'PROPN'], ['prende'], ['Polícia', 'Federal', 'prender', 'em o', 'Ceará', 'homem', 'foragido', 'de o', 'Sistema', 'Prisional', 'de o', 'RN']]]
331;[[['Polícia', 'Federal', 'combate', 'fraude', 'à', 'licitação', 'no', 'Amapá'], ['PROPN', 'PROPN', 'VERB', 'NOUN', 'ADP', 'NOUN', 'ADP', 'PROPN'], ['combate'], ['Polícia', 'Federal', 'combatir', 'fraude', 'a o', 'licitação', 'em o', 'Amapá']]]
332;[[['PF', 'combate', 'crime', 'de', 'evasão', 'de', 'divisas', 'no', 'Acre'], ['PROPN', 'VERB', 'NOUN', 'ADP', 'NOUN', 'ADP', 'NOUN', 'ADP', 'PROPN'], ['combate'], ['PF', 'combatir', 'crime', 'de', 'evasão', 'de', 'divisa', 'em o', 'Acre']]]
333;[[['PF', 'apreende', 'agasalhos', 'recheados', 'com', 'cocaína'], ['PROPN', 'VERB', 'NOUN', 'VERB', 'ADP', 'NOUN'], ['apreende', 'recheados'], ['PF', 'apreender', 'agasalho', 'rechear', 'com', 'cocaína']]]
334;[[['PF', 'combate', 'tráfico', 'de', 'armas', 'em', 'Oiapoque'], ['PROPN', 'VERB', 'NOUN', 'ADP', 'NOUN', 'ADP', 'PROPN'], ['combate'], ['PF', 'combate', 'tráfico', 'de', 'arma', 'em', 'oiapoque']], [['AP'], ['PROPN'], [], ['AP']]]
335;[[['PF', ','], ['PROPN', 'PUNCT'], [], ['PF', ',']], [['em', 'ação', 'conjunta', 'com', 'a', 'Receita', ',', 'apreende', 'mais', 'de', '45', 'kg', 'de', 'cocaína'], ['ADP', 'NOUN', 'ADJ', 'ADP', 'DET', 'NOUN', 'PUNCT', 'VERB', 'ADV', 'ADP', 'NUM', 'NOUN', 'ADP', 'NOUN'], ['apreende'], ['em', 'ação', 'conjunto', 'com', 'o', 'receita', ',', 'apreender', 'mais', 'de', '45', 'kg', 'de', 'cocaína']]]
336;[[['Polícia', 'Federal', 'comemora', '77', 'anos'], ['PROPN', 'PROPN', 'VERB', 'NUM', 'NOUN'], ['comemora'], ['Polícia', 'Federal', 'comemorar', '77', 'ano']]]
337;[[['Polícia', 'Federal', 'combate', 'extração', 'ilegal', 'de', 'minério'], ['PROPN', 'PROPN', 'VERB', 'NOUN', 'ADJ', 'ADP', 'NOUN'], ['combate'], ['Polícia', 'Federal', 'combater', 'extração', 'ilegal', 'de', 'minério']]]
338;[[['PF', 'apura', 'suposta', 'importação', 'de', 'vacinas', 'contra', 'covid', '-', '19'], ['PROPN', 'VERB', 'ADJ', 'NOUN', 'ADP', 'NOUN', 'ADP', 'NOUN', 'PUNCT', 'NUM'], ['apura'], ['PF', 'apurar', 'suposto', 'importação', 'de', 'vacina', 'contra', 'covid', '-', '19']]]
339;[[['Polícia', 'Federal', 'e', 'Receita', 'Federal', 'apreendem', '3', ',', '5', 'quilos', 'de', 'skunk', 'na', 'fronteira', 'com', 'o', 'Uruguai'], ['PROPN', 'PROPN', 'CCONJ', 'PROPN', 'PROPN', 'VERB', 'NUM', 'PUNCT', 'NUM', 'NOUN', 'ADP', 'NOUN', 'ADP', 'NOUN', 'ADP', 'DET', 'PROPN'], ['apreendem'], ['Polícia', 'Federal', 'e', 'Receita', 'Federal', 'apreender', '3', ',', '5', 'quilo', 'de', 'skunk', 'em o', 'fronteira', 'com', 'o', 'Uruguai']]]
340;[[['Polícia', 'Federal', 'deflagra', 'Operação', 'Caixa', '38'], ['PROPN', 'PROPN', 'VERB', 'NOUN', 'PROPN', 'PROPN'], ['deflagra'], ['Polícia', 'Federal', 'deflagrar', 'Operação', 'Caixa', '38']]]
341;[[['Policiais', 'apreendem', 'veículo', 'carregado', 'com', 'cigarros', 'em', 'Itaipulândia', 'PR'], ['NOUN', 'VERB', 'NOUN', 'VERB', 'ADP', 'NOUN', 'ADP', 'PROPN', 'PROPN'], ['apreendem', 'carregado'], ['policial', 'apreender', 'veículo', 'carregar', 'com', 'cigarro', 'em', 'Itaipulândia', 'PR']]]
342;[[['Policiais', 'federais', 'e', 'policiais', 'militares', 'do', 'BPFRON', 'prendem', 'indivíduo', 'em', 'flagrante', 'por', 'contrabando', ',', 'em', 'Medianeira', 'PR'], ['NOUN', 'ADJ', 'CCONJ', 'NOUN', 'ADJ', 'ADP', 'PROPN', 'VERB', 'NOUN', 'ADP', 'NOUN', 'ADP', 'NOUN', 'PUNCT', 'ADP', 'PROPN', 'PROPN'], ['prendem'], ['policial', 'federal', 'e', 'policial', 'militar', 'de o', 'BPFRON', 'prender', 'indivíduo', 'em', 'flagrante', 'por', 'contrabando', ',', 'em', 'Medianeira', 'PR']]]
343;[[['Polícia', 'Federal', 'participa', 'de', 'ação', 'internacional', 'que', 'resultou', 'na', 'apreensão', 'de', '6', 'toneladas', 'de', 'cocaína'], ['PROPN', 'PROPN', 'VERB', 'ADP', 'NOUN', 'ADJ', 'PRON', 'VERB', 'ADP', 'NOUN', 'ADP', 'NUM', 'NOUN', 'ADP', 'NOUN'], ['participa', 'resultou'], ['Polícia', 'Federal', 'participar', 'de', 'ação', 'internacional', 'que', 'resultar', 'em o', 'apreensão', 'de', '6', 'tonelada', 'de', 'cocaína']]]
344;[[['PF', 'apreende', 'cerca', 'de', '4', ',', '5', 'mil', 'maços', 'de', 'cigarros', 'de', 'origem', 'paraguaia'], ['PROPN', 'VERB', 'ADV', 'ADP', 'NUM', 'PUNCT', 'NUM', 'NUM', 'NOUN', 'ADP', 'NOUN', 'ADP', 'NOUN', 'ADJ'], ['apreende'], ['PF', 'apreender', 'cerca', 'de', '4', ',', '5', 'mil', 'maço', 'de', 'cigarro', 'de', 'origem', 'paraguaio']]]
345;[[['Polícia', 'Federal', 'participa', 'de', 'visita', 'técnica', 'ao', 'Porto', 'de', 'Cabedelo', 'PB'], ['PROPN', 'PROPN', 'VERB', 'ADP', 'NOUN', 'ADJ', 'ADP', 'PROPN', 'ADP', 'PROPN', 'PROPN'], ['participa'], ['Polícia', 'Federal', 'participar', 'de', 'visita', 'técnico', 'a o', 'Porto', 'de', 'Cabedelo', 'PB']]]
346;[[['Polícia', 'Federal', 'apreende', 'cigarros', 'contrabandeados', 'na', 'fronteira', 'com', 'o', 'Paraguai'], ['PROPN', 'PROPN', 'VERB', 'NOUN', 'VERB', 'ADP', 'NOUN', 'ADP', 'DET', 'PROPN'], ['apreende', 'contrabandeados'], ['Polícia', 'Federal', 'apreender', 'cigarro', 'contrabandear', 'em o', 'fronteira', 'com', 'o', 'Paraguai']]]
347;[[['Polícia', 'Federal', 'desarticula', 'grupo', 'criminoso', 'responsável', 'por', 'falsa', 'oferta', 'de', 'venda', 'de', 'vacinas', 'para', 'o', 'Ministério', 'da', 'Saúde'], ['PROPN', 'PROPN', 'VERB', 'NOUN', 'ADJ', 'ADJ', 'ADP', 'ADJ', 'NOUN', 'ADP', 'NOUN', 'ADP', 'NOUN', 'ADP', 'DET', 'PROPN', 'ADP', 'PROPN'], ['desarticula'], ['Polícia', 'Federal', 'desarticular', 'grupo', 'criminoso', 'responsável', 'por', 'falso', 'oferta', 'de', 'venda', 'de', 'vacina', 'para', 'o', 'Ministério', 'de o', 'Saúde']]]
348;[[['Policiais', 'apreendem', 'caminhão', 'carregado', 'com', 'cigarros', 'e', 'duas', 'embarcações', 'em', 'Santa', 'Helena', 'PR'], ['NOUN', 'VERB', 'NOUN', 'VERB', 'ADP', 'NOUN', 'CCONJ', 'NUM', 'NOUN', 'ADP', 'PROPN', 'PROPN', 'PROPN'], ['apreendem', 'carregado'], ['policial', 'apreender', 'caminhão', 'carregar', 'com', 'cigarro', 'e', 'dois', 'embarcação', 'em', 'Santa', 'Helena', 'PR']]]
349;[[['Polícia', 'Federal', 'deflagra', 'Operação'], ['PROPN', 'PROPN', 'VERB', 'NOUN'], ['deflagra'], ['Polícia', 'Federal', 'deflagrar', 'Operação']], [['Ianomâmi', '709', 'de', 'combate'], ['PROPN', 'NUM', 'ADP', 'NOUN'], [], ['Ianomâmi', '709', 'de', 'combate']], [['o', 'garimpo', 'ilegal', 'em', 'Roraima'], ['DET', 'NOUN', 'ADJ', 'ADP', 'PROPN'], [], ['o', 'garimpo', 'ilegal', 'em', 'Roraima']]]
350;[[['PF', 'prende', 'no', 'Brasil', 'um', 'dos', 'criminosos', 'mais', 'procurados', 'do', 'Paraguai'], ['PROPN', 'VERB', 'ADP', 'PROPN', 'NUM', 'ADP', 'NOUN', 'ADV', 'VERB', 'ADP', 'PROPN'], ['prende', 'procurados'], ['PF', 'prender', 'em o', 'Brasil', 'um', 'de o', 'criminoso', 'mais', 'procurar', 'de o', 'Paraguai']]]
351;[[['Polícia', 'Federal', 'deflagra', 'operação', 'para', 'combater', 'falsificação', 'de', 'dinheiro', 'em', 'onze', 'Estados'], ['PROPN', 'PROPN', 'VERB', 'NOUN', 'SCONJ', 'VERB', 'NOUN', 'ADP', 'NOUN', 'ADP', 'NUM', 'NOUN'], ['deflagra', 'combater'], ['Polícia', 'Federal', 'deflagrar', 'operação', 'para', 'combater', 'falsificação', 'de', 'dinheiro', 'em', 'onze', 'estado']]]
352;[[['Polícia', 'Federal', 'participa', 'da', 'Operação', 'Trigger', 'VI', 'promovida', 'pela', 'INTERPOL'], ['PROPN', 'PROPN', 'VERB', 'ADP', 'PROPN', 'PROPN', 'PROPN', 'VERB', 'ADP', 'PROPN'], ['participa', 'promovida'], ['Polícia', 'Federal', 'participar', 'de o', 'Operação', 'Trigger', 'VI', 'promover', 'por o', 'INTERPOL']]]
353;[[['PF', 'e', 'BPFRON'], ['PROPN', 'CCONJ', 'PROPN'], [], ['PF', 'e', 'BPFRON']], [['PMPR', 'prendem', 'homem', 'com', 'mandado', 'de', 'prisão', 'em', 'aberto', 'pelo', 'crime', 'de', 'roubo'], ['PROPN', 'VERB', 'NOUN', 'ADP', 'NOUN', 'ADP', 'NOUN', 'ADP', 'VERB', 'ADP', 'NOUN', 'ADP', 'NOUN'], ['prendem', 'aberto'], ['PMPR', 'prender', 'homem', 'com', 'mandar', 'de', 'prisão', 'em', 'abrir', 'por o', 'crime', 'de', 'roubo']]]
354;[[['PF', 'investiga', 'comercialização', 'e', 'aplicação', 'de', 'vacinas', 'contra', 'Covid', '-', '19', 'de', 'origem', 'ilícita'], ['PROPN', 'VERB', 'NOUN', 'CCONJ', 'NOUN', 'ADP', 'NOUN', 'ADP', 'PROPN', 'PUNCT', 'NUM', 'ADP', 'NOUN', 'ADJ'], ['investiga'], ['PF', 'investigar', 'comercialização', 'e', 'aplicação', 'de', 'vacina', 'contra', 'Covid', '-', '19', 'de', 'origem', 'ilícito']]]
355;[[['Polícia', 'Federal', 'deflagra', 'operação', 'contra', 'grupo', 'criminoso', 'ligado', 'ao', 'tráfico', 'de', 'entorpecentes'], ['PROPN', 'PROPN', 'VERB', 'NOUN', 'ADP', 'NOUN', 'ADJ', 'VERB', 'ADP', 'NOUN', 'ADP', 'NOUN'], ['deflagra', 'ligado'], ['Polícia', 'Federal', 'deflagrar', 'operação', 'contra', 'grupo', 'criminoso', 'ligar', 'a o', 'tráfico', 'de', 'entorpecente']]]
356;[[['PF', 'apreende', 'drogas', 'no', 'Porto', 'de', 'Santos'], ['PROPN', 'VERB', 'NOUN', 'ADP', 'PROPN', 'ADP', 'PROPN'], ['apreende'], ['PF', 'apreender', 'droga', 'em o', 'Porto', 'de', 'Santos']]]
357;[[['Polícia', 'Federal', 'deflagra', 'segunda', 'fase', 'de', 'Operação', 'Denarius', 'para', 'combater', 'crimes', 'de', 'moeda', 'falsa'], ['PROPN', 'PROPN', 'VERB', 'ADJ', 'NOUN', 'ADP', 'NOUN', 'PROPN', 'SCONJ', 'VERB', 'NOUN', 'ADP', 'NOUN', 'ADJ'], ['deflagra', 'combater'], ['Polícia', 'Federal', 'deflagrar', 'segundo', 'fase', 'de', 'Operação', 'Denarius', 'para', 'combater', 'crime', 'de', 'moeda', 'falso']]]
358;[[['Polícia', 'Federal', 'prende', 'foragido', 'da', 'justiça', 'uruguaia'], ['PROPN', 'PROPN', 'VERB', 'NOUN', 'ADP', 'NOUN', 'ADJ'], ['prende'], ['Polícia', 'Federal', 'prender', 'foragido', 'de o', 'justiça', 'uruguaio']]]
359;[[['Polícia', 'Federal', 'apreende', 'pneus', 'estrangeiros', 'em', 'Missal', 'PR'], ['PROPN', 'PROPN', 'VERB', 'NOUN', 'ADJ', 'ADP', 'PROPN', 'PROPN'], ['apreende'], ['Polícia', 'Federal', 'apreender', 'pneu', 'estrangeiro', 'em', 'Missal', 'PR']]]
360;[[['Polícia', 'Federal', 'realiza', 'operação', 'de', 'incineração', 'de', 'droga'], ['PROPN', 'PROPN', 'VERB', 'NOUN', 'ADP', 'NOUN', 'ADP', 'NOUN'], ['realiza'], ['Polícia', 'Federal', 'realizar', 'operação', 'de', 'incineração', 'de', 'droga']]]
361;[[['PF', 'e', 'BPFRON', 'apreendem', 'veículos', 'com', 'cigarros', 'contrabandeados', 'em', 'Guaíra', 'PR'], ['PROPN', 'CCONJ', 'PROPN', 'VERB', 'NOUN', 'ADP', 'NOUN', 'VERB', 'ADP', 'PROPN', 'PROPN'], ['apreendem', 'contrabandeados'], ['PF', 'e', 'BPFRON', 'apreender', 'veículo', 'com', 'cigarro', 'contrabandear', 'em', 'Guaíra', 'PR']]]
362;[[['PF', 'prende', 'suspeito', 'de', 'fraudes', 'à', 'Caixa', 'Econômica', 'Federal'], ['PROPN', 'VERB', 'NOUN', 'ADP', 'NOUN', 'ADP', 'PROPN', 'PROPN', 'PROPN'], ['prende'], ['PF', 'prender', 'suspeito', 'de', 'fraude', 'a o', 'Caixa', 'Econômica', 'Federal']]]
363;[[['PF', ',', 'com', 'o', 'apoio', 'da', 'Polícia', 'Militar', 'PE', ',', 'prende', 'estrangeiro', 'foragido', 'da', 'justiça', 'portuguesa'], ['PROPN', 'PUNCT', 'ADP', 'DET', 'NOUN', 'ADP', 'PROPN', 'PROPN', 'PROPN', 'PUNCT', 'VERB', 'NOUN', 'ADJ', 'ADP', 'NOUN', 'ADJ'], ['prende'], ['PF', ',', 'com', 'o', 'apoio', 'de o', 'Polícia', 'Militar', 'PE', ',', 'prender', 'estrangeiro', 'foragido', 'de o', 'justiça', 'português']]]
364;[[['PF', 'deflagra', 'Operação', 'Anóxia', ',', 'para', 'investigar', 'possível', 'fraude', 'na', 'concessão', 'e', 'recebimento', 'de', 'bolsas', 'de', 'estudo', 'em', 'universidade'], ['PROPN', 'VERB', 'PROPN', 'PROPN', 'PUNCT', 'SCONJ', 'VERB', 'ADJ', 'NOUN', 'ADP', 'NOUN', 'CCONJ', 'NOUN', 'ADP', 'NOUN', 'ADP', 'NOUN', 'ADP', 'NOUN'], ['deflagra', 'investigar'], ['PF', 'deflagrar', 'Operação', 'Anóxia', ',', 'para', 'investigar', 'possível', 'fraude', 'em o', 'concessão', 'e', 'recebimento', 'de', 'bolsa', 'de', 'estudo', 'em', 'universidade']]]
365;[[['PF', 'apreende', '2', 'kg', 'de', 'cocaína', 'no', 'Aeroporto', 'Internacional', 'de', 'São', 'Paulo'], ['PROPN', 'VERB', 'NUM', 'NOUN', 'ADP', 'NOUN', 'ADP', 'PROPN', 'PROPN', 'ADP', 'PROPN', 'PROPN'], ['apreende'], ['PF', 'apreender', '2', 'kg', 'de', 'cocaína', 'em o', 'Aeroporto', 'Internacional', 'de', 'São', 'Paulo']]]
366;[[['Polícia', 'Federal', 'investiga', 'desvio', 'de', 'recursos', 'do', 'Fundo', 'Eleitoral', 'no', 'Amapá'], ['PROPN', 'PROPN', 'VERB', 'NOUN', 'ADP', 'NOUN', 'ADP', 'PROPN', 'PROPN', 'ADP', 'PROPN'], ['investiga'], ['Polícia', 'Federal', 'investigar', 'desvio', 'de', 'recurso', 'de o', 'Fundo', 'Eleitoral', 'em o', 'Amapá']]]
367;[[['Foragido', 'da', 'Justiça', 'do', 'Rio', 'Grande', 'do', 'Sul'], ['PROPN', 'ADP', 'PROPN', 'ADP', 'PROPN', 'PROPN', 'ADP', 'PROPN'], [], ['Foragido', 'de o', 'Justiça', 'de o', 'Rio', 'Grande', 'de o', 'Sul']], [['é', 'extraditado', 'do', 'Uruguai', 'para', 'o', 'Brasil'], ['AUX', 'VERB', 'ADP', 'PROPN', 'ADP', 'DET', 'PROPN'], ['é extraditado'], ['ser', 'extraditar', 'de o', 'Uruguai', 'para', 'o', 'Brasil']]]
368;[[['Polícia', 'Federal', 'prende', 'mulher', 'especializada', 'em', 'realizar', 'furtos', 'em', 'bagagens', 'de', 'passageiros', 'em', 'aeroportos'], ['PROPN', 'PROPN', 'VERB', 'NOUN', 'VERB', 'SCONJ', 'VERB', 'NOUN', 'ADP', 'NOUN', 'ADP', 'NOUN', 'ADP', 'NOUN'], ['prende', 'especializada', 'realizar'], ['Polícia', 'Federal', 'prender', 'mulher', 'especializar', 'em', 'realizar', 'furto', 'em', 'bagagem', 'de', 'passageiro', 'em', 'aeroporto']]]
369;[[['PF', 'deflagra', '2', 'operações', 'em', 'Mato', 'Grosso', 'para', 'combater', 'comercialização', 'ilegal', 'de', 'ouro'], ['PROPN', 'VERB', 'NUM', 'NOUN', 'ADP', 'PROPN', 'PROPN', 'SCONJ', 'VERB', 'NOUN', 'ADJ', 'ADP', 'NOUN'], ['deflagra', 'combater'], ['PF', 'deflagrar', '2', 'operação', 'em', 'Mato', 'Grosso', 'para', 'combater', 'comercialização', 'ilegal', 'de', 'ouro']]]
370;[[['PF', 'combate', 'tráfico', 'internacional', 'de', 'drogas'], ['PROPN', 'VERB', 'NOUN', 'ADJ', 'ADP', 'NOUN'], ['combate'], ['PF', 'combate', 'tráfico', 'internacional', 'de', 'droga']]]
371;[[['Polícia', 'Federal', 'deflagra', 'operação', 'para', 'combater', 'fraudes', 'no', 'Auxílio', 'Emergencial', 'e', 'Precatórios', 'Judiciais', 'em', 'Mato', 'Grosso', 'e', 'em', 'outros', '11', 'Estados'], ['PROPN', 'PROPN', 'VERB', 'NOUN', 'SCONJ', 'VERB', 'NOUN', 'ADP', 'PROPN', 'PROPN', 'CCONJ', 'PROPN', 'PROPN', 'ADP', 'PROPN', 'PROPN', 'CCONJ', 'ADP', 'DET', 'NUM', 'NOUN'], ['deflagra', 'combater'], ['Polícia', 'Federal', 'deflagrar', 'operação', 'para', 'combater', 'fraude', 'em o', 'Auxílio', 'Emergencial', 'e', 'Precatórios', 'Judiciais', 'em', 'Mato', 'Grosso', 'e', 'em', 'outro', '11', 'estado']]]
372;[[['PF', ',', 'em', 'ação', 'integrada', ',', 'prende', 'em', 'flagrante', 'um', 'homem', 'pela', 'venda', 'de', 'medicamento', 'de', 'comercialização', 'restrita'], ['PROPN', 'PUNCT', 'ADP', 'NOUN', 'VERB', 'PUNCT', 'VERB', 'ADP', 'NOUN', 'DET', 'NOUN', 'ADP', 'NOUN', 'ADP', 'NOUN', 'ADP', 'NOUN', 'VERB'], ['integrada', 'prende', 'restrita'], ['PF', ',', 'em', 'ação', 'integrar', ',', 'prender', 'em', 'flagrante', 'um', 'homem', 'por o', 'venda', 'de', 'medicamento', 'de', 'comercialização', 'restrito']]]
373;[[['PF', 'apreende', 'mais', 'de', 'R', '90', 'mil', 'na', 'fronteira', 'do', 'Brasil', 'com', 'a', 'Bolívia'], ['PROPN', 'VERB', 'ADV', 'ADP', 'SYM', 'NUM', 'NUM', 'ADP', 'NOUN', 'ADP', 'PROPN', 'ADP', 'DET', 'PROPN'], ['apreende'], ['PF', 'apreender', 'mais', 'de', 'R', '90', 'mil', 'em o', 'fronteira', 'de o', 'Brasil', 'com', 'o', 'Bolívia']]]
374;[[['Polícia', 'Federal', 'apreende', '440', 'kg', 'de', 'droga', 'no', 'Porto', 'de', 'Santos', 'SP'], ['PROPN', 'PROPN', 'VERB', 'NUM', 'NOUN', 'ADP', 'NOUN', 'ADP', 'PROPN', 'ADP', 'PROPN', 'PROPN'], ['apreende'], ['Polícia', 'Federal', 'apreender', '440', 'kg', 'de', 'droga', 'em o', 'Porto', 'de', 'Santos', 'SP']]]
375;[[['PF', 'deflagra', 'Operação', 'Constantino', 'para', 'investigar', 'invasões', 'e', 'queimadas', 'em', 'terras', 'da', 'União', 'no', 'Amazonas'], ['PROPN', 'VERB', 'PROPN', 'PROPN', 'SCONJ', 'VERB', 'NOUN', 'CCONJ', 'VERB', 'ADP', 'NOUN', 'ADP', 'PROPN', 'ADP', 'PROPN'], ['deflagra', 'investigar', 'queimadas'], ['PF', 'deflagrar', 'Operação', 'Constantino', 'para', 'investigar', 'invasão', 'e', 'queimar', 'em', 'terra', 'de o', 'União', 'em o', 'Amazonas']]]
376;[[['PF', 'incinera', '480', 'kg', 'de', 'drogas', 'no', 'Cariri'], ['PROPN', 'VERB', 'NUM', 'NOUN', 'ADP', 'NOUN', 'ADP', 'PROPN'], ['incinera'], ['PF', 'incinerar', '480', 'kg', 'de', 'droga', 'em o', 'Cariri']]]
377;[[['Polícia', 'Federal', 'deflagra', 'operação', 'de', 'combate', 'ao', 'tráfico', 'de', 'drogas', 'na', 'Bahia'], ['PROPN', 'PROPN', 'VERB', 'NOUN', 'ADP', 'NOUN', 'ADP', 'NOUN', 'ADP', 'NOUN', 'ADP', 'PROPN'], ['deflagra'], ['Polícia', 'Federal', 'deflagrar', 'operação', 'de', 'combate', 'a o', 'tráfico', 'de', 'droga', 'em o', 'Bahia']]]
378;[[['Polícia', 'Federal', 'deflagra', 'a', 'segunda', 'fase', 'da', 'Operação', 'Quinino'], ['PROPN', 'PROPN', 'VERB', 'DET', 'ADJ', 'NOUN', 'ADP', 'PROPN', 'PROPN'], ['deflagra'], ['Polícia', 'Federal', 'deflagrar', 'o', 'segundo', 'fase', 'de o', 'Operação', 'Quinino']]]
379;[[['Polícia', 'Federal', 'interrompe', 'remessa', 'de', 'moeda', 'falsa', 'no', 'Amapá'], ['PROPN', 'PROPN', 'VERB', 'NOUN', 'ADP', 'NOUN', 'ADJ', 'ADP', 'PROPN'], ['interrompe'], ['Polícia', 'Federal', 'interromper', 'remessa', 'de', 'moeda', 'falso', 'em o', 'Amapá']]]
380;[[['PF', 'combate', 'furtos', 'contra', 'a', 'Caixa', 'Econômica', 'Federal', 'em', 'Chapecó', 'SC'], ['PROPN', 'VERB', 'NOUN', 'ADP', 'DET', 'PROPN', 'PROPN', 'PROPN', 'ADP', 'PROPN', 'PROPN'], ['combate'], ['PF', 'combater', 'furto', 'contra', 'o', 'Caixa', 'Econômica', 'Federal', 'em', 'Chapecó', 'SC']]]
381;[[['Polícia', 'Federal', 'realiza', 'incursão', 'de', 'combate', 'ao', 'tráfico', 'de', 'drogas', 'em', 'Recife', 'PE'], ['PROPN', 'PROPN', 'VERB', 'NOUN', 'ADP', 'NOUN', 'ADP', 'NOUN', 'ADP', 'NOUN', 'ADP', 'PROPN', 'PROPN'], ['realiza'], ['Polícia', 'Federal', 'realizar', 'incursão', 'de', 'combate', 'a o', 'tráfico', 'de', 'droga', 'em', 'Recife', 'PE']]]
382;[[['Polícia', 'Federal', 'desarticula', 'organização', 'criminosa', 'voltada', 'para', 'o', 'tráfico', 'de', 'drogas', 'e', 'fabricação', 'de', 'cédulas', 'falsas'], ['PROPN', 'PROPN', 'VERB', 'NOUN', 'ADJ', 'VERB', 'ADP', 'DET', 'NOUN', 'ADP', 'NOUN', 'CCONJ', 'NOUN', 'ADP', 'NOUN', 'ADJ'], ['desarticula', 'voltada'], ['Polícia', 'Federal', 'desarticular', 'organização', 'criminoso', 'voltar', 'para', 'o', 'tráfico', 'de', 'droga', 'e', 'fabricação', 'de', 'cédula', 'falso']]]
383;[[['PF', 'e', 'Receita', 'apreendem', 'droga', 'dentro', 'de', 'bombons'], ['PROPN', 'CCONJ', 'NOUN', 'VERB', 'NOUN', 'ADV', 'ADP', 'NOUN'], ['apreendem'], ['PF', 'e', 'Receita', 'apreender', 'droga', 'dentro', 'de', 'bombons']]]
384;[[['PF', 'deflagra', 'a', 'Operação', 'Athoótita', 'para', 'combater', 'possível', 'disseminação', 'de', 'pornografia', 'infantil'], ['PROPN', 'VERB', 'DET', 'PROPN', 'PROPN', 'SCONJ', 'VERB', 'ADJ', 'NOUN', 'ADP', 'NOUN', 'ADJ'], ['deflagra', 'combater'], ['PF', 'deflagrar', 'o', 'Operação', 'Athoótita', 'para', 'combater', 'possível', 'disseminação', 'de', 'pornografia', 'infantil']]]
385;[[['PF', 'segue', 'investigações', 'sobre', 'vacinas', 'contra', 'covid', '-', '19', 'de', 'origem', 'ilícita'], ['PROPN', 'VERB', 'NOUN', 'ADP', 'NOUN', 'ADP', 'NOUN', 'PUNCT', 'NUM', 'ADP', 'NOUN', 'ADJ'], ['segue'], ['PF', 'seguir', 'investigação', 'sobre', 'vacina', 'contra', 'covid', '-', '19', 'de', 'origem', 'ilícito']]]
386;[[['PF', 'prende', 'em', 'Pau', 'dos', 'Ferros', 'suspeito', 'de', 'integrar', 'facção', 'criminosa', 'no', 'Rio', 'Grande', 'do', 'Norte'], ['PROPN', 'VERB', 'ADP', 'PROPN', 'ADP', 'PROPN', 'ADJ', 'SCONJ', 'VERB', 'NOUN', 'ADJ', 'ADP', 'PROPN', 'PROPN', 'ADP', 'PROPN'], ['prende', 'integrar'], ['PF', 'prender', 'em', 'Pau', 'de o', 'Ferros', 'suspeito', 'de', 'integrar', 'facção', 'criminoso', 'em o', 'Rio', 'Grande', 'de o', 'Norte']]]
387;[[['Polícia', 'Federal', 'realiza', 'apreensão', 'de', 'droga', 'no', 'Porto', 'de', 'Santos', 'SP'], ['PROPN', 'PROPN', 'VERB', 'NOUN', 'ADP', 'NOUN', 'ADP', 'PROPN', 'ADP', 'PROPN', 'PROPN'], ['realiza'], ['Polícia', 'Federal', 'realizar', 'apreensão', 'de', 'droga', 'em o', 'Porto', 'de', 'Santos', 'SP']]]
388;[[['PF', 'e', 'BPFRON', 'apreende', 'quatro', 'veículos', 'carregados', 'com', 'contrabando'], ['PROPN', 'CCONJ', 'PROPN', 'VERB', 'NUM', 'NOUN', 'VERB', 'ADP', 'NOUN'], ['apreende', 'carregados'], ['PF', 'e', 'BPFRON', 'apreender', 'quatro', 'veículo', 'carregar', 'com', 'contrabando']]]
389;[[['Polícia', 'Federal', 'apreende', 'pistolas', ',', 'fuzil', 'e', 'mais', 'de', '1', 'tonelada', 'de', 'cocaína', 'no', 'Porto', 'de', 'Santos', 'SP'], ['PROPN', 'PROPN', 'VERB', 'NOUN', 'PUNCT', 'NOUN', 'CCONJ', 'ADV', 'ADP', 'NUM', 'NOUN', 'ADP', 'NOUN', 'ADP', 'PROPN', 'ADP', 'PROPN', 'PROPN'], ['apreende'], ['Polícia', 'Federal', 'apreender', 'pistola', ',', 'fuzil', 'e', 'mais', 'de', '1', 'tonelada', 'de', 'cocaína', 'em o', 'Porto', 'de', 'Santos', 'SP']]]
390;[[['Polícia', 'Federal', 'prende', 'traficante', 'de', 'armas', 'e', 'drogas', 'procurado', 'pela', 'INTERPOL'], ['PROPN', 'PROPN', 'VERB', 'NOUN', 'ADP', 'NOUN', 'CCONJ', 'NOUN', 'VERB', 'ADP', 'PROPN'], ['prende', 'procurado'], ['Polícia', 'Federal', 'prender', 'traficante', 'de', 'arma', 'e', 'droga', 'procurar', 'por o', 'INTERPOL']]]
391;[[['PF', 'deflagra', 'segunda', 'fase', 'da', 'Operação', 'Aversa', 'contra', 'o', 'tráfico', 'de', 'drogas', 'em', 'Campo', 'Grande', 'MS'], ['PROPN', 'VERB', 'ADJ', 'NOUN', 'ADP', 'PROPN', 'PROPN', 'ADP', 'DET', 'NOUN', 'ADP', 'NOUN', 'ADP', 'PROPN', 'PROPN', 'PROPN'], ['deflagra'], ['PF', 'deflagrar', 'segundo', 'fase', 'de o', 'Operação', 'Aversa', 'contra', 'o', 'tráfico', 'de', 'droga', 'em', 'Campo', 'Grande', 'MS']]]
392;[[['Polícia', 'Federal', 'apreende', 'cerca', 'de', 'R', '430', 'mil', 'na', 'fronteira', 'com', 'o', 'Uruguai'], ['PROPN', 'PROPN', 'VERB', 'ADV', 'ADP', 'SYM', 'NUM', 'NUM', 'ADP', 'NOUN', 'ADP', 'DET', 'PROPN'], ['apreende'], ['Polícia', 'Federal', 'apreender', 'cerca', 'de', 'R', '430', 'mil', 'em o', 'fronteira', 'com', 'o', 'Uruguai']]]
393;[[['Polícia', 'Federal', 'combate', 'o', 'tráfico', 'de', 'drogas', 'na', 'fronteira', 'com', 'o', 'Uruguai'], ['PROPN', 'PROPN', 'VERB', 'DET', 'NOUN', 'ADP', 'NOUN', 'ADP', 'NOUN', 'ADP', 'DET', 'PROPN'], ['combate'], ['Polícia', 'Federal', 'combatir', 'o', 'tráfico', 'de', 'droga', 'em o', 'fronteira', 'com', 'o', 'Uruguai']]]
394;[[['Operação', 'Recôndito', 'apura', 'desvio', 'de', 'recursos', 'públicos', 'federais', 'destinados', 'ao', 'combate', 'do', 'Coronavírus'], ['NOUN', 'PROPN', 'VERB', 'NOUN', 'ADP', 'NOUN', 'ADJ', 'ADJ', 'VERB', 'ADP', 'NOUN', 'ADP', 'PROPN'], ['apura', 'destinados'], ['Operação', 'Recôndito', 'apurar', 'desvio', 'de', 'recurso', 'público', 'federal', 'destinar', 'a o', 'combate', 'de o', 'coronavírus']]]
395;[[['PF', 'combate', 'armazenamento', 'e', 'divulgação', 'de', 'imagens', 'e', 'vídeos', 'de', 'exploração', 'sexual', 'de', 'crianças', 'e', 'adolescentes', 'pela', 'internet'], ['PROPN', 'VERB', 'NOUN', 'CCONJ', 'NOUN', 'ADP', 'NOUN', 'CCONJ', 'NOUN', 'ADP', 'NOUN', 'ADJ', 'ADP', 'NOUN', 'CCONJ', 'ADJ', 'ADP', 'PROPN'], ['combate'], ['PF', 'combatir', 'armazenamento', 'e', 'divulgação', 'de', 'imagem', 'e', 'vídeo', 'de', 'exploração', 'sexual', 'de', 'criança', 'e', 'adolescente', 'por o', 'Internet']]]
396;[[['Polícia', 'Federal', 'reprime', 'crimes', 'contra', 'os', 'Correios', 'no', 'Amapá'], ['PROPN', 'PROPN', 'VERB', 'NOUN', 'ADP', 'DET', 'PROPN', 'ADP', 'PROPN'], ['reprime'], ['Polícia', 'Federal', 'reprimer', 'crime', 'contra', 'o', 'Correios', 'em o', 'Amapá']]]
397;[[['PF', 'desarticula', 'esquema', 'de', 'concessão', 'de', 'decisões', 'judiciais', 'irregulares', 'no', 'Rio', 'de', 'Janeiro'], ['PROPN', 'VERB', 'NOUN', 'ADP', 'NOUN', 'ADP', 'NOUN', 'ADJ', 'ADJ', 'ADP', 'PROPN', 'ADP', 'PROPN'], ['desarticula'], ['PF', 'desarticular', 'esquema', 'de', 'concessão', 'de', 'decisão', 'judicial', 'irregular', 'em o', 'Rio', 'de', 'Janeiro']]]
398;[[['Polícia', 'Federal', 'realiza', 'a', 'prisão', 'de', 'uma', 'pessoa', 'por', 'tráfico', 'de', 'drogas'], ['PROPN', 'PROPN', 'VERB', 'DET', 'NOUN', 'ADP', 'DET', 'NOUN', 'ADP', 'NOUN', 'ADP', 'NOUN'], ['realiza'], ['Polícia', 'Federal', 'realizar', 'o', 'prisão', 'de', 'um', 'pessoa', 'por', 'tráfico', 'de', 'droga']]]
399;[[['Polícia', 'Federal', 'resgata', 'vítimas', 'do', 'tráfico', 'de', 'pessoas', 'na', 'Bolívia'], ['PROPN', 'PROPN', 'VERB', 'NOUN', 'ADP', 'NOUN', 'ADP', 'NOUN', 'ADP', 'PROPN'], ['resgata'], ['Polícia', 'Federal', 'resgatar', 'vítima', 'de o', 'tráfico', 'de', 'pessoa', 'em o', 'Bolívia']]]
400;[[['A', 'Polícia', 'Federal', 'deflagra', 'Operação', 'Mitra', 'para', 'reprimir', 'o', 'porte', 'ilegal', 'de', 'arma', 'de', 'fogo', 'no', 'Acre'], ['DET', 'PROPN', 'PROPN', 'VERB', 'PROPN', 'PROPN', 'SCONJ', 'VERB', 'DET', 'NOUN', 'ADJ', 'ADP', 'NOUN', 'ADP', 'NOUN', 'ADP', 'PROPN'], ['deflagra', 'reprimir'], ['o', 'Polícia', 'Federal', 'deflagrar', 'Operação', 'Mitra', 'para', 'reprimir', 'o', 'porte', 'ilegal', 'de', 'arma', 'de', 'fogo', 'em o', 'Acre']]]
401;[[['PF', 'deflagra', 'Operação', 'Apacheta', 'no', 'Maranhão'], ['PROPN', 'VERB', 'PROPN', 'PROPN', 'ADP', 'PROPN'], ['deflagra'], ['PF', 'deflagrar', 'Operação', 'Apacheta', 'em o', 'Maranhão']]]
402;[[['Polícia', 'Federal', 'localiza', 'menor', 'raptada', 'em', 'Valparaíso', 'de', 'Goiás'], ['PROPN', 'PROPN', 'VERB', 'ADJ', 'VERB', 'ADP', 'PROPN', 'ADP', 'PROPN'], ['localiza', 'raptada'], ['Polícia', 'Federal', 'localizar', 'pequeno', 'raptar', 'em', 'Valparaíso', 'de', 'Goiás']], [['GO'], ['PROPN'], [], ['GO']]]
403;[[['PF', 'prende', 'homem', 'por', 'tráfico', 'internacional', 'de', 'drogas'], ['PROPN', 'VERB', 'NOUN', 'ADP', 'NOUN', 'ADJ', 'ADP', 'NOUN'], ['prende'], ['PF', 'prender', 'homem', 'por', 'tráfico', 'internacional', 'de', 'droga']]]
404;[[['PF', 'e', 'BPFRON', 'estoura', 'depósito', 'milionário', 'de', 'contrabando'], ['PROPN', 'CCONJ', 'PROPN', 'VERB', 'NOUN', 'ADJ', 'ADP', 'NOUN'], ['estoura'], ['PF', 'e', 'BPFRON', 'estourar', 'depósito', 'milionário', 'de', 'contrabando']]]
405;[[['PF', 'deflagra', 'operação', 'de', 'combate', 'a', 'fraudes', 'no', 'auxílio', 'emergencial', 'cometidas', 'por', 'servidores', 'públicos'], ['PROPN', 'VERB', 'NOUN', 'ADP', 'NOUN', 'ADP', 'NOUN', 'ADP', 'NOUN', 'ADJ', 'VERB', 'ADP', 'NOUN', 'ADJ'], ['deflagra', 'cometidas'], ['PF', 'deflagrar', 'operação', 'de', 'combate', 'a', 'fraude', 'em o', 'auxílio', 'emergencial', 'cometir', 'por', 'servidor', 'público']]]
406;[[['Policiais', 'federais', ',', 'civis', 'COPE', 'PR', 'e', 'militares', 'BPFRON'], ['NOUN', 'ADJ', 'PUNCT', 'ADP', 'PROPN', 'PROPN', 'CCONJ', 'NOUN', 'VERB'], ['BPFRON'], ['policial', 'federal', ',', 'civil', 'COPE', 'PR', 'e', 'militar', 'BPFRON']], [['cumprem', 'mandado', 'de', 'prisão', 'pelo', 'crime', 'de', 'tráfico', 'de', 'drogas', ',', 'em', 'Itaipulândia'], ['VERB', 'VERB', 'ADP', 'NOUN', 'ADP', 'NOUN', 'ADP', 'NOUN', 'ADP', 'NOUN', 'PUNCT', 'ADP', 'PROPN'], ['cumprem mandado'], ['cumprem', 'mandar', 'de', 'prisão', 'por o', 'crime', 'de', 'tráfico', 'de', 'droga', ',', 'em', 'Itaipulândia']]]
407;[[['PF', ','], ['PROPN', 'PUNCT'], [], ['PF', ',']], [['em', 'ação', 'conjunta', 'com', 'a', 'Receita', ',', 'apreende', 'droga', 'dentro', 'de', 'cosméticos'], ['ADP', 'NOUN', 'ADJ', 'ADP', 'DET', 'NOUN', 'PUNCT', 'VERB', 'NOUN', 'ADV', 'ADP', 'NOUN'], ['apreende'], ['em', 'ação', 'conjunto', 'com', 'o', 'receita', ',', 'apreender', 'droga', 'dentro', 'de', 'cosmético']]]
408;[[['Polícia', 'Federal', 'e', 'APPA', 'realizam', 'fiscalização', 'ambiental', 'no', 'Porto', 'de', 'Paranaguá'], ['PROPN', 'PROPN', 'CCONJ', 'PROPN', 'VERB', 'NOUN', 'ADJ', 'ADP', 'PROPN', 'ADP', 'PROPN'], ['realizam'], ['Polícia', 'Federal', 'e', 'APPA', 'realizar', 'fiscalização', 'ambiental', 'em o', 'Porto', 'de', 'Paranaguá']]]
409;[[['PF', 'desarticula', 'associação', 'criminosa', 'voltada', 'para', 'a', 'prática', 'de', 'crimes', 'ambientais', 'e', 'agrários', 'em', 'terras', 'da', 'União'], ['PROPN', 'VERB', 'NOUN', 'ADJ', 'VERB', 'ADP', 'DET', 'NOUN', 'ADP', 'NOUN', 'ADJ', 'CCONJ', 'ADJ', 'ADP', 'NOUN', 'ADP', 'PROPN'], ['desarticula', 'voltada'], ['PF', 'desarticular', 'associação', 'criminoso', 'voltar', 'para', 'o', 'prática', 'de', 'crime', 'ambiental', 'e', 'agrário', 'em', 'terra', 'de o', 'união']]]
410;[[['Polícia', 'Federal', 'prende', 'em', 'flagrante', 'negociador', 'de', 'diamantes'], ['PROPN', 'PROPN', 'VERB', 'ADP', 'ADJ', 'NOUN', 'ADP', 'NOUN'], ['prende'], ['Polícia', 'Federal', 'prender', 'em', 'flagrante', 'negociador', 'de', 'diamante']]]
411;[[['PF', 'apreende', 'droga', 'dentro', 'de', 'adega', 'para', 'vinhos'], ['PROPN', 'VERB', 'NOUN', 'ADV', 'ADP', 'NOUN', 'ADP', 'NOUN'], ['apreende'], ['PF', 'apreender', 'droga', 'dentro', 'de', 'adega', 'para', 'vinho']]]
412;[[['FICCO', '-', 'UBERABA', ',', 'GFRON', ',', 'PMMT', 'e', 'COD', '-', 'PM', 'GO', 'apreendem', 'mais', 'de', '26', 'kg', 'de', 'pasta', 'base', 'de', 'cocaína'], ['PROPN', 'PUNCT', 'PROPN', 'PUNCT', 'PROPN', 'PUNCT', 'PROPN', 'CCONJ', 'PROPN', 'PUNCT', 'PROPN', 'PROPN', 'VERB', 'ADV', 'ADP', 'NUM', 'NOUN', 'ADP', 'NOUN', 'NOUN', 'ADP', 'NOUN'], ['apreendem'], ['FICCO', '-', 'UBERABA', ',', 'GFRON', ',', 'PMMT', 'e', 'COD', '-', 'PM', 'GO', 'apreender', 'mais', 'de', '26', 'kg', 'de', 'pasta', 'base', 'de', 'cocaína']]]
413;[[['A', 'Polícia', 'Federal', 'apreendeu', '250', 'quilos', 'de', 'cocaína', 'em', 'Ponta', 'Porã', 'MS'], ['DET', 'PROPN', 'PROPN', 'VERB', 'NUM', 'NOUN', 'ADP', 'NOUN', 'ADP', 'PROPN', 'PROPN', 'PROPN'], ['apreendeu'], ['o', 'Polícia', 'Federal', 'apreender', '250', 'quilo', 'de', 'cocaína', 'em', 'Ponta', 'Porã', 'MS']]]
414;[[['PF', 'prende', 'foragido', 'por', 'tráfico', 'internacional', 'de', 'drogas'], ['PROPN', 'VERB', 'NOUN', 'ADP', 'NOUN', 'ADJ', 'ADP', 'NOUN'], ['prende'], ['PF', 'prender', 'foragido', 'por', 'tráfico', 'internacional', 'de', 'droga']]]
415;[[['PF', 'apreende', 'cocaína', 'dentro', 'de', 'edredons'], ['PROPN', 'VERB', 'NOUN', 'ADV', 'ADP', 'NOUN'], ['apreende'], ['PF', 'apreender', 'cocaína', 'dentro', 'de', 'edredons']]]
416;[[['Polícia', 'Federal', 'apreende', 'mais', 'de', '3', ',', '5', 'kg', 'de', 'cocaína', 'em', 'dois', 'aeroportos', 'do', 'Amazonas'], ['PROPN', 'PROPN', 'VERB', 'ADV', 'ADP', 'NUM', 'PUNCT', 'NUM', 'NOUN', 'ADP', 'NOUN', 'ADP', 'NUM', 'NOUN', 'ADP', 'PROPN'], ['apreende'], ['Polícia', 'Federal', 'apreender', 'mais', 'de', '3', ',', '5', 'kg', 'de', 'cocaína', 'em', 'dois', 'aeroporto', 'de o', 'Amazonas']]]
417;[[['PF', 'apreende', 'carretas', 'com', '60', 'm', 'de', 'madeira', 'em', 'porto', 'de', 'Manaus'], ['PROPN', 'VERB', 'NOUN', 'ADP', 'NUM', 'NOUN', 'ADP', 'NOUN', 'ADP', 'NOUN', 'ADP', 'PROPN'], ['apreende'], ['PF', 'apreender', 'carreta', 'com', '60', 'm', 'de', 'madeira', 'em', 'porto', 'de', 'Manaus']]]
418;[[['Polícia', 'Federal', 'esclarece', 'sobre', 'prazos', 'migratórios'], ['PROPN', 'PROPN', 'VERB', 'ADP', 'NOUN', 'ADJ'], ['esclarece'], ['Polícia', 'Federal', 'esclarecer', 'sobre', 'prazo', 'migratório']]]
419;[[['PF', 'deflagrou', 'a', 'Operação', 'Expresso', '155', 'de', 'combate', 'tráfico', 'de', 'drogas', 'interestadual'], ['PROPN', 'VERB', 'DET', 'PROPN', 'PROPN', 'PROPN', 'ADP', 'NOUN', 'ADJ', 'ADP', 'NOUN', 'ADJ'], ['deflagrou'], ['PF', 'deflagrar', 'o', 'Operação', 'Expresso', '155', 'de', 'combate', 'tráfico', 'de', 'droga', 'interestadual']]]
420;[[['PF', 'deflagra', 'segunda', 'fase', 'da', 'Operação', 'Aversa', 'contra', 'o', 'tráfico', 'de', 'drogas', 'em', 'Campo', 'Grande', 'MS'], ['PROPN', 'VERB', 'ADJ', 'NOUN', 'ADP', 'PROPN', 'PROPN', 'ADP', 'DET', 'NOUN', 'ADP', 'NOUN', 'ADP', 'PROPN', 'PROPN', 'PROPN'], ['deflagra'], ['PF', 'deflagrar', 'segundo', 'fase', 'de o', 'Operação', 'Aversa', 'contra', 'o', 'tráfico', 'de', 'droga', 'em', 'Campo', 'Grande', 'MS']]]
421;[[['Polícia', 'Federal', 'apreende', 'mais', 'de', 'R', '250', 'mil', 'em', 'moeda', 'falsa'], ['PROPN', 'PROPN', 'VERB', 'ADV', 'ADP', 'SYM', 'NUM', 'NUM', 'ADP', 'NOUN', 'ADJ'], ['apreende'], ['Polícia', 'Federal', 'apreender', 'mais', 'de', 'R', '250', 'mil', 'em', 'moeda', 'falso']]]
422;[[['Polícia', 'Federal', 'combate', 'contrabando', 'em', 'Campinas'], ['PROPN', 'PROPN', 'VERB', 'VERB', 'ADP', 'PROPN'], ['combate contrabando'], ['Polícia', 'Federal', 'combatir', 'contrabando', 'em', 'Campinas']]]
423;[[['Polícia', 'Federal', 'deflagra', 'Operação'], ['PROPN', 'PROPN', 'VERB', 'NOUN'], ['deflagra'], ['Polícia', 'Federal', 'deflagrar', 'Operação']], [['Quarta'], ['PROPN'], [], ['Quarta']], [['Parcela', 'no', 'combate', 'a', 'fraudes', 'contra', 'benefícios', 'emergenciais'], ['NOUN', 'ADP', 'NOUN', 'ADP', 'NOUN', 'ADP', 'NOUN', 'ADJ'], [], ['parcela', 'em o', 'combate', 'a', 'fraude', 'contra', 'benefício', 'emergencial']]]
424;[[['Polícia', 'Federal', 'desarticula', 'facção', 'criminosa', 'estabelecida', 'na', 'região', 'da', 'Serra', 'Gaúcha'], ['PROPN', 'PROPN', 'VERB', 'NOUN', 'ADJ', 'VERB', 'ADP', 'NOUN', 'ADP', 'PROPN', 'PROPN'], ['desarticula', 'estabelecida'], ['Polícia', 'Federal', 'desarticular', 'facção', 'criminoso', 'estabelecer', 'em o', 'região', 'de o', 'Serra', 'Gaúcha']]]
425;[[['Polícia', 'Federal', 'cumpre', 'mais', 'um', 'mandado', 'de', 'prisão', 'preventiva', 'referente', 'à', 'Operação', 'Enterprise'], ['PROPN', 'PROPN', 'VERB', 'ADV', 'NUM', 'NOUN', 'ADP', 'NOUN', 'ADJ', 'ADV', 'ADP', 'PROPN', 'PROPN'], ['cumpre'], ['Polícia', 'Federal', 'cumprir', 'mais', 'um', 'mandado', 'de', 'prisão', 'preventivo', 'referente', 'a o', 'Operação', 'Enterprise']]]
426;[[['Operação', 'Estoque'], ['NOUN', 'PROPN'], [], ['operação', 'Estoque']], [['Zero'], ['PROPN'], [], ['Zero']], [['investiga', 'irregularidades', 'na', 'utilização', 'recursos', 'destinados', 'ao', 'combate', 'da', 'pandemia', 'de', 'Covid', '-'], ['VERB', 'NOUN', 'ADP', 'NOUN', 'NOUN', 'VERB', 'ADP', 'NOUN', 'ADP', 'NOUN', 'ADP', 'PROPN', 'PUNCT'], ['investiga', 'destinados'], ['investigar', 'irregularidade', 'em o', 'utilização', 'recurso', 'destinar', 'a o', 'combate', 'de o', 'pandemia', 'de', 'Covid', '-']], [['19'], ['NUM'], [], ['19']]]
427;[[['PF', 'investiga', 'grupo', 'criminoso', 'que', 'cobrava', 'para', 'influir', 'em', 'órgãos', 'públicos', 'no', 'DF'], ['PROPN', 'VERB', 'NOUN', 'ADJ', 'PRON', 'VERB', 'SCONJ', 'VERB', 'ADP', 'NOUN', 'ADJ', 'ADP', 'PROPN'], ['investiga', 'cobrava', 'influir'], ['PF', 'investigar', 'grupo', 'criminoso', 'que', 'cobrar', 'para', 'influir', 'em', 'órgão', 'público', 'em o', 'DF']]]
428;[[['Polícia', 'Federal', 'deflagra', 'Operação'], ['PROPN', 'PROPN', 'VERB', 'NOUN'], ['deflagra'], ['Polícia', 'Federal', 'deflagrar', 'Operação']], [['Ossobuco'], ['ADV'], [], ['ossobuco']], [['para', 'investigar', 'fraudes', 'em', 'contratos', 'firmados', 'entre', 'empresas', 'e', 'hospitais', 'federais', 'sediados', 'no', 'Rio', 'de', 'Janeiro'], ['SCONJ', 'VERB', 'NOUN', 'ADP', 'NOUN', 'VERB', 'ADP', 'NOUN', 'CCONJ', 'NOUN', 'ADJ', 'VERB', 'ADP', 'PROPN', 'ADP', 'PROPN'], ['investigar', 'firmados', 'sediados'], ['para', 'investigar', 'fraude', 'em', 'contrato', 'firmar', 'entre', 'empresa', 'e', 'hospital', 'federal', 'sediar', 'em o', 'Rio', 'de', 'Janeiro']]]
429;[[['Operação', 'Escambo', 'investiga', 'envolvido', 'em', 'tráfico', 'de', 'drogas', 'e', 'receptação', 'de', 'motocicletas', 'roubadas', 'em', 'Rondônia'], ['PROPN', 'PROPN', 'VERB', 'VERB', 'ADP', 'NOUN', 'ADP', 'NOUN', 'CCONJ', 'NOUN', 'ADP', 'NOUN', 'VERB', 'ADP', 'PROPN'], ['investiga envolvido', 'roubadas'], ['Operação', 'Escambo', 'investigar', 'envolver', 'em', 'tráfico', 'de', 'droga', 'e', 'receptação', 'de', 'motocicleta', 'roubar', 'em', 'Rondônia']]]
430;[[['PF', 'deflagra', 'Operação', 'Olho', 'da', 'Providência', 'para', 'combater', 'desmatamento', 'e', 'invasões', 'de', 'terras', 'públicas', 'no', 'Acre'], ['PROPN', 'VERB', 'PROPN', 'PROPN', 'ADP', 'PROPN', 'SCONJ', 'VERB', 'NOUN', 'CCONJ', 'NOUN', 'ADP', 'NOUN', 'ADJ', 'ADP', 'PROPN'], ['deflagra', 'combater'], ['PF', 'deflagrar', 'Operação', 'Olho', 'de o', 'Providência', 'para', 'combater', 'desmatamento', 'e', 'invasão', 'de', 'terra', 'público', 'em o', 'Acre']]]
431;[[['Polícia', 'Federal', 'enfrenta', 'núcleo', 'de', 'facção', 'criminosa', 'no', 'Amapá'], ['PROPN', 'PROPN', 'VERB', 'NOUN', 'ADP', 'NOUN', 'ADJ', 'ADP', 'PROPN'], ['enfrenta'], ['Polícia', 'Federal', 'enfrentar', 'núcleo', 'de', 'facção', 'criminoso', 'em o', 'Amapá']]]
432;[[['PF', 'apreende', 'caminhão', 'com', 'mais', 'de', '7', 'toneladas', 'de', 'maconha', 'em', 'Ponta', 'Porã', 'MS'], ['PROPN', 'VERB', 'NOUN', 'ADP', 'ADV', 'ADP', 'NUM', 'NOUN', 'ADP', 'NOUN', 'ADP', 'PROPN', 'PROPN', 'PROPN'], ['apreende'], ['PF', 'apreender', 'caminhão', 'com', 'mais', 'de', '7', 'tonelada', 'de', 'maconha', 'em', 'Ponta', 'Porã', 'MS']]]
433;[[['PF', 'apreende', 'mais', 'de', '2', 'kg', 'de', 'droga', 'em', 'voo', 'para', 'a', 'frica', 'do', 'Sul'], ['PROPN', 'VERB', 'ADV', 'ADP', 'NUM', 'NOUN', 'ADP', 'NOUN', 'ADP', 'NOUN', 'ADP', 'DET', 'NOUN', 'ADP', 'PROPN'], ['apreende'], ['PF', 'apreender', 'mais', 'de', '2', 'kg', 'de', 'droga', 'em', 'voo', 'para', 'o', 'frica', 'de o', 'sul']]]
434;[[['PF', 'recupera', 'objeto', 'furtado', 'da', 'UFRN', 'e', 'apreende', 'dinheiro', 'falso', 'em', 'Natal'], ['PROPN', 'VERB', 'NOUN', 'VERB', 'ADP', 'PROPN', 'CCONJ', 'VERB', 'NOUN', 'ADJ', 'ADP', 'PROPN'], ['recupera', 'furtado', 'apreende'], ['PF', 'recuperar', 'objeto', 'furtar', 'de o', 'UFRN', 'e', 'apreender', 'dinheiro', 'falso', 'em', 'Natal']]]
435;[[['Operação', 'Cara', 'Grande', 'desativa', 'casas', 'de', 'câmbio', 'que', 'atuavam', 'clandestinamente'], ['NOUN', 'PROPN', 'PROPN', 'VERB', 'NOUN', 'ADP', 'NOUN', 'PRON', 'VERB', 'ADV'], ['desativa', 'atuavam'], ['Operação', 'Cara', 'Grande', 'desativar', 'casa', 'de', 'câmbio', 'que', 'atuar', 'clandestinamente']]]
436;[[['Polícia', 'Federal', 'apreende', '3', 'kg', 'de', 'skunk', 'no', 'Aeroporto', 'Internacional', 'dos', 'Guararapes', ',', 'em', 'Pernambuco'], ['PROPN', 'PROPN', 'VERB', 'NUM', 'NOUN', 'ADP', 'NOUN', 'ADP', 'PROPN', 'PROPN', 'ADP', 'PROPN', 'PUNCT', 'ADP', 'PROPN'], ['apreende'], ['Polícia', 'Federal', 'apreender', '3', 'kg', 'de', 'skunk', 'em o', 'Aeroporto', 'Internacional', 'de o', 'Guararapes', ',', 'em', 'Pernambuco']]]
437;[[['PF', 'combate', 'a', 'prática', 'ilegal', 'de', 'retenção', 'de', 'cartão', 'de', 'benefícios', 'sociais', 'e', 'previdenciários', 'de', 'indígenas'], ['PROPN', 'VERB', 'DET', 'NOUN', 'ADJ', 'ADP', 'NOUN', 'ADP', 'NOUN', 'ADP', 'NOUN', 'ADJ', 'CCONJ', 'ADJ', 'ADP', 'ADJ'], ['combate'], ['PF', 'combater', 'o', 'prática', 'ilegal', 'de', 'retenção', 'de', 'cartão', 'de', 'benefício', 'social', 'e', 'previdenciário', 'de', 'indígena']]]
438;[[['Polícia', 'Federal', 'combate', 'prática', 'de', 'jogos', 'de', 'azar', ',', 'lavagem', 'de', 'dinheiro', 'e', 'evasão', 'de', 'divisas'], ['PROPN', 'PROPN', 'VERB', 'NOUN', 'ADP', 'NOUN', 'ADP', 'NOUN', 'PUNCT', 'NOUN', 'ADP', 'NOUN', 'CCONJ', 'NOUN', 'ADP', 'NOUN'], ['combate'], ['Polícia', 'Federal', 'combatir', 'prática', 'de', 'jogo', 'de', 'azar', ',', 'lavagem', 'de', 'dinheiro', 'e', 'evasão', 'de', 'divisa']]]
439;[[['Polícia', 'Federal', 'realiza', 'apoio', 'ao', 'IBAMA', 'em', 'operação', 'contra', 'exploração', 'de', 'madeira', 'em', 'área', 'protegida', 'em', 'Ponta', 'Porã', 'MS'], ['PROPN', 'PROPN', 'VERB', 'NOUN', 'ADP', 'PROPN', 'ADP', 'NOUN', 'ADP', 'NOUN', 'ADP', 'NOUN', 'ADP', 'NOUN', 'VERB', 'ADP', 'PROPN', 'PROPN', 'PROPN'], ['realiza', 'protegida'], ['Polícia', 'Federal', 'realizar', 'apoio', 'a o', 'IBAMA', 'em', 'operação', 'contra', 'exploração', 'de', 'madeira', 'em', 'área', 'proteger', 'em', 'Ponta', 'Porã', 'MS']]]
440;[[['PF', 'desarticula', 'esquema', 'criminoso', 'de', 'venda', 'de', 'moedas', 'falsas', 'no', 'Pará'], ['PROPN', 'VERB', 'NOUN', 'ADJ', 'ADP', 'NOUN', 'ADP', 'NOUN', 'ADJ', 'ADP', 'PROPN'], ['desarticula'], ['PF', 'desarticular', 'esquema', 'criminoso', 'de', 'venda', 'de', 'moeda', 'falso', 'em o', 'Pará']]]
441;[[['Polícia', 'Federal', 'investiga', 'suspeito', 'de', 'compartilhar', 'pela', 'internet'], ['PROPN', 'PROPN', 'VERB', 'NOUN', 'SCONJ', 'VERB', 'ADP', 'PROPN'], ['investiga', 'compartilhar'], ['Polícia', 'Federal', 'investigar', 'suspeito', 'de', 'compartilhar', 'por o', 'Internet']], [['imagens', 'contendo', 'abuso', 'de', 'criança'], ['NOUN', 'VERB', 'NOUN', 'ADP', 'NOUN'], ['contendo'], ['imagem', 'conter', 'abuso', 'de', 'criança']]]
442;[[['Polícia', 'Federal', 'deflagra', 'Operação', 'Shalom', 'para', 'investigar', 'crimes', 'de', 'racismo', 'veiculados', 'na', 'internet'], ['PROPN', 'PROPN', 'VERB', 'PROPN', 'PROPN', 'SCONJ', 'VERB', 'NOUN', 'ADP', 'NOUN', 'VERB', 'ADP', 'PROPN'], ['deflagra', 'investigar', 'veiculados'], ['Polícia', 'Federal', 'deflagrar', 'Operação', 'Shalom', 'para', 'investigar', 'crime', 'de', 'racismo', 'veicular', 'em o', 'Internet']]]
443;[[['Polícia', 'Federal', 'deflagra', 'a', 'Operação', 'Nocivum', 'contra', 'fraudes', 'a', 'benefícios', 'previdenciários', 'na', 'Bahia'], ['PROPN', 'PROPN', 'VERB', 'DET', 'PROPN', 'PROPN', 'ADP', 'NOUN', 'ADP', 'NOUN', 'ADJ', 'ADP', 'PROPN'], ['deflagra'], ['Polícia', 'Federal', 'deflagrar', 'o', 'Operação', 'Nocivum', 'contra', 'fraude', 'a', 'benefício', 'previdenciário', 'em o', 'Bahia']]]
444;[[['PF', ',', 'com', 'apoio', 'da', 'Receita', 'Federal', ',', 'do', 'Ibama', 'e', 'da', 'Marinha', ',', 'realiza', 'fiscalização', 'em', 'porto', 'de', 'Belém', 'PA'], ['PROPN', 'PUNCT', 'ADP', 'NOUN', 'ADP', 'PROPN', 'PROPN', 'PUNCT', 'ADP', 'PROPN', 'CCONJ', 'ADP', 'PROPN', 'PUNCT', 'VERB', 'NOUN', 'ADP', 'NOUN', 'ADP', 'PROPN', 'PROPN'], ['realiza'], ['PF', ',', 'com', 'apoio', 'de o', 'Receita', 'Federal', ',', 'de o', 'Ibama', 'e', 'de o', 'Marinha', ',', 'realizar', 'fiscalização', 'em', 'porto', 'de', 'Belém', 'PA']]]
445;[[['Polícia', 'Federal', 'prende', 'foragido', 'da', 'Operação', 'Enterprise'], ['PROPN', 'PROPN', 'VERB', 'NOUN', 'ADP', 'PROPN', 'PROPN'], ['prende'], ['Polícia', 'Federal', 'prender', 'foragido', 'de o', 'Operação', 'Enterprise']]]
446;[[['PF', 'deflagra', 'Operação', 'Expurgo'], ['PROPN', 'VERB', 'PROPN', 'PROPN'], ['deflagra'], ['PF', 'deflagrar', 'Operação', 'Expurgo']], [['2'], ['NUM'], [], ['2']]]
447;[[['Polícia', 'Federal', 'deflagra', 'operação', 'Kindergarten', 'para', 'combater', 'desvios', 'de', 'recursos', 'públicos', 'da', 'educação', 'no', 'oeste', 'baiano'], ['PROPN', 'PROPN', 'VERB', 'NOUN', 'PROPN', 'SCONJ', 'VERB', 'NOUN', 'ADP', 'NOUN', 'ADJ', 'ADP', 'NOUN', 'ADP', 'NOUN', 'ADJ'], ['deflagra', 'combater'], ['Polícia', 'Federal', 'deflagrar', 'operação', 'Kindergarten', 'para', 'combater', 'desvio', 'de', 'recurso', 'público', 'de o', 'educação', 'em o', 'oeste', 'baiano']]]
448;[[['PF', 'deflagra', 'Operação', 'Onda'], ['PROPN', 'VERB', 'PROPN', 'PROPN'], ['deflagra'], ['PF', 'deflagrar', 'Operação', 'Onda']], [['Certa', 'no', 'Rio', 'de', 'Janeiro'], ['NOUN', 'ADP', 'PROPN', 'ADP', 'PROPN'], [], ['Certa', 'em o', 'Rio', 'de', 'Janeiro']]]
449;[[['PF', 'deflagra', 'a', 'Operação', 'Integração', 'II', 'investiga', 'membros', 'de', 'organização', 'criminosa', 'que', 'atuam', 'no', 'tráfico', 'de', 'entorpecentes'], ['PROPN', 'VERB', 'DET', 'PROPN', 'PROPN', 'PROPN', 'VERB', 'NOUN', 'ADP', 'NOUN', 'ADJ', 'PRON', 'VERB', 'ADP', 'NOUN', 'ADP', 'NOUN'], ['deflagra', 'investiga', 'atuam'], ['PF', 'deflagrar', 'o', 'Operação', 'Integração', 'II', 'investigar', 'membro', 'de', 'organização', 'criminoso', 'que', 'atuar', 'em o', 'tráfico', 'de', 'entorpecente']]]
450;[[['PF', 'deflagra', 'Operação'], ['PROPN', 'VERB', 'NOUN'], ['deflagra'], ['PF', 'deflagrar', 'Operação']], [['Pente'], ['NOUN'], [], ['pente']], [['Fino'], ['PROPN'], [], ['Fino']], [['no', 'Rio', 'de', 'Janeiro'], ['ADP', 'PROPN', 'ADP', 'PROPN'], [], ['em o', 'Rio', 'de', 'Janeiro']]]
451;[[['Laboratório', 'clandestino', 'de', 'drogas', 'sintéticas', 'é', 'descoberto', 'e', 'desativado', 'pela', 'polícia'], ['NOUN', 'PROPN', 'ADP', 'NOUN', 'ADJ', 'AUX', 'VERB', 'CCONJ', 'VERB', 'ADP', 'NOUN'], ['é descoberto', 'desativado'], ['laboratório', 'clandestino', 'de', 'droga', 'sintético', 'ser', 'descobrir', 'e', 'desativar', 'por o', 'polícia']]]
452;[[['Polícia', 'Federal', ',', 'em', 'ação', 'conjunta', 'com', 'o', 'Exército', ',', 'desocupam', 'garimpo', 'em', 'Mato', 'Grosso'], ['PROPN', 'PROPN', 'PUNCT', 'ADP', 'NOUN', 'ADJ', 'ADP', 'DET', 'PROPN', 'PUNCT', 'VERB', 'NOUN', 'ADP', 'PROPN', 'PROPN'], ['desocupam'], ['Polícia', 'Federal', ',', 'em', 'ação', 'conjunto', 'com', 'o', 'exército', ',', 'desocupar', 'garimpo', 'em', 'Mato', 'Grosso']]]
453;[[['Polícia', 'Federal', 'apreende', 'mais', 'de', '36', 'quilos', 'de', 'droga', 'no', 'Aeroporto', 'de', 'Rio', 'Branco'], ['PROPN', 'PROPN', 'VERB', 'ADV', 'ADP', 'NUM', 'NOUN', 'ADP', 'NOUN', 'ADP', 'PROPN', 'ADP', 'PROPN', 'PROPN'], ['apreende'], ['Polícia', 'Federal', 'apreender', 'mais', 'de', '36', 'quilo', 'de', 'droga', 'em o', 'Aeroporto', 'de', 'Rio', 'Branco']]]
454;[[['PF', 'incinera', 'aproximadamente', '4', 'toneladas', 'de', 'drogas'], ['PROPN', 'VERB', 'ADV', 'NUM', 'NOUN', 'ADP', 'NOUN'], ['incinera'], ['PF', 'incinerar', 'aproximadamente', '4', 'tonelada', 'de', 'droga']]]
455;[[['PF', 'apreende', 'caminhão', 'e', 'embarcação', 'carregados', 'com', 'cigarros', 'contrabandeados'], ['PROPN', 'VERB', 'NOUN', 'CCONJ', 'NOUN', 'VERB', 'ADP', 'NOUN', 'VERB'], ['apreende', 'carregados', 'contrabandeados'], ['PF', 'apreender', 'caminhão', 'e', 'embarcação', 'carregar', 'com', 'cigarro', 'contrabandear']]]
456;[[['Polícia', 'Federal', 'cumpre', 'mandados', 'em', 'investigação', 'sobre', 'comercialização', 'ilegal', 'de', 'anabolizantes'], ['PROPN', 'PROPN', 'VERB', 'NOUN', 'ADP', 'NOUN', 'ADP', 'NOUN', 'ADJ', 'ADP', 'NOUN'], ['cumpre'], ['Polícia', 'Federal', 'cumprir', 'mandado', 'em', 'investigação', 'sobre', 'comercialização', 'ilegal', 'de', 'anabolizante']]]
457;[[['PF', 'deflagra', 'Operação', 'Sagres', 'no', 'Rio', 'de', 'Janeiro'], ['PROPN', 'VERB', 'PROPN', 'PROPN', 'ADP', 'PROPN', 'ADP', 'PROPN'], ['deflagra'], ['PF', 'deflagrar', 'Operação', 'Sagres', 'em o', 'Rio', 'de', 'Janeiro']]]
458;[[['Polícia', 'Federal', 'fecha', 'laboratório', 'de', 'falsificação', 'de', 'cédulas', 'no', 'Ceará'], ['PROPN', 'PROPN', 'VERB', 'NOUN', 'ADP', 'NOUN', 'ADP', 'NOUN', 'ADP', 'PROPN'], ['fecha'], ['Polícia', 'Federal', 'fechar', 'laboratório', 'de', 'falsificação', 'de', 'cédula', 'em o', 'Ceará']]]
459;[[['PF', 'deflagra', 'a', 'terceira', 'fase', 'da', 'Operação', 'Pedágio'], ['PROPN', 'VERB', 'DET', 'ADJ', 'NOUN', 'ADP', 'PROPN', 'PROPN'], ['deflagra'], ['PF', 'deflagrar', 'o', 'terceiro', 'fase', 'de o', 'Operação', 'Pedágio']]]
460;[[['Polícia', 'Federal', 'deflagra', 'operação', 'de', 'combate', 'a', 'fraudes', 'no', 'Auxílio', 'Emergencial', 'na', 'Bahia'], ['PROPN', 'PROPN', 'VERB', 'NOUN', 'ADP', 'NOUN', 'ADP', 'NOUN', 'ADP', 'PROPN', 'PROPN', 'ADP', 'PROPN'], ['deflagra'], ['Polícia', 'Federal', 'deflagrar', 'operação', 'de', 'combate', 'a', 'fraude', 'em o', 'Auxílio', 'Emergencial', 'em o', 'Bahia']]]
461;[[['Polícia', 'Federal', 'deflagra', 'operação', 'contra', 'furtos', 'praticados', 'por', 'organização', 'criminosa', 'em', 'aeroporto', 'de', 'Minas', 'Gerais'], ['PROPN', 'PROPN', 'VERB', 'NOUN', 'ADP', 'NOUN', 'VERB', 'ADP', 'NOUN', 'ADJ', 'ADP', 'NOUN', 'ADP', 'PROPN', 'PROPN'], ['deflagra', 'praticados'], ['Polícia', 'Federal', 'deflagrar', 'operação', 'contra', 'furto', 'praticar', 'por', 'organização', 'criminoso', 'em', 'aeroporto', 'de', 'Minas', 'Gerais']]]
462;[[['PF', 'e', 'BPFRON', 'apreendem', 'um', 'veículo', 'carregado', 'com', 'insumos', 'para', 'suplemento'], ['PROPN', 'CCONJ', 'PROPN', 'VERB', 'DET', 'NOUN', 'VERB', 'ADP', 'NOUN', 'ADP', 'NOUN'], ['apreendem', 'carregado'], ['PF', 'e', 'BPFRON', 'apreender', 'um', 'veículo', 'carregar', 'com', 'insumo', 'para', 'suplemento']]]
463;[[['Polícia', 'Federal', 'conclui', 'Operação', 'Fusarium', 'I', 'de', 'erradicação', 'de', 'maconha'], ['PROPN', 'PROPN', 'VERB', 'PROPN', 'PROPN', 'PROPN', 'ADP', 'NOUN', 'ADP', 'NOUN'], ['conclui'], ['Polícia', 'Federal', 'concluir', 'Operação', 'Fusarium', 'I', 'de', 'erradicação', 'de', 'Maconha']]]
464;[[['PF', 'prende', 'mulher', 'que', 'transportava', 'pedras', 'preciosas', 'ocultadas', 'em', 'seu', 'corpo'], ['PROPN', 'VERB', 'NOUN', 'PRON', 'VERB', 'NOUN', 'ADJ', 'VERB', 'ADP', 'DET', 'NOUN'], ['prende', 'transportava', 'ocultadas'], ['PF', 'prender', 'mulher', 'que', 'transportar', 'pedra', 'precioso', 'ocultar', 'em', 'seu', 'corpo']]]
465;[[['PF', 'e', 'Receita', 'apreendem', '15', 'kg', 'de', 'cocaína', 'transportadas', 'por', 'estrangeiros', 'no', 'Aeroporto', 'Internacional', 'de', 'São', 'Paulo'], ['PROPN', 'CCONJ', 'NOUN', 'VERB', 'NUM', 'NOUN', 'ADP', 'NOUN', 'VERB', 'ADP', 'NOUN', 'ADP', 'PROPN', 'PROPN', 'ADP', 'PROPN', 'PROPN'], ['apreendem', 'transportadas'], ['PF', 'e', 'Receita', 'apreender', '15', 'kg', 'de', 'cocaína', 'transportar', 'por', 'estrangeiro', 'em o', 'Aeroporto', 'Internacional', 'de', 'São', 'Paulo']]]
466;[[['Polícia', 'Federal', 'deflagra', 'nova', 'etapa', 'da', 'Operação', 'Egypto', ',', 'denominada'], ['PROPN', 'PROPN', 'VERB', 'ADJ', 'NOUN', 'ADP', 'PROPN', 'PROPN', 'PUNCT', 'VERB'], ['deflagra', 'denominada'], ['Polícia', 'Federal', 'deflagrar', 'novo', 'etapa', 'de o', 'Operação', 'Egypto', ',', 'denominar']], [['Fractais'], ['NOUN'], [], ['Fractais']]]
467;[[['Polícia', 'Federal', 'deflagra', 'Operação'], ['PROPN', 'PROPN', 'VERB', 'NOUN'], ['deflagra'], ['Polícia', 'Federal', 'deflagrar', 'Operação']], [['Destilados', 'contra', 'o', 'descaminho', 'de', 'bebidas', 'na', 'fronteira', 'com', 'o', 'Uruguai'], ['NOUN', 'ADP', 'DET', 'NOUN', 'ADP', 'NOUN', 'ADP', 'NOUN', 'ADP', 'DET', 'PROPN'], [], ['destilado', 'contra', 'o', 'descaminho', 'de', 'bebida', 'em o', 'fronteira', 'com', 'o', 'Uruguai']]]
468;[[['PF', 'e', 'Exército', 'Brasileiro', 'apreendem', 'embarcação', 'carregada', 'com', 'cigarros', 'paraguaios'], ['PROPN', 'CCONJ', 'PROPN', 'PROPN', 'VERB', 'NOUN', 'VERB', 'ADP', 'NOUN', 'ADJ'], ['apreendem', 'carregada'], ['PF', 'e', 'Exército', 'Brasileiro', 'apreender', 'embarcação', 'carregar', 'com', 'cigarro', 'paraguaio']]]
469;[[['Polícia', 'Federal', 'cumpre', 'mandado', 'de', 'prisão', 'expedido', 'pelo', 'STF'], ['PROPN', 'PROPN', 'VERB', 'VERB', 'ADP', 'NOUN', 'VERB', 'ADP', 'PROPN'], ['cumpre mandado', 'expedido'], ['Polícia', 'Federal', 'cumprir', 'mandar', 'de', 'prisão', 'expedir', 'por o', 'STF']]]
470;[[['PF', 'aprende', 'milhares', 'de', 'cédulas', 'falsas', 'em', 'São', 'José', 'do', 'Rio', 'Preto', 'SP'], ['PROPN', 'VERB', 'NUM', 'ADP', 'NOUN', 'ADJ', 'ADP', 'PROPN', 'PROPN', 'ADP', 'PROPN', 'PROPN', 'PROPN'], ['aprende'], ['PF', 'aprender', 'milhar', 'de', 'cédula', 'falso', 'em', 'São', 'José', 'de o', 'Rio', 'Preto', 'SP']]]
471;[[['PF', 'detém', 'mulher', 'transportando', '40', 'mil', 'dólares', 'escondidos', 'junto', 'ao', 'corpo'], ['PROPN', 'VERB', 'NOUN', 'VERB', 'NUM', 'NUM', 'NOUN', 'VERB', 'ADV', 'ADP', 'NOUN'], ['detém', 'transportando', 'escondidos'], ['PF', 'deter', 'mulher', 'transportar', '40', 'mil', 'dólar', 'esconder', 'junto', 'a o', 'corpo']]]
472;[[['Polícia', 'Federal', 'deflagra', 'Operação', 'Investor', 'para', 'combater', 'exploração', 'ilegal', 'de', 'diamantes', 'em', 'terras', 'indígenas', 'em', 'Rondônia'], ['PROPN', 'PROPN', 'VERB', 'PROPN', 'PROPN', 'SCONJ', 'VERB', 'NOUN', 'ADJ', 'ADP', 'NOUN', 'ADP', 'NOUN', 'ADJ', 'ADP', 'PROPN'], ['deflagra', 'combater'], ['Polícia', 'Federal', 'deflagrar', 'Operação', 'Investor', 'para', 'combater', 'exploração', 'ilegal', 'de', 'diamante', 'em', 'terra', 'indígena', 'em', 'Rondônia']]]
473;[[['Polícia', 'Federal', 'deflagra', 'Operação'], ['PROPN', 'PROPN', 'VERB', 'NOUN'], ['deflagra'], ['Polícia', 'Federal', 'deflagrar', 'Operação']], [['Esquema', 'Novo'], ['PROPN', 'PROPN'], [], ['esquema', 'Novo']], [['para', 'combater', 'desvios', 'de', 'recursos', 'públicos', 'da', 'Prefeitura', 'Municipal', 'de', 'Rio', 'Branco'], ['SCONJ', 'VERB', 'NOUN', 'ADP', 'NOUN', 'ADJ', 'ADP', 'PROPN', 'PROPN', 'ADP', 'PROPN', 'PROPN'], ['combater'], ['para', 'combater', 'desvio', 'de', 'recurso', 'público', 'de o', 'Prefeitura', 'Municipal', 'de', 'Rio', 'Branco']], [['MT'], ['PROPN'], [], ['MT']]]
474;[[['PF', 'combate', 'desmatamento', 'ilegal', 'em', 'reserva', 'florestal', 'no', 'Acre', '.'], ['PROPN', 'VERB', 'NOUN', 'ADJ', 'ADP', 'NOUN', 'ADJ', 'ADP', 'PROPN', 'PUNCT'], ['combate'], ['PF', 'combatir', 'desmatamento', 'ilegal', 'em', 'reserva', 'florestal', 'em o', 'Acre', '.']]]
475;[[['PF', 'combate', 'crime', 'de', 'moeda', 'falsa', 'em', 'Vilhena', 'RO'], ['PROPN', 'VERB', 'NOUN', 'ADP', 'NOUN', 'ADJ', 'ADP', 'PROPN', 'PROPN'], ['combate'], ['PF', 'combatir', 'crime', 'de', 'moeda', 'falso', 'em', 'Vilhena', 'RO']]]
476;[[['PF', 'deflagra', 'operação', 'para', 'combater', 'o', 'tráfico', 'de', 'drogas', 'sintéticas', 'em', 'Mato', 'Grosso'], ['PROPN', 'VERB', 'NOUN', 'SCONJ', 'VERB', 'DET', 'NOUN', 'ADP', 'NOUN', 'ADJ', 'ADP', 'PROPN', 'PROPN'], ['deflagra', 'combater'], ['PF', 'deflagrar', 'operação', 'para', 'combater', 'o', 'tráfico', 'de', 'droga', 'sintético', 'em', 'Mato', 'Grosso']]]
477;[[['Polícia', 'Federal', 'e', 'Instituto', 'Médico', 'Legal', 'em', 'Alagoas', 'realizam', 'trabalho', 'conjunto', 'de', 'identificação', 'de', 'cadáveres', 'enterrados', 'sem', 'reconhecimento'], ['PROPN', 'PROPN', 'CCONJ', 'PROPN', 'PROPN', 'PROPN', 'ADP', 'PROPN', 'VERB', 'NOUN', 'ADJ', 'ADP', 'NOUN', 'ADP', 'NOUN', 'VERB', 'ADP', 'NOUN'], ['realizam', 'enterrados'], ['Polícia', 'Federal', 'e', 'Instituto', 'Médico', 'Legal', 'em', 'Alagoas', 'realizar', 'trabalho', 'conjunto', 'de', 'identificação', 'de', 'cadáver', 'enterrar', 'sem', 'reconhecimento']]]
478;[[['PF', 'deflagra', 'Operação'], ['PROPN', 'VERB', 'NOUN'], ['deflagra'], ['PF', 'deflagrar', 'Operação']], [['Olhos', 'Abertos', 'de', 'combate', 'à', 'disseminação', 'de', 'pornografia', 'infantil', 'pela', 'internet'], ['NOUN', 'PROPN', 'ADP', 'NOUN', 'ADP', 'NOUN', 'ADP', 'NOUN', 'ADJ', 'ADP', 'PROPN'], [], ['Olhos', 'Abertos', 'de', 'combate', 'a o', 'disseminação', 'de', 'pornografia', 'infantil', 'por o', 'Internet']]]
479;[[['PF', 'deflagra', 'operação', 'para', 'combater', 'crimes', 'de', 'moeda', 'falsa', 'em', 'Passo', 'Fundo', 'e', 'Erechim'], ['PROPN', 'VERB', 'NOUN', 'SCONJ', 'VERB', 'NOUN', 'ADP', 'NOUN', 'ADJ', 'ADP', 'PROPN', 'PROPN', 'CCONJ', 'PROPN'], ['deflagra', 'combater'], ['PF', 'deflagrar', 'operação', 'para', 'combater', 'crime', 'de', 'moeda', 'falso', 'em', 'Passo', 'Fundo', 'e', 'Erechim']]]
480;[[['PF', 'e', 'autoridades', 'francesas', 'combatem', 'comércio', 'ilegal', 'de', 'caça', 'na', 'fronteira', 'do', 'Amapá'], ['PROPN', 'CCONJ', 'NOUN', 'ADJ', 'VERB', 'NOUN', 'ADJ', 'ADP', 'NOUN', 'ADP', 'NOUN', 'ADP', 'PROPN'], ['combatem'], ['PF', 'e', 'autoridade', 'francês', 'combater', 'comércio', 'ilegal', 'de', 'caça', 'em o', 'fronteira', 'de o', 'Amapá']]]
481;[[['PF', 'apreende', '250', 'kg', 'de', 'cocaína', 'no', 'Mato', 'Grosso'], ['PROPN', 'VERB', 'NUM', 'NOUN', 'ADP', 'NOUN', 'ADP', 'PROPN', 'PROPN'], ['apreende'], ['PF', 'apreender', '250', 'kg', 'de', 'cocaína', 'em o', 'Mato', 'Grosso']]]
482;[[['PF', 'investiga', 'homem', 'que', 'tem', 'se', 'passado', 'por', 'policial', 'federal', 'fazendo', 'uso', 'indevido', 'de', 'símbolos', 'da', 'corporação'], ['PROPN', 'VERB', 'NOUN', 'PRON', 'AUX', 'AUX', 'ADJ', 'ADP', 'NOUN', 'ADJ', 'VERB', 'NOUN', 'ADJ', 'ADP', 'NOUN', 'ADP', 'NOUN'], ['investiga', 'fazendo'], ['PF', 'investigar', 'homem', 'que', 'ter', 'se', 'passar', 'por', 'policial', 'federal', 'fazer', 'uso', 'indevido', 'de', 'símbolo', 'de o', 'corporação']]]
483;[[['PF', 'apreende', 'droga', 'enviada', 'pelos', 'Correios', 'em', 'Petrolina', 'PE'], ['PROPN', 'VERB', 'NOUN', 'VERB', 'ADP', 'NOUN', 'ADP', 'PROPN', 'PROPN'], ['apreende', 'enviada'], ['PF', 'apreender', 'droga', 'enviar', 'por o', 'correio', 'em', 'Petrolina', 'PE']]]
484;[[['PF', 'investiga', 'autores', 'de', 'roubos', 'a', 'diversas', 'agências', 'dos', 'Correios', 'ocorridos', 'no', 'ano', 'de', '2020'], ['PROPN', 'VERB', 'NOUN', 'ADP', 'NOUN', 'ADP', 'DET', 'NOUN', 'ADP', 'NOUN', 'VERB', 'ADP', 'NOUN', 'ADP', 'NUM'], ['investiga', 'ocorridos'], ['PF', 'investigar', 'autor', 'de', 'roubo', 'a', 'diversos', 'agência', 'de o', 'correio', 'ocorrer', 'em o', 'ano', 'de', '2020']]]
485;[[['Polícia', 'Federal', 'apreende', '2', ',', '6', 'kg', 'de', 'skunk', 'na', 'fronteira', 'com', 'o', 'Uruguai'], ['PROPN', 'PROPN', 'VERB', 'NUM', 'PUNCT', 'NUM', 'NOUN', 'ADP', 'NOUN', 'ADP', 'NOUN', 'ADP', 'DET', 'PROPN'], ['apreende'], ['Polícia', 'Federal', 'apreender', '2', ',', '6', 'kg', 'de', 'skunk', 'em o', 'fronteira', 'com', 'o', 'Uruguai']]]
486;[[['PF', ',', 'em', 'ação', 'conjunta', ',', 'apreende', 'veículo', 'carregado', 'com', 'cigarros', 'e', 'agrotóxicos', 'em', 'Itaipulândia', 'PR'], ['PROPN', 'PUNCT', 'ADP', 'NOUN', 'ADJ', 'PUNCT', 'VERB', 'NOUN', 'VERB', 'ADP', 'NOUN', 'CCONJ', 'NOUN', 'ADP', 'PROPN', 'PROPN'], ['apreende', 'carregado'], ['PF', ',', 'em', 'ação', 'conjunto', ',', 'apreender', 'veículo', 'carregar', 'com', 'cigarro', 'e', 'agrotóxico', 'em', 'Itaipulândia', 'PR']]]
487;[[['Polícia', 'Federal', 'deflagra', 'operação', 'contra', 'tráfico', 'de', 'drogas', 'em', 'Mato', 'Grosso', 'e', 'em', 'São', 'Paulo'], ['PROPN', 'PROPN', 'VERB', 'NOUN', 'ADP', 'NOUN', 'ADP', 'NOUN', 'ADP', 'PROPN', 'PROPN', 'CCONJ', 'ADP', 'PROPN', 'PROPN'], ['deflagra'], ['Polícia', 'Federal', 'deflagrar', 'operação', 'contra', 'tráfico', 'de', 'droga', 'em', 'Mato', 'Grosso', 'e', 'em', 'São', 'Paulo']]]
488;[[['PF', ',', 'em', 'ação', 'conjunta', ',', 'apreende', 'armas', 'e', 'munições', 'em', 'Santa', 'Cruz', 'do', 'Capibaribe', 'PE'], ['PROPN', 'PUNCT', 'ADP', 'NOUN', 'ADJ', 'PUNCT', 'VERB', 'NOUN', 'CCONJ', 'NOUN', 'ADP', 'PROPN', 'PROPN', 'ADP', 'PROPN', 'PROPN'], ['apreende'], ['PF', ',', 'em', 'ação', 'conjunto', ',', 'apreender', 'arma', 'e', 'munição', 'em', 'Santa', 'Cruz', 'de o', 'Capibaribe', 'PE']]]
489;[[['Polícia', 'Federal', 'prende', 'acusado', 'de', 'homicídio', 'e', 'de', 'integrar', 'facção', 'criminosa', 'no', 'RN'], ['PROPN', 'PROPN', 'VERB', 'VERB', 'ADP', 'NOUN', 'CCONJ', 'SCONJ', 'VERB', 'NOUN', 'ADJ', 'ADP', 'PROPN'], ['prende acusado', 'integrar'], ['Polícia', 'Federal', 'prender', 'acusar', 'de', 'homicídio', 'e', 'de', 'integrar', 'facção', 'criminoso', 'em o', 'RN']]]
490;[[['Polícia', 'Federal', 'extradita', 'estrangeiro', 'procurado', 'pela', 'Interpol', 'por', 'crimes', 'investigados', 'no', 'México'], ['PROPN', 'PROPN', 'VERB', 'NOUN', 'VERB', 'ADP', 'PROPN', 'ADP', 'NOUN', 'VERB', 'ADP', 'PROPN'], ['extradita', 'procurado', 'investigados'], ['Polícia', 'Federal', 'extraditar', 'estrangeiro', 'procurar', 'por o', 'Interpol', 'por', 'crime', 'investigar', 'em o', 'México']]]
491;[[['Polícia', 'Federal', 'faz', 'operação', 'no', 'Porto', 'do', 'Açu', ',', 'em', 'Campos', 'dos', 'Goytacazes', 'RJ'], ['PROPN', 'PROPN', 'VERB', 'NOUN', 'ADP', 'PROPN', 'ADP', 'PROPN', 'PUNCT', 'ADP', 'PROPN', 'ADP', 'PROPN', 'PROPN'], ['faz'], ['Polícia', 'Federal', 'fazer', 'operação', 'em o', 'Porto', 'de o', 'Açu', ',', 'em', 'Campos', 'de o', 'Goytacazes', 'RJ']]]
492;[[['Polícia', 'Federal', 'deflagra', 'Operação', 'que', 'visa', 'investigar', 'atos', 'de', 'corrupção', 'em', 'órgãos', 'de', 'proteção', 'ambiental', 'no', 'Amapá'], ['PROPN', 'PROPN', 'VERB', 'NOUN', 'PRON', 'VERB', 'VERB', 'NOUN', 'ADP', 'NOUN', 'ADP', 'NOUN', 'ADP', 'NOUN', 'ADJ', 'ADP', 'PROPN'], ['deflagra', 'visa investigar'], ['Polícia', 'Federal', 'deflagrar', 'Operação', 'que', 'visar', 'investigar', 'ato', 'de', 'corrupção', 'em', 'órgão', 'de', 'proteção', 'ambiental', 'em o', 'Amapá']]]
493;[[['Polícia', 'Federal', 'investiga', 'fraudes', 'na', 'compra', 'de', 'Equipamentos', 'de', 'Proteção', 'Individual', '-', 'EPIs', 'no', 'Acre'], ['PROPN', 'PROPN', 'VERB', 'NOUN', 'ADP', 'NOUN', 'ADP', 'PROPN', 'ADP', 'PROPN', 'PROPN', 'PUNCT', 'NOUN', 'ADP', 'PROPN'], ['investiga'], ['Polícia', 'Federal', 'investigar', 'fraude', 'em o', 'compra', 'de', 'Equipamentos', 'de', 'Proteção', 'Individual', '-', 'EPIs', 'em o', 'Acre']]]
494;[[['PF', 'investiga', 'organização', 'criminosa', 'que', 'praticava', 'crimes', 'com', 'o', 'objetivo', 'de', 'liberar', 'presos', 'condenados', 'pela', 'Justiça'], ['PROPN', 'VERB', 'NOUN', 'ADJ', 'PRON', 'VERB', 'NOUN', 'ADP', 'DET', 'NOUN', 'SCONJ', 'VERB', 'NOUN', 'VERB', 'ADP', 'NOUN'], ['investiga', 'praticava', 'liberar', 'condenados'], ['PF', 'investigar', 'organização', 'criminoso', 'que', 'praticar', 'crime', 'com', 'o', 'objetivo', 'de', 'liberar', 'preso', 'condenar', 'por o', 'justiça']]]
495;[[['Polícia', 'Federal', 'combate', 'disseminação', 'de', 'pornografia', 'infantil', 'na', 'rede', 'mundial', 'de', 'computadores'], ['PROPN', 'PROPN', 'VERB', 'NOUN', 'ADP', 'NOUN', 'ADJ', 'ADP', 'NOUN', 'ADJ', 'ADP', 'NOUN'], ['combate'], ['Polícia', 'Federal', 'combater', 'disseminação', 'de', 'pornografia', 'infantil', 'em o', 'rede', 'mundial', 'de', 'computador']]]
496;[[['Polícia', 'Federal', 'localiza', 'menor', 'raptada', 'em', 'Valparaíso', 'de', 'Goiás'], ['PROPN', 'PROPN', 'VERB', 'ADJ', 'VERB', 'ADP', 'PROPN', 'ADP', 'PROPN'], ['localiza', 'raptada'], ['Polícia', 'Federal', 'localizar', 'pequeno', 'raptar', 'em', 'Valparaíso', 'de', 'Goiás']]]
497;[[['Polícia', 'Federal', ',', 'Receita', 'Federal', 'e', 'IBAMA', 'fiscalizam', 'contêineres', 'no', 'Porto', 'de', 'Paranaguá'], ['PROPN', 'PROPN', 'PUNCT', 'PROPN', 'PROPN', 'CCONJ', 'PROPN', 'VERB', 'NOUN', 'ADP', 'PROPN', 'ADP', 'PROPN'], ['fiscalizam'], ['Polícia', 'Federal', ',', 'Receita', 'Federal', 'e', 'IBAMA', 'fiscalizar', 'contêiner', 'em o', 'Porto', 'de', 'Paranaguá']]]
498;[[['PF', 'fecha', 'rádio', 'clandestina', 'em', 'Cordovil'], ['PROPN', 'VERB', 'NOUN', 'ADJ', 'ADP', 'PROPN'], ['fecha'], ['PF', 'fechar', 'rádio', 'clandestino', 'em', 'Cordovil']]]
499;[[['PF', 'investiga', 'possível', 'prática', 'de', 'crimes', 'ambientais', 'relacionados', 'ao', 'garimpo', 'ilegal', 'em', 'Rondônia'], ['PROPN', 'VERB', 'ADJ', 'NOUN', 'ADP', 'NOUN', 'ADJ', 'VERB', 'ADP', 'NOUN', 'ADJ', 'ADP', 'PROPN'], ['investiga', 'relacionados'], ['PF', 'investigar', 'possível', 'prática', 'de', 'crime', 'ambiental', 'relacionar', 'a o', 'garimpo', 'ilegal', 'em', 'Rondônia']]]
500;[[['PF', ',', 'em', 'ação', 'integrada', ',', 'apreende', 'um', 'veículo', 'carregado', 'com', 'aproximadamente', '5', 'mil', 'maços', 'de', 'cigarros', 'contrabandeados'], ['PROPN', 'PUNCT', 'ADP', 'NOUN', 'VERB', 'PUNCT', 'VERB', 'DET', 'NOUN', 'VERB', 'ADP', 'ADV', 'NUM', 'NUM', 'NOUN', 'ADP', 'NOUN', 'VERB'], ['integrada', 'apreende', 'carregado', 'contrabandeados'], ['PF', ',', 'em', 'ação', 'integrar', ',', 'apreender', 'um', 'veículo', 'carregar', 'com', 'aproximadamente', '5', 'mil', 'maço', 'de', 'cigarro', 'contrabandear']]]
