Token	POS-Tag	OOV	Id	Index	Documento
Brasil	PROPN	0	1	0	Brasil inicia construção do 5 Plano de Ação Nacional de Governo Aberto
inicia	VERB	0	1	1	Brasil inicia construção do 5 Plano de Ação Nacional de Governo Aberto
construção	NOUN	0	1	2	Brasil inicia construção do 5 Plano de Ação Nacional de Governo Aberto
do	ADP	0	1	3	Brasil inicia construção do 5 Plano de Ação Nacional de Governo Aberto
5	PROPN	0	1	4	Brasil inicia construção do 5 Plano de Ação Nacional de Governo Aberto
Plano	PROPN	0	1	5	Brasil inicia construção do 5 Plano de Ação Nacional de Governo Aberto
de	ADP	0	1	6	Brasil inicia construção do 5 Plano de Ação Nacional de Governo Aberto
Ação	PROPN	0	1	7	Brasil inicia construção do 5 Plano de Ação Nacional de Governo Aberto
Nacional	PROPN	0	1	8	Brasil inicia construção do 5 Plano de Ação Nacional de Governo Aberto
de	ADP	0	1	9	Brasil inicia construção do 5 Plano de Ação Nacional de Governo Aberto
Governo	PROPN	0	1	10	Brasil inicia construção do 5 Plano de Ação Nacional de Governo Aberto
Aberto	PROPN	0	1	11	Brasil inicia construção do 5 Plano de Ação Nacional de Governo Aberto
CGU	PROPN	1	2	0	CGU apoia evento para criação de laboratórios de inovação no setor público
apoia	VERB	0	2	1	CGU apoia evento para criação de laboratórios de inovação no setor público
evento	NOUN	0	2	2	CGU apoia evento para criação de laboratórios de inovação no setor público
para	ADP	0	2	3	CGU apoia evento para criação de laboratórios de inovação no setor público
criação	NOUN	0	2	4	CGU apoia evento para criação de laboratórios de inovação no setor público
de	ADP	0	2	5	CGU apoia evento para criação de laboratórios de inovação no setor público
laboratórios	NOUN	0	2	6	CGU apoia evento para criação de laboratórios de inovação no setor público
de	ADP	0	2	7	CGU apoia evento para criação de laboratórios de inovação no setor público
inovação	NOUN	0	2	8	CGU apoia evento para criação de laboratórios de inovação no setor público
no	ADP	0	2	9	CGU apoia evento para criação de laboratórios de inovação no setor público
setor	NOUN	0	2	10	CGU apoia evento para criação de laboratórios de inovação no setor público
público	ADJ	0	2	11	CGU apoia evento para criação de laboratórios de inovação no setor público
Covid	PROPN	1	3	0	Covid - 19 CGU e PF apuram irregularidades na Secretaria de Saúde do Piauí
-	PUNCT	0	3	1	Covid - 19 CGU e PF apuram irregularidades na Secretaria de Saúde do Piauí
19	NUM	0	3	2	Covid - 19 CGU e PF apuram irregularidades na Secretaria de Saúde do Piauí
CGU	PROPN	1	3	3	Covid - 19 CGU e PF apuram irregularidades na Secretaria de Saúde do Piauí
e	CCONJ	0	3	4	Covid - 19 CGU e PF apuram irregularidades na Secretaria de Saúde do Piauí
PF	PROPN	1	3	5	Covid - 19 CGU e PF apuram irregularidades na Secretaria de Saúde do Piauí
apuram	VERB	1	3	6	Covid - 19 CGU e PF apuram irregularidades na Secretaria de Saúde do Piauí
irregularidades	NOUN	1	3	7	Covid - 19 CGU e PF apuram irregularidades na Secretaria de Saúde do Piauí
na	ADP	0	3	8	Covid - 19 CGU e PF apuram irregularidades na Secretaria de Saúde do Piauí
Secretaria	PROPN	0	3	9	Covid - 19 CGU e PF apuram irregularidades na Secretaria de Saúde do Piauí
de	ADP	0	3	10	Covid - 19 CGU e PF apuram irregularidades na Secretaria de Saúde do Piauí
Saúde	PROPN	0	3	11	Covid - 19 CGU e PF apuram irregularidades na Secretaria de Saúde do Piauí
do	ADP	0	3	12	Covid - 19 CGU e PF apuram irregularidades na Secretaria de Saúde do Piauí
Piauí	PROPN	0	3	13	Covid - 19 CGU e PF apuram irregularidades na Secretaria de Saúde do Piauí
Covid	PROPN	1	4	0	Covid - 19 CGU e PF aprofundam investigações de fraudes no Piauí
-	PUNCT	0	4	1	Covid - 19 CGU e PF aprofundam investigações de fraudes no Piauí
19	NUM	0	4	2	Covid - 19 CGU e PF aprofundam investigações de fraudes no Piauí
CGU	PROPN	1	4	3	Covid - 19 CGU e PF aprofundam investigações de fraudes no Piauí
e	CCONJ	0	4	4	Covid - 19 CGU e PF aprofundam investigações de fraudes no Piauí
PF	PROPN	1	4	5	Covid - 19 CGU e PF aprofundam investigações de fraudes no Piauí
aprofundam	VERB	1	4	6	Covid - 19 CGU e PF aprofundam investigações de fraudes no Piauí
investigações	NOUN	0	4	7	Covid - 19 CGU e PF aprofundam investigações de fraudes no Piauí
de	ADP	0	4	8	Covid - 19 CGU e PF aprofundam investigações de fraudes no Piauí
fraudes	NOUN	1	4	9	Covid - 19 CGU e PF aprofundam investigações de fraudes no Piauí
no	ADP	0	4	10	Covid - 19 CGU e PF aprofundam investigações de fraudes no Piauí
Piauí	PROPN	0	4	11	Covid - 19 CGU e PF aprofundam investigações de fraudes no Piauí
CGU	PROPN	1	5	0	CGU convida cidadãos a participarem do seu Conselho de Serviços Públicos
convida	VERB	0	5	1	CGU convida cidadãos a participarem do seu Conselho de Serviços Públicos
cidadãos	NOUN	0	5	2	CGU convida cidadãos a participarem do seu Conselho de Serviços Públicos
a	SCONJ	0	5	3	CGU convida cidadãos a participarem do seu Conselho de Serviços Públicos
participarem	VERB	1	5	4	CGU convida cidadãos a participarem do seu Conselho de Serviços Públicos
do	ADP	0	5	5	CGU convida cidadãos a participarem do seu Conselho de Serviços Públicos
seu	DET	0	5	6	CGU convida cidadãos a participarem do seu Conselho de Serviços Públicos
Conselho	PROPN	0	5	7	CGU convida cidadãos a participarem do seu Conselho de Serviços Públicos
de	ADP	0	5	8	CGU convida cidadãos a participarem do seu Conselho de Serviços Públicos
Serviços	PROPN	0	5	9	CGU convida cidadãos a participarem do seu Conselho de Serviços Públicos
Públicos	PROPN	1	5	10	CGU convida cidadãos a participarem do seu Conselho de Serviços Públicos
Definido	VERB	1	6	0	Definido cronograma de trabalho do GT que revisará códigos de ética do governo federal
cronograma	NOUN	1	6	1	Definido cronograma de trabalho do GT que revisará códigos de ética do governo federal
de	ADP	0	6	2	Definido cronograma de trabalho do GT que revisará códigos de ética do governo federal
trabalho	NOUN	0	6	3	Definido cronograma de trabalho do GT que revisará códigos de ética do governo federal
do	ADP	0	6	4	Definido cronograma de trabalho do GT que revisará códigos de ética do governo federal
GT	PROPN	0	6	5	Definido cronograma de trabalho do GT que revisará códigos de ética do governo federal
que	PRON	0	6	6	Definido cronograma de trabalho do GT que revisará códigos de ética do governo federal
revisará	VERB	1	6	7	Definido cronograma de trabalho do GT que revisará códigos de ética do governo federal
códigos	NOUN	0	6	8	Definido cronograma de trabalho do GT que revisará códigos de ética do governo federal
de	ADP	0	6	9	Definido cronograma de trabalho do GT que revisará códigos de ética do governo federal
ética	NOUN	0	6	10	Definido cronograma de trabalho do GT que revisará códigos de ética do governo federal
do	ADP	0	6	11	Definido cronograma de trabalho do GT que revisará códigos de ética do governo federal
governo	NOUN	0	6	12	Definido cronograma de trabalho do GT que revisará códigos de ética do governo federal
federal	ADJ	0	6	13	Definido cronograma de trabalho do GT que revisará códigos de ética do governo federal
Artigo	NOUN	1	7	0	Artigo da Revista da CGU integra Portal da OMS de literatura sobre Covid - 19
da	ADP	0	7	1	Artigo da Revista da CGU integra Portal da OMS de literatura sobre Covid - 19
Revista	NOUN	0	7	2	Artigo da Revista da CGU integra Portal da OMS de literatura sobre Covid - 19
da	ADP	0	7	3	Artigo da Revista da CGU integra Portal da OMS de literatura sobre Covid - 19
CGU	PROPN	1	7	4	Artigo da Revista da CGU integra Portal da OMS de literatura sobre Covid - 19
integra	VERB	0	7	5	Artigo da Revista da CGU integra Portal da OMS de literatura sobre Covid - 19
Portal	NOUN	1	7	6	Artigo da Revista da CGU integra Portal da OMS de literatura sobre Covid - 19
da	ADP	0	7	7	Artigo da Revista da CGU integra Portal da OMS de literatura sobre Covid - 19
OMS	PROPN	1	7	8	Artigo da Revista da CGU integra Portal da OMS de literatura sobre Covid - 19
de	ADP	0	7	9	Artigo da Revista da CGU integra Portal da OMS de literatura sobre Covid - 19
literatura	NOUN	0	7	10	Artigo da Revista da CGU integra Portal da OMS de literatura sobre Covid - 19
sobre	ADP	0	7	11	Artigo da Revista da CGU integra Portal da OMS de literatura sobre Covid - 19
Covid	PROPN	1	7	12	Artigo da Revista da CGU integra Portal da OMS de literatura sobre Covid - 19
-	PUNCT	0	7	13	Artigo da Revista da CGU integra Portal da OMS de literatura sobre Covid - 19
19	NUM	0	7	14	Artigo da Revista da CGU integra Portal da OMS de literatura sobre Covid - 19
CGU	PROPN	1	8	0	CGU seleciona servidores federais para sua equipe de Tecnologia da Informação
seleciona	VERB	1	8	1	CGU seleciona servidores federais para sua equipe de Tecnologia da Informação
servidores	NOUN	0	8	2	CGU seleciona servidores federais para sua equipe de Tecnologia da Informação
federais	ADJ	0	8	3	CGU seleciona servidores federais para sua equipe de Tecnologia da Informação
para	ADP	0	8	4	CGU seleciona servidores federais para sua equipe de Tecnologia da Informação
sua	DET	0	8	5	CGU seleciona servidores federais para sua equipe de Tecnologia da Informação
equipe	NOUN	0	8	6	CGU seleciona servidores federais para sua equipe de Tecnologia da Informação
de	ADP	0	8	7	CGU seleciona servidores federais para sua equipe de Tecnologia da Informação
Tecnologia	PROPN	0	8	8	CGU seleciona servidores federais para sua equipe de Tecnologia da Informação
da	ADP	0	8	9	CGU seleciona servidores federais para sua equipe de Tecnologia da Informação
Informação	PROPN	0	8	10	CGU seleciona servidores federais para sua equipe de Tecnologia da Informação
CGU	PROPN	1	9	0	CGU no Maranhão realiza oficina sobre os 100 Primeiros Dias da Gestão Municipal
no	ADP	0	9	1	CGU no Maranhão realiza oficina sobre os 100 Primeiros Dias da Gestão Municipal
Maranhão	PROPN	0	9	2	CGU no Maranhão realiza oficina sobre os 100 Primeiros Dias da Gestão Municipal
realiza	VERB	0	9	3	CGU no Maranhão realiza oficina sobre os 100 Primeiros Dias da Gestão Municipal
oficina	NOUN	0	9	4	CGU no Maranhão realiza oficina sobre os 100 Primeiros Dias da Gestão Municipal
sobre	ADP	0	9	5	CGU no Maranhão realiza oficina sobre os 100 Primeiros Dias da Gestão Municipal
os	DET	0	9	6	CGU no Maranhão realiza oficina sobre os 100 Primeiros Dias da Gestão Municipal
100	NUM	0	9	7	CGU no Maranhão realiza oficina sobre os 100 Primeiros Dias da Gestão Municipal
Primeiros	PROPN	1	9	8	CGU no Maranhão realiza oficina sobre os 100 Primeiros Dias da Gestão Municipal
Dias	PROPN	0	9	9	CGU no Maranhão realiza oficina sobre os 100 Primeiros Dias da Gestão Municipal
da	ADP	0	9	10	CGU no Maranhão realiza oficina sobre os 100 Primeiros Dias da Gestão Municipal
Gestão	PROPN	0	9	11	CGU no Maranhão realiza oficina sobre os 100 Primeiros Dias da Gestão Municipal
Municipal	ADJ	0	9	12	CGU no Maranhão realiza oficina sobre os 100 Primeiros Dias da Gestão Municipal
Instabilidade	PROPN	1	10	0	Instabilidade de acesso ao Portal da Transparência do Governo Federal
de	ADP	0	10	1	Instabilidade de acesso ao Portal da Transparência do Governo Federal
acesso	NOUN	0	10	2	Instabilidade de acesso ao Portal da Transparência do Governo Federal
ao	ADP	0	10	3	Instabilidade de acesso ao Portal da Transparência do Governo Federal
Portal	PROPN	1	10	4	Instabilidade de acesso ao Portal da Transparência do Governo Federal
da	ADP	0	10	5	Instabilidade de acesso ao Portal da Transparência do Governo Federal
Transparência	PROPN	1	10	6	Instabilidade de acesso ao Portal da Transparência do Governo Federal
do	ADP	0	10	7	Instabilidade de acesso ao Portal da Transparência do Governo Federal
Governo	PROPN	0	10	8	Instabilidade de acesso ao Portal da Transparência do Governo Federal
Federal	PROPN	0	10	9	Instabilidade de acesso ao Portal da Transparência do Governo Federal
Atualização	NOUN	1	11	0	Atualização das Despesas Públicas no Portal da Transparência
das	ADP	0	11	1	Atualização das Despesas Públicas no Portal da Transparência
Despesas	PROPN	1	11	2	Atualização das Despesas Públicas no Portal da Transparência
Públicas	PROPN	0	11	3	Atualização das Despesas Públicas no Portal da Transparência
no	ADP	0	11	4	Atualização das Despesas Públicas no Portal da Transparência
Portal	PROPN	1	11	5	Atualização das Despesas Públicas no Portal da Transparência
da	ADP	0	11	6	Atualização das Despesas Públicas no Portal da Transparência
Transparência	PROPN	1	11	7	Atualização das Despesas Públicas no Portal da Transparência
CGU	PROPN	1	12	0	CGU publica Relatório de Gestão Fiscal do terceiro quadrimestre de 2020
publica	VERB	0	12	1	CGU publica Relatório de Gestão Fiscal do terceiro quadrimestre de 2020
Relatório	NOUN	1	12	2	CGU publica Relatório de Gestão Fiscal do terceiro quadrimestre de 2020
de	ADP	0	12	3	CGU publica Relatório de Gestão Fiscal do terceiro quadrimestre de 2020
Gestão	PROPN	0	12	4	CGU publica Relatório de Gestão Fiscal do terceiro quadrimestre de 2020
Fiscal	PROPN	1	12	5	CGU publica Relatório de Gestão Fiscal do terceiro quadrimestre de 2020
do	ADP	0	12	6	CGU publica Relatório de Gestão Fiscal do terceiro quadrimestre de 2020
terceiro	ADJ	0	12	7	CGU publica Relatório de Gestão Fiscal do terceiro quadrimestre de 2020
quadrimestre	NOUN	1	12	8	CGU publica Relatório de Gestão Fiscal do terceiro quadrimestre de 2020
de	ADP	0	12	9	CGU publica Relatório de Gestão Fiscal do terceiro quadrimestre de 2020
2020	NUM	1	12	10	CGU publica Relatório de Gestão Fiscal do terceiro quadrimestre de 2020
GT	PROPN	0	13	0	GT - tica inclui entrevistas com especialistas no processo de reformulação das normas federais
-	PUNCT	0	13	1	GT - tica inclui entrevistas com especialistas no processo de reformulação das normas federais
tica	NOUN	1	13	2	GT - tica inclui entrevistas com especialistas no processo de reformulação das normas federais
inclui	VERB	0	13	3	GT - tica inclui entrevistas com especialistas no processo de reformulação das normas federais
entrevistas	NOUN	0	13	4	GT - tica inclui entrevistas com especialistas no processo de reformulação das normas federais
com	ADP	0	13	5	GT - tica inclui entrevistas com especialistas no processo de reformulação das normas federais
especialistas	NOUN	0	13	6	GT - tica inclui entrevistas com especialistas no processo de reformulação das normas federais
no	ADP	0	13	7	GT - tica inclui entrevistas com especialistas no processo de reformulação das normas federais
processo	NOUN	0	13	8	GT - tica inclui entrevistas com especialistas no processo de reformulação das normas federais
de	ADP	0	13	9	GT - tica inclui entrevistas com especialistas no processo de reformulação das normas federais
reformulação	NOUN	0	13	10	GT - tica inclui entrevistas com especialistas no processo de reformulação das normas federais
das	ADP	0	13	11	GT - tica inclui entrevistas com especialistas no processo de reformulação das normas federais
normas	NOUN	0	13	12	GT - tica inclui entrevistas com especialistas no processo de reformulação das normas federais
federais	ADJ	0	13	13	GT - tica inclui entrevistas com especialistas no processo de reformulação das normas federais
Força	PROPN	0	14	0	Força - tarefa combate fraudes no fornecimento de material didático na Paraíba
-	PUNCT	0	14	1	Força - tarefa combate fraudes no fornecimento de material didático na Paraíba
tarefa	NOUN	0	14	2	Força - tarefa combate fraudes no fornecimento de material didático na Paraíba
combate	VERB	0	14	3	Força - tarefa combate fraudes no fornecimento de material didático na Paraíba
fraudes	NOUN	1	14	4	Força - tarefa combate fraudes no fornecimento de material didático na Paraíba
no	ADP	0	14	5	Força - tarefa combate fraudes no fornecimento de material didático na Paraíba
fornecimento	NOUN	0	14	6	Força - tarefa combate fraudes no fornecimento de material didático na Paraíba
de	ADP	0	14	7	Força - tarefa combate fraudes no fornecimento de material didático na Paraíba
material	NOUN	0	14	8	Força - tarefa combate fraudes no fornecimento de material didático na Paraíba
didático	ADJ	1	14	9	Força - tarefa combate fraudes no fornecimento de material didático na Paraíba
na	ADP	0	14	10	Força - tarefa combate fraudes no fornecimento de material didático na Paraíba
Paraíba	PROPN	0	14	11	Força - tarefa combate fraudes no fornecimento de material didático na Paraíba
Covid	PROPN	1	15	0	Covid - 19 CGU e PF combatem desvios de recursos no Rio de Janeiro
-	PUNCT	0	15	1	Covid - 19 CGU e PF combatem desvios de recursos no Rio de Janeiro
19	NUM	0	15	2	Covid - 19 CGU e PF combatem desvios de recursos no Rio de Janeiro
CGU	PROPN	1	15	3	Covid - 19 CGU e PF combatem desvios de recursos no Rio de Janeiro
e	CCONJ	0	15	4	Covid - 19 CGU e PF combatem desvios de recursos no Rio de Janeiro
PF	PROPN	1	15	5	Covid - 19 CGU e PF combatem desvios de recursos no Rio de Janeiro
combatem	VERB	1	15	6	Covid - 19 CGU e PF combatem desvios de recursos no Rio de Janeiro
desvios	NOUN	1	15	7	Covid - 19 CGU e PF combatem desvios de recursos no Rio de Janeiro
de	ADP	0	15	8	Covid - 19 CGU e PF combatem desvios de recursos no Rio de Janeiro
recursos	NOUN	0	15	9	Covid - 19 CGU e PF combatem desvios de recursos no Rio de Janeiro
no	ADP	0	15	10	Covid - 19 CGU e PF combatem desvios de recursos no Rio de Janeiro
Rio	PROPN	0	15	11	Covid - 19 CGU e PF combatem desvios de recursos no Rio de Janeiro
de	ADP	0	15	12	Covid - 19 CGU e PF combatem desvios de recursos no Rio de Janeiro
Janeiro	PROPN	0	15	13	Covid - 19 CGU e PF combatem desvios de recursos no Rio de Janeiro
Investigação	PROPN	1	16	0	Investigação no Fundo de Financiamento do Ensino Superior FIES
no	ADP	0	16	1	Investigação no Fundo de Financiamento do Ensino Superior FIES
Fundo	PROPN	0	16	2	Investigação no Fundo de Financiamento do Ensino Superior FIES
de	ADP	0	16	3	Investigação no Fundo de Financiamento do Ensino Superior FIES
Financiamento	PROPN	1	16	4	Investigação no Fundo de Financiamento do Ensino Superior FIES
do	ADP	0	16	5	Investigação no Fundo de Financiamento do Ensino Superior FIES
Ensino	PROPN	0	16	6	Investigação no Fundo de Financiamento do Ensino Superior FIES
Superior	PROPN	0	16	7	Investigação no Fundo de Financiamento do Ensino Superior FIES
FIES	PROPN	1	16	8	Investigação no Fundo de Financiamento do Ensino Superior FIES
Está	AUX	0	17	0	Está aberta consulta para priorização de temas do 5 Plano de Ação Nacional de Governo Aberto
aberta	ADJ	0	17	1	Está aberta consulta para priorização de temas do 5 Plano de Ação Nacional de Governo Aberto
consulta	NOUN	0	17	2	Está aberta consulta para priorização de temas do 5 Plano de Ação Nacional de Governo Aberto
para	ADP	0	17	3	Está aberta consulta para priorização de temas do 5 Plano de Ação Nacional de Governo Aberto
priorização	NOUN	1	17	4	Está aberta consulta para priorização de temas do 5 Plano de Ação Nacional de Governo Aberto
de	ADP	0	17	5	Está aberta consulta para priorização de temas do 5 Plano de Ação Nacional de Governo Aberto
temas	NOUN	0	17	6	Está aberta consulta para priorização de temas do 5 Plano de Ação Nacional de Governo Aberto
do	ADP	0	17	7	Está aberta consulta para priorização de temas do 5 Plano de Ação Nacional de Governo Aberto
5	PROPN	0	17	8	Está aberta consulta para priorização de temas do 5 Plano de Ação Nacional de Governo Aberto
Plano	PROPN	0	17	9	Está aberta consulta para priorização de temas do 5 Plano de Ação Nacional de Governo Aberto
de	ADP	0	17	10	Está aberta consulta para priorização de temas do 5 Plano de Ação Nacional de Governo Aberto
Ação	PROPN	0	17	11	Está aberta consulta para priorização de temas do 5 Plano de Ação Nacional de Governo Aberto
Nacional	PROPN	0	17	12	Está aberta consulta para priorização de temas do 5 Plano de Ação Nacional de Governo Aberto
de	ADP	0	17	13	Está aberta consulta para priorização de temas do 5 Plano de Ação Nacional de Governo Aberto
Governo	PROPN	0	17	14	Está aberta consulta para priorização de temas do 5 Plano de Ação Nacional de Governo Aberto
Aberto	PROPN	0	17	15	Está aberta consulta para priorização de temas do 5 Plano de Ação Nacional de Governo Aberto
LENI	PROPN	1	18	0	LENI NCIA CGU , AGU e MPF celebram acordo com a Samsung Heavy Industries
NCIA	PROPN	1	18	1	LENI NCIA CGU , AGU e MPF celebram acordo com a Samsung Heavy Industries
CGU	PROPN	1	18	2	LENI NCIA CGU , AGU e MPF celebram acordo com a Samsung Heavy Industries
,	PUNCT	0	18	3	LENI NCIA CGU , AGU e MPF celebram acordo com a Samsung Heavy Industries
AGU	PROPN	1	18	4	LENI NCIA CGU , AGU e MPF celebram acordo com a Samsung Heavy Industries
e	CCONJ	0	18	5	LENI NCIA CGU , AGU e MPF celebram acordo com a Samsung Heavy Industries
MPF	PROPN	1	18	6	LENI NCIA CGU , AGU e MPF celebram acordo com a Samsung Heavy Industries
celebram	VERB	1	18	7	LENI NCIA CGU , AGU e MPF celebram acordo com a Samsung Heavy Industries
acordo	NOUN	0	18	8	LENI NCIA CGU , AGU e MPF celebram acordo com a Samsung Heavy Industries
com	ADP	0	18	9	LENI NCIA CGU , AGU e MPF celebram acordo com a Samsung Heavy Industries
a	DET	0	18	10	LENI NCIA CGU , AGU e MPF celebram acordo com a Samsung Heavy Industries
Samsung	PROPN	1	18	11	LENI NCIA CGU , AGU e MPF celebram acordo com a Samsung Heavy Industries
Heavy	PROPN	0	18	12	LENI NCIA CGU , AGU e MPF celebram acordo com a Samsung Heavy Industries
Industries	PROPN	1	18	13	LENI NCIA CGU , AGU e MPF celebram acordo com a Samsung Heavy Industries
CGU	PROPN	1	19	0	CGU realiza encontro virtual sobre enfrentamento à COVID - 19 e participação social
realiza	VERB	0	19	1	CGU realiza encontro virtual sobre enfrentamento à COVID - 19 e participação social
encontro	NOUN	0	19	2	CGU realiza encontro virtual sobre enfrentamento à COVID - 19 e participação social
virtual	ADJ	0	19	3	CGU realiza encontro virtual sobre enfrentamento à COVID - 19 e participação social
sobre	ADP	0	19	4	CGU realiza encontro virtual sobre enfrentamento à COVID - 19 e participação social
enfrentamento	NOUN	1	19	5	CGU realiza encontro virtual sobre enfrentamento à COVID - 19 e participação social
à	ADP	0	19	6	CGU realiza encontro virtual sobre enfrentamento à COVID - 19 e participação social
COVID	PROPN	1	19	7	CGU realiza encontro virtual sobre enfrentamento à COVID - 19 e participação social
-	PUNCT	0	19	8	CGU realiza encontro virtual sobre enfrentamento à COVID - 19 e participação social
19	NUM	0	19	9	CGU realiza encontro virtual sobre enfrentamento à COVID - 19 e participação social
e	CCONJ	0	19	10	CGU realiza encontro virtual sobre enfrentamento à COVID - 19 e participação social
participação	NOUN	0	19	11	CGU realiza encontro virtual sobre enfrentamento à COVID - 19 e participação social
social	ADJ	0	19	12	CGU realiza encontro virtual sobre enfrentamento à COVID - 19 e participação social
CGU	PROPN	1	20	0	CGU e PF combatem superfaturamento na saúde em Araguaína TO
e	CCONJ	0	20	1	CGU e PF combatem superfaturamento na saúde em Araguaína TO
PF	PROPN	1	20	2	CGU e PF combatem superfaturamento na saúde em Araguaína TO
combatem	VERB	1	20	3	CGU e PF combatem superfaturamento na saúde em Araguaína TO
superfaturamento	NOUN	1	20	4	CGU e PF combatem superfaturamento na saúde em Araguaína TO
na	ADP	0	20	5	CGU e PF combatem superfaturamento na saúde em Araguaína TO
saúde	NOUN	0	20	6	CGU e PF combatem superfaturamento na saúde em Araguaína TO
em	ADP	0	20	7	CGU e PF combatem superfaturamento na saúde em Araguaína TO
Araguaína	PROPN	1	20	8	CGU e PF combatem superfaturamento na saúde em Araguaína TO
TO	PROPN	1	20	9	CGU e PF combatem superfaturamento na saúde em Araguaína TO
Estudo	NOUN	1	21	0	Estudo comparado de códigos de ética nacionais e internacionais balizam revisão de normas federais
comparado	VERB	0	21	1	Estudo comparado de códigos de ética nacionais e internacionais balizam revisão de normas federais
de	ADP	0	21	2	Estudo comparado de códigos de ética nacionais e internacionais balizam revisão de normas federais
códigos	NOUN	0	21	3	Estudo comparado de códigos de ética nacionais e internacionais balizam revisão de normas federais
de	ADP	0	21	4	Estudo comparado de códigos de ética nacionais e internacionais balizam revisão de normas federais
ética	NOUN	0	21	5	Estudo comparado de códigos de ética nacionais e internacionais balizam revisão de normas federais
nacionais	ADJ	0	21	6	Estudo comparado de códigos de ética nacionais e internacionais balizam revisão de normas federais
e	CCONJ	0	21	7	Estudo comparado de códigos de ética nacionais e internacionais balizam revisão de normas federais
internacionais	ADJ	0	21	8	Estudo comparado de códigos de ética nacionais e internacionais balizam revisão de normas federais
balizam	VERB	1	21	9	Estudo comparado de códigos de ética nacionais e internacionais balizam revisão de normas federais
revisão	NOUN	0	21	10	Estudo comparado de códigos de ética nacionais e internacionais balizam revisão de normas federais
de	ADP	0	21	11	Estudo comparado de códigos de ética nacionais e internacionais balizam revisão de normas federais
normas	NOUN	0	21	12	Estudo comparado de códigos de ética nacionais e internacionais balizam revisão de normas federais
federais	ADJ	0	21	13	Estudo comparado de códigos de ética nacionais e internacionais balizam revisão de normas federais
Combate	NOUN	1	22	0	Combate à corrupção exige especialização e trabalho conjunto , defende ministro da CGU
à	ADP	0	22	1	Combate à corrupção exige especialização e trabalho conjunto , defende ministro da CGU
corrupção	NOUN	0	22	2	Combate à corrupção exige especialização e trabalho conjunto , defende ministro da CGU
exige	VERB	0	22	3	Combate à corrupção exige especialização e trabalho conjunto , defende ministro da CGU
especialização	NOUN	0	22	4	Combate à corrupção exige especialização e trabalho conjunto , defende ministro da CGU
e	CCONJ	0	22	5	Combate à corrupção exige especialização e trabalho conjunto , defende ministro da CGU
trabalho	NOUN	0	22	6	Combate à corrupção exige especialização e trabalho conjunto , defende ministro da CGU
conjunto	ADJ	0	22	7	Combate à corrupção exige especialização e trabalho conjunto , defende ministro da CGU
,	PUNCT	0	22	8	Combate à corrupção exige especialização e trabalho conjunto , defende ministro da CGU
defende	VERB	0	22	9	Combate à corrupção exige especialização e trabalho conjunto , defende ministro da CGU
ministro	NOUN	0	22	10	Combate à corrupção exige especialização e trabalho conjunto , defende ministro da CGU
da	ADP	0	22	11	Combate à corrupção exige especialização e trabalho conjunto , defende ministro da CGU
CGU	PROPN	1	22	12	Combate à corrupção exige especialização e trabalho conjunto , defende ministro da CGU
LAI	PROPN	1	23	0	LAI Tratamento de dados pessoais é tema de nova capacitação da CGU
Tratamento	NOUN	1	23	1	LAI Tratamento de dados pessoais é tema de nova capacitação da CGU
de	ADP	0	23	2	LAI Tratamento de dados pessoais é tema de nova capacitação da CGU
dados	NOUN	0	23	3	LAI Tratamento de dados pessoais é tema de nova capacitação da CGU
pessoais	ADJ	0	23	4	LAI Tratamento de dados pessoais é tema de nova capacitação da CGU
é	AUX	0	23	5	LAI Tratamento de dados pessoais é tema de nova capacitação da CGU
tema	NOUN	0	23	6	LAI Tratamento de dados pessoais é tema de nova capacitação da CGU
de	ADP	0	23	7	LAI Tratamento de dados pessoais é tema de nova capacitação da CGU
nova	ADJ	0	23	8	LAI Tratamento de dados pessoais é tema de nova capacitação da CGU
capacitação	NOUN	1	23	9	LAI Tratamento de dados pessoais é tema de nova capacitação da CGU
da	ADP	0	23	10	LAI Tratamento de dados pessoais é tema de nova capacitação da CGU
CGU	PROPN	1	23	11	LAI Tratamento de dados pessoais é tema de nova capacitação da CGU
Covid	PROPN	1	24	0	Covid - 19 CGU e PF combatem desvios da saúde em Pinheiro MA
-	PUNCT	0	24	1	Covid - 19 CGU e PF combatem desvios da saúde em Pinheiro MA
19	NUM	0	24	2	Covid - 19 CGU e PF combatem desvios da saúde em Pinheiro MA
CGU	PROPN	1	24	3	Covid - 19 CGU e PF combatem desvios da saúde em Pinheiro MA
e	CCONJ	0	24	4	Covid - 19 CGU e PF combatem desvios da saúde em Pinheiro MA
PF	PROPN	1	24	5	Covid - 19 CGU e PF combatem desvios da saúde em Pinheiro MA
combatem	VERB	1	24	6	Covid - 19 CGU e PF combatem desvios da saúde em Pinheiro MA
desvios	NOUN	1	24	7	Covid - 19 CGU e PF combatem desvios da saúde em Pinheiro MA
da	ADP	0	24	8	Covid - 19 CGU e PF combatem desvios da saúde em Pinheiro MA
saúde	NOUN	0	24	9	Covid - 19 CGU e PF combatem desvios da saúde em Pinheiro MA
em	ADP	0	24	10	Covid - 19 CGU e PF combatem desvios da saúde em Pinheiro MA
Pinheiro	PROPN	0	24	11	Covid - 19 CGU e PF combatem desvios da saúde em Pinheiro MA
MA	PROPN	0	24	12	Covid - 19 CGU e PF combatem desvios da saúde em Pinheiro MA
CGU	PROPN	1	25	0	CGU realiza 16 Reunião da Comissão de Coordenação de Controle Interno
realiza	VERB	0	25	1	CGU realiza 16 Reunião da Comissão de Coordenação de Controle Interno
16	NUM	0	25	2	CGU realiza 16 Reunião da Comissão de Coordenação de Controle Interno
Reunião	NOUN	1	25	3	CGU realiza 16 Reunião da Comissão de Coordenação de Controle Interno
da	ADP	0	25	4	CGU realiza 16 Reunião da Comissão de Coordenação de Controle Interno
Comissão	PROPN	0	25	5	CGU realiza 16 Reunião da Comissão de Coordenação de Controle Interno
de	ADP	0	25	6	CGU realiza 16 Reunião da Comissão de Coordenação de Controle Interno
Coordenação	PROPN	1	25	7	CGU realiza 16 Reunião da Comissão de Coordenação de Controle Interno
de	ADP	0	25	8	CGU realiza 16 Reunião da Comissão de Coordenação de Controle Interno
Controle	PROPN	0	25	9	CGU realiza 16 Reunião da Comissão de Coordenação de Controle Interno
Interno	PROPN	1	25	10	CGU realiza 16 Reunião da Comissão de Coordenação de Controle Interno
Ministro	NOUN	0	26	0	Ministro da CGU participa de lançamento do Plano de Integridade da Dataprev
da	ADP	0	26	1	Ministro da CGU participa de lançamento do Plano de Integridade da Dataprev
CGU	PROPN	1	26	2	Ministro da CGU participa de lançamento do Plano de Integridade da Dataprev
participa	VERB	0	26	3	Ministro da CGU participa de lançamento do Plano de Integridade da Dataprev
de	ADP	0	26	4	Ministro da CGU participa de lançamento do Plano de Integridade da Dataprev
lançamento	NOUN	0	26	5	Ministro da CGU participa de lançamento do Plano de Integridade da Dataprev
do	ADP	0	26	6	Ministro da CGU participa de lançamento do Plano de Integridade da Dataprev
Plano	PROPN	0	26	7	Ministro da CGU participa de lançamento do Plano de Integridade da Dataprev
de	ADP	0	26	8	Ministro da CGU participa de lançamento do Plano de Integridade da Dataprev
Integridade	PROPN	1	26	9	Ministro da CGU participa de lançamento do Plano de Integridade da Dataprev
da	ADP	0	26	10	Ministro da CGU participa de lançamento do Plano de Integridade da Dataprev
Dataprev	PROPN	1	26	11	Ministro da CGU participa de lançamento do Plano de Integridade da Dataprev
Chamada	NOUN	1	27	0	Chamada pública seleciona pesquisadores para projeto realizado pela CGU e Ipea
pública	ADJ	0	27	1	Chamada pública seleciona pesquisadores para projeto realizado pela CGU e Ipea
seleciona	VERB	1	27	2	Chamada pública seleciona pesquisadores para projeto realizado pela CGU e Ipea
pesquisadores	NOUN	0	27	3	Chamada pública seleciona pesquisadores para projeto realizado pela CGU e Ipea
para	ADP	0	27	4	Chamada pública seleciona pesquisadores para projeto realizado pela CGU e Ipea
projeto	NOUN	0	27	5	Chamada pública seleciona pesquisadores para projeto realizado pela CGU e Ipea
realizado	VERB	0	27	6	Chamada pública seleciona pesquisadores para projeto realizado pela CGU e Ipea
pela	ADP	0	27	7	Chamada pública seleciona pesquisadores para projeto realizado pela CGU e Ipea
CGU	PROPN	1	27	8	Chamada pública seleciona pesquisadores para projeto realizado pela CGU e Ipea
e	CCONJ	0	27	9	Chamada pública seleciona pesquisadores para projeto realizado pela CGU e Ipea
Ipea	PROPN	1	27	10	Chamada pública seleciona pesquisadores para projeto realizado pela CGU e Ipea
Atualização	NOUN	1	28	0	Atualização das Despesas Públicas no Portal da Transparência
das	ADP	0	28	1	Atualização das Despesas Públicas no Portal da Transparência
Despesas	PROPN	1	28	2	Atualização das Despesas Públicas no Portal da Transparência
Públicas	PROPN	0	28	3	Atualização das Despesas Públicas no Portal da Transparência
no	ADP	0	28	4	Atualização das Despesas Públicas no Portal da Transparência
Portal	PROPN	1	28	5	Atualização das Despesas Públicas no Portal da Transparência
da	ADP	0	28	6	Atualização das Despesas Públicas no Portal da Transparência
Transparência	PROPN	1	28	7	Atualização das Despesas Públicas no Portal da Transparência
SFC	PROPN	1	29	0	SFC lança o infográfico Jornada do Auditor Interno Governamental
lança	VERB	0	29	1	SFC lança o infográfico Jornada do Auditor Interno Governamental
o	DET	0	29	2	SFC lança o infográfico Jornada do Auditor Interno Governamental
infográfico	NOUN	1	29	3	SFC lança o infográfico Jornada do Auditor Interno Governamental
Jornada	PROPN	1	29	4	SFC lança o infográfico Jornada do Auditor Interno Governamental
do	ADP	0	29	5	SFC lança o infográfico Jornada do Auditor Interno Governamental
Auditor	PROPN	1	29	6	SFC lança o infográfico Jornada do Auditor Interno Governamental
Interno	PROPN	1	29	7	SFC lança o infográfico Jornada do Auditor Interno Governamental
Governamental	PROPN	1	29	8	SFC lança o infográfico Jornada do Auditor Interno Governamental
CGU	PROPN	1	30	0	CGU divulga resultado de seleção para Diretoria de Tecnologia da Informação
divulga	VERB	1	30	1	CGU divulga resultado de seleção para Diretoria de Tecnologia da Informação
resultado	NOUN	0	30	2	CGU divulga resultado de seleção para Diretoria de Tecnologia da Informação
de	ADP	0	30	3	CGU divulga resultado de seleção para Diretoria de Tecnologia da Informação
seleção	NOUN	0	30	4	CGU divulga resultado de seleção para Diretoria de Tecnologia da Informação
para	ADP	0	30	5	CGU divulga resultado de seleção para Diretoria de Tecnologia da Informação
Diretoria	PROPN	1	30	6	CGU divulga resultado de seleção para Diretoria de Tecnologia da Informação
de	ADP	0	30	7	CGU divulga resultado de seleção para Diretoria de Tecnologia da Informação
Tecnologia	PROPN	0	30	8	CGU divulga resultado de seleção para Diretoria de Tecnologia da Informação
da	ADP	0	30	9	CGU divulga resultado de seleção para Diretoria de Tecnologia da Informação
Informação	PROPN	0	30	10	CGU divulga resultado de seleção para Diretoria de Tecnologia da Informação
OGU	PROPN	1	31	0	OGU promove debates em alusão ao Dia do Ouvidor
promove	VERB	0	31	1	OGU promove debates em alusão ao Dia do Ouvidor
debates	NOUN	0	31	2	OGU promove debates em alusão ao Dia do Ouvidor
em	ADP	0	31	3	OGU promove debates em alusão ao Dia do Ouvidor
alusão	NOUN	0	31	4	OGU promove debates em alusão ao Dia do Ouvidor
ao	ADP	0	31	5	OGU promove debates em alusão ao Dia do Ouvidor
Dia	NOUN	0	31	6	OGU promove debates em alusão ao Dia do Ouvidor
do	ADP	0	31	7	OGU promove debates em alusão ao Dia do Ouvidor
Ouvidor	NOUN	1	31	8	OGU promove debates em alusão ao Dia do Ouvidor
CGU	PROPN	1	32	0	CGU publica norma operacional do Sistema de Ouvidorias do Executivo Federal
publica	VERB	0	32	1	CGU publica norma operacional do Sistema de Ouvidorias do Executivo Federal
norma	NOUN	0	32	2	CGU publica norma operacional do Sistema de Ouvidorias do Executivo Federal
operacional	ADJ	0	32	3	CGU publica norma operacional do Sistema de Ouvidorias do Executivo Federal
do	ADP	0	32	4	CGU publica norma operacional do Sistema de Ouvidorias do Executivo Federal
Sistema	PROPN	0	32	5	CGU publica norma operacional do Sistema de Ouvidorias do Executivo Federal
de	ADP	0	32	6	CGU publica norma operacional do Sistema de Ouvidorias do Executivo Federal
Ouvidorias	PROPN	1	32	7	CGU publica norma operacional do Sistema de Ouvidorias do Executivo Federal
do	ADP	0	32	8	CGU publica norma operacional do Sistema de Ouvidorias do Executivo Federal
Executivo	PROPN	0	32	9	CGU publica norma operacional do Sistema de Ouvidorias do Executivo Federal
Federal	PROPN	0	32	10	CGU publica norma operacional do Sistema de Ouvidorias do Executivo Federal
Governo	PROPN	0	33	0	Governo Federal atinge a marca de 1 milhão de pedidos de acesso à informação
Federal	PROPN	0	33	1	Governo Federal atinge a marca de 1 milhão de pedidos de acesso à informação
atinge	VERB	0	33	2	Governo Federal atinge a marca de 1 milhão de pedidos de acesso à informação
a	DET	0	33	3	Governo Federal atinge a marca de 1 milhão de pedidos de acesso à informação
marca	NOUN	0	33	4	Governo Federal atinge a marca de 1 milhão de pedidos de acesso à informação
de	ADP	0	33	5	Governo Federal atinge a marca de 1 milhão de pedidos de acesso à informação
1	NUM	0	33	6	Governo Federal atinge a marca de 1 milhão de pedidos de acesso à informação
milhão	NUM	0	33	7	Governo Federal atinge a marca de 1 milhão de pedidos de acesso à informação
de	ADP	0	33	8	Governo Federal atinge a marca de 1 milhão de pedidos de acesso à informação
pedidos	NOUN	0	33	9	Governo Federal atinge a marca de 1 milhão de pedidos de acesso à informação
de	ADP	0	33	10	Governo Federal atinge a marca de 1 milhão de pedidos de acesso à informação
acesso	NOUN	0	33	11	Governo Federal atinge a marca de 1 milhão de pedidos de acesso à informação
à	ADP	0	33	12	Governo Federal atinge a marca de 1 milhão de pedidos de acesso à informação
informação	NOUN	0	33	13	Governo Federal atinge a marca de 1 milhão de pedidos de acesso à informação
Revista	NOUN	0	34	0	Revista da CGU abre chamada para dossiê especial sobre regulação na melhoria do Estado
da	ADP	0	34	1	Revista da CGU abre chamada para dossiê especial sobre regulação na melhoria do Estado
CGU	PROPN	1	34	2	Revista da CGU abre chamada para dossiê especial sobre regulação na melhoria do Estado
abre	VERB	0	34	3	Revista da CGU abre chamada para dossiê especial sobre regulação na melhoria do Estado
chamada	VERB	0	34	4	Revista da CGU abre chamada para dossiê especial sobre regulação na melhoria do Estado
para	ADP	0	34	5	Revista da CGU abre chamada para dossiê especial sobre regulação na melhoria do Estado
dossiê	NOUN	1	34	6	Revista da CGU abre chamada para dossiê especial sobre regulação na melhoria do Estado
especial	ADJ	0	34	7	Revista da CGU abre chamada para dossiê especial sobre regulação na melhoria do Estado
sobre	ADP	0	34	8	Revista da CGU abre chamada para dossiê especial sobre regulação na melhoria do Estado
regulação	NOUN	0	34	9	Revista da CGU abre chamada para dossiê especial sobre regulação na melhoria do Estado
na	ADP	0	34	10	Revista da CGU abre chamada para dossiê especial sobre regulação na melhoria do Estado
melhoria	NOUN	0	34	11	Revista da CGU abre chamada para dossiê especial sobre regulação na melhoria do Estado
do	ADP	0	34	12	Revista da CGU abre chamada para dossiê especial sobre regulação na melhoria do Estado
Estado	NOUN	0	34	13	Revista da CGU abre chamada para dossiê especial sobre regulação na melhoria do Estado
CGU	PROPN	1	35	0	CGU divulga resultado da 2 edição da Escala Brasil Transparente - Avaliação 360
divulga	VERB	1	35	1	CGU divulga resultado da 2 edição da Escala Brasil Transparente - Avaliação 360
resultado	NOUN	0	35	2	CGU divulga resultado da 2 edição da Escala Brasil Transparente - Avaliação 360
da	ADP	0	35	3	CGU divulga resultado da 2 edição da Escala Brasil Transparente - Avaliação 360
2	NUM	0	35	4	CGU divulga resultado da 2 edição da Escala Brasil Transparente - Avaliação 360
edição	NOUN	0	35	5	CGU divulga resultado da 2 edição da Escala Brasil Transparente - Avaliação 360
da	ADP	0	35	6	CGU divulga resultado da 2 edição da Escala Brasil Transparente - Avaliação 360
Escala	PROPN	1	35	7	CGU divulga resultado da 2 edição da Escala Brasil Transparente - Avaliação 360
Brasil	PROPN	0	35	8	CGU divulga resultado da 2 edição da Escala Brasil Transparente - Avaliação 360
Transparente	PROPN	1	35	9	CGU divulga resultado da 2 edição da Escala Brasil Transparente - Avaliação 360
-	PUNCT	0	35	10	CGU divulga resultado da 2 edição da Escala Brasil Transparente - Avaliação 360
Avaliação	NOUN	1	35	11	CGU divulga resultado da 2 edição da Escala Brasil Transparente - Avaliação 360
360	NUM	0	35	12	CGU divulga resultado da 2 edição da Escala Brasil Transparente - Avaliação 360
STPC	PROPN	1	36	0	STPC realiza primeiro encontro virtual de 2021 do Diálogos em Controle Social
realiza	VERB	0	36	1	STPC realiza primeiro encontro virtual de 2021 do Diálogos em Controle Social
primeiro	ADJ	0	36	2	STPC realiza primeiro encontro virtual de 2021 do Diálogos em Controle Social
encontro	NOUN	0	36	3	STPC realiza primeiro encontro virtual de 2021 do Diálogos em Controle Social
virtual	ADJ	0	36	4	STPC realiza primeiro encontro virtual de 2021 do Diálogos em Controle Social
de	ADP	0	36	5	STPC realiza primeiro encontro virtual de 2021 do Diálogos em Controle Social
2021	NUM	1	36	6	STPC realiza primeiro encontro virtual de 2021 do Diálogos em Controle Social
do	ADP	0	36	7	STPC realiza primeiro encontro virtual de 2021 do Diálogos em Controle Social
Diálogos	PROPN	1	36	8	STPC realiza primeiro encontro virtual de 2021 do Diálogos em Controle Social
em	ADP	0	36	9	STPC realiza primeiro encontro virtual de 2021 do Diálogos em Controle Social
Controle	PROPN	0	36	10	STPC realiza primeiro encontro virtual de 2021 do Diálogos em Controle Social
Social	PROPN	0	36	11	STPC realiza primeiro encontro virtual de 2021 do Diálogos em Controle Social
CGU	PROPN	1	37	0	CGU conclui três ações do Plano Anticorrupção do Governo Federal
conclui	VERB	0	37	1	CGU conclui três ações do Plano Anticorrupção do Governo Federal
três	NUM	0	37	2	CGU conclui três ações do Plano Anticorrupção do Governo Federal
ações	NOUN	0	37	3	CGU conclui três ações do Plano Anticorrupção do Governo Federal
do	ADP	0	37	4	CGU conclui três ações do Plano Anticorrupção do Governo Federal
Plano	PROPN	0	37	5	CGU conclui três ações do Plano Anticorrupção do Governo Federal
Anticorrupção	PROPN	1	37	6	CGU conclui três ações do Plano Anticorrupção do Governo Federal
do	ADP	0	37	7	CGU conclui três ações do Plano Anticorrupção do Governo Federal
Governo	PROPN	0	37	8	CGU conclui três ações do Plano Anticorrupção do Governo Federal
Federal	PROPN	0	37	9	CGU conclui três ações do Plano Anticorrupção do Governo Federal
CGU	PROPN	1	38	0	CGU abre consulta pública sobre normativo de Tomadas de Contas Especiais
abre	VERB	0	38	1	CGU abre consulta pública sobre normativo de Tomadas de Contas Especiais
consulta	NOUN	0	38	2	CGU abre consulta pública sobre normativo de Tomadas de Contas Especiais
pública	ADJ	0	38	3	CGU abre consulta pública sobre normativo de Tomadas de Contas Especiais
sobre	ADP	0	38	4	CGU abre consulta pública sobre normativo de Tomadas de Contas Especiais
normativo	NOUN	1	38	5	CGU abre consulta pública sobre normativo de Tomadas de Contas Especiais
de	ADP	0	38	6	CGU abre consulta pública sobre normativo de Tomadas de Contas Especiais
Tomadas	PROPN	1	38	7	CGU abre consulta pública sobre normativo de Tomadas de Contas Especiais
de	ADP	0	38	8	CGU abre consulta pública sobre normativo de Tomadas de Contas Especiais
Contas	PROPN	0	38	9	CGU abre consulta pública sobre normativo de Tomadas de Contas Especiais
Especiais	PROPN	0	38	10	CGU abre consulta pública sobre normativo de Tomadas de Contas Especiais
Prosa	NOUN	1	39	0	Prosa de Ouvidoria Lei Geral de Proteção de Dados Pessoais foi tema do 1 dia
de	ADP	0	39	1	Prosa de Ouvidoria Lei Geral de Proteção de Dados Pessoais foi tema do 1 dia
Ouvidoria	PROPN	1	39	2	Prosa de Ouvidoria Lei Geral de Proteção de Dados Pessoais foi tema do 1 dia
Lei	PROPN	0	39	3	Prosa de Ouvidoria Lei Geral de Proteção de Dados Pessoais foi tema do 1 dia
Geral	PROPN	0	39	4	Prosa de Ouvidoria Lei Geral de Proteção de Dados Pessoais foi tema do 1 dia
de	ADP	0	39	5	Prosa de Ouvidoria Lei Geral de Proteção de Dados Pessoais foi tema do 1 dia
Proteção	PROPN	0	39	6	Prosa de Ouvidoria Lei Geral de Proteção de Dados Pessoais foi tema do 1 dia
de	ADP	0	39	7	Prosa de Ouvidoria Lei Geral de Proteção de Dados Pessoais foi tema do 1 dia
Dados	PROPN	0	39	8	Prosa de Ouvidoria Lei Geral de Proteção de Dados Pessoais foi tema do 1 dia
Pessoais	PROPN	1	39	9	Prosa de Ouvidoria Lei Geral de Proteção de Dados Pessoais foi tema do 1 dia
foi	AUX	0	39	10	Prosa de Ouvidoria Lei Geral de Proteção de Dados Pessoais foi tema do 1 dia
tema	NOUN	0	39	11	Prosa de Ouvidoria Lei Geral de Proteção de Dados Pessoais foi tema do 1 dia
do	ADP	0	39	12	Prosa de Ouvidoria Lei Geral de Proteção de Dados Pessoais foi tema do 1 dia
1	NUM	0	39	13	Prosa de Ouvidoria Lei Geral de Proteção de Dados Pessoais foi tema do 1 dia
dia	NOUN	0	39	14	Prosa de Ouvidoria Lei Geral de Proteção de Dados Pessoais foi tema do 1 dia
Rede	PROPN	0	40	0	Rede Nacional de Ouvidorias promove live sobre LGPD
Nacional	PROPN	0	40	1	Rede Nacional de Ouvidorias promove live sobre LGPD
de	ADP	0	40	2	Rede Nacional de Ouvidorias promove live sobre LGPD
Ouvidorias	PROPN	1	40	3	Rede Nacional de Ouvidorias promove live sobre LGPD
promove	VERB	0	40	4	Rede Nacional de Ouvidorias promove live sobre LGPD
live	NOUN	1	40	5	Rede Nacional de Ouvidorias promove live sobre LGPD
sobre	ADP	0	40	6	Rede Nacional de Ouvidorias promove live sobre LGPD
LGPD	PROPN	1	40	7	Rede Nacional de Ouvidorias promove live sobre LGPD
Ações	NOUN	1	41	0	Ações de auditoria da CGU somaram R 17 , 9 bilhões em benefícios financeiros em 2020
de	ADP	0	41	1	Ações de auditoria da CGU somaram R 17 , 9 bilhões em benefícios financeiros em 2020
auditoria	NOUN	1	41	2	Ações de auditoria da CGU somaram R 17 , 9 bilhões em benefícios financeiros em 2020
da	ADP	0	41	3	Ações de auditoria da CGU somaram R 17 , 9 bilhões em benefícios financeiros em 2020
CGU	PROPN	1	41	4	Ações de auditoria da CGU somaram R 17 , 9 bilhões em benefícios financeiros em 2020
somaram	VERB	1	41	5	Ações de auditoria da CGU somaram R 17 , 9 bilhões em benefícios financeiros em 2020
R	PROPN	0	41	6	Ações de auditoria da CGU somaram R 17 , 9 bilhões em benefícios financeiros em 2020
17	NUM	0	41	7	Ações de auditoria da CGU somaram R 17 , 9 bilhões em benefícios financeiros em 2020
,	PUNCT	0	41	8	Ações de auditoria da CGU somaram R 17 , 9 bilhões em benefícios financeiros em 2020
9	NUM	0	41	9	Ações de auditoria da CGU somaram R 17 , 9 bilhões em benefícios financeiros em 2020
bilhões	NUM	0	41	10	Ações de auditoria da CGU somaram R 17 , 9 bilhões em benefícios financeiros em 2020
em	ADP	0	41	11	Ações de auditoria da CGU somaram R 17 , 9 bilhões em benefícios financeiros em 2020
benefícios	NOUN	0	41	12	Ações de auditoria da CGU somaram R 17 , 9 bilhões em benefícios financeiros em 2020
financeiros	ADJ	0	41	13	Ações de auditoria da CGU somaram R 17 , 9 bilhões em benefícios financeiros em 2020
em	ADP	0	41	14	Ações de auditoria da CGU somaram R 17 , 9 bilhões em benefícios financeiros em 2020
2020	NUM	1	41	15	Ações de auditoria da CGU somaram R 17 , 9 bilhões em benefícios financeiros em 2020
Tratamento	NOUN	1	42	0	Tratamento da informação pessoal em face da LAI e da LGPD é tema de live na CGU
da	ADP	0	42	1	Tratamento da informação pessoal em face da LAI e da LGPD é tema de live na CGU
informação	NOUN	0	42	2	Tratamento da informação pessoal em face da LAI e da LGPD é tema de live na CGU
pessoal	ADJ	0	42	3	Tratamento da informação pessoal em face da LAI e da LGPD é tema de live na CGU
em	ADP	0	42	4	Tratamento da informação pessoal em face da LAI e da LGPD é tema de live na CGU
face	NOUN	0	42	5	Tratamento da informação pessoal em face da LAI e da LGPD é tema de live na CGU
da	ADP	0	42	6	Tratamento da informação pessoal em face da LAI e da LGPD é tema de live na CGU
LAI	PROPN	1	42	7	Tratamento da informação pessoal em face da LAI e da LGPD é tema de live na CGU
e	CCONJ	0	42	8	Tratamento da informação pessoal em face da LAI e da LGPD é tema de live na CGU
da	ADP	0	42	9	Tratamento da informação pessoal em face da LAI e da LGPD é tema de live na CGU
LGPD	PROPN	1	42	10	Tratamento da informação pessoal em face da LAI e da LGPD é tema de live na CGU
é	AUX	0	42	11	Tratamento da informação pessoal em face da LAI e da LGPD é tema de live na CGU
tema	NOUN	0	42	12	Tratamento da informação pessoal em face da LAI e da LGPD é tema de live na CGU
de	ADP	0	42	13	Tratamento da informação pessoal em face da LAI e da LGPD é tema de live na CGU
live	NOUN	1	42	14	Tratamento da informação pessoal em face da LAI e da LGPD é tema de live na CGU
na	ADP	0	42	15	Tratamento da informação pessoal em face da LAI e da LGPD é tema de live na CGU
CGU	PROPN	1	42	16	Tratamento da informação pessoal em face da LAI e da LGPD é tema de live na CGU
Prosa	PROPN	1	43	0	Prosa de Ouvidoria Modelos para medir maturidade de gestão foi tema do 2 dia
de	ADP	0	43	1	Prosa de Ouvidoria Modelos para medir maturidade de gestão foi tema do 2 dia
Ouvidoria	PROPN	1	43	2	Prosa de Ouvidoria Modelos para medir maturidade de gestão foi tema do 2 dia
Modelos	NOUN	1	43	3	Prosa de Ouvidoria Modelos para medir maturidade de gestão foi tema do 2 dia
para	SCONJ	0	43	4	Prosa de Ouvidoria Modelos para medir maturidade de gestão foi tema do 2 dia
medir	VERB	0	43	5	Prosa de Ouvidoria Modelos para medir maturidade de gestão foi tema do 2 dia
maturidade	NOUN	0	43	6	Prosa de Ouvidoria Modelos para medir maturidade de gestão foi tema do 2 dia
de	ADP	0	43	7	Prosa de Ouvidoria Modelos para medir maturidade de gestão foi tema do 2 dia
gestão	NOUN	0	43	8	Prosa de Ouvidoria Modelos para medir maturidade de gestão foi tema do 2 dia
foi	AUX	0	43	9	Prosa de Ouvidoria Modelos para medir maturidade de gestão foi tema do 2 dia
tema	NOUN	0	43	10	Prosa de Ouvidoria Modelos para medir maturidade de gestão foi tema do 2 dia
do	ADP	0	43	11	Prosa de Ouvidoria Modelos para medir maturidade de gestão foi tema do 2 dia
2	NUM	0	43	12	Prosa de Ouvidoria Modelos para medir maturidade de gestão foi tema do 2 dia
dia	NOUN	0	43	13	Prosa de Ouvidoria Modelos para medir maturidade de gestão foi tema do 2 dia
Prosa	PROPN	1	44	0	Prosa de Ouvidoria Proteção ao denunciante no Brasil foi tema do 3 dia
de	ADP	0	44	1	Prosa de Ouvidoria Proteção ao denunciante no Brasil foi tema do 3 dia
Ouvidoria	PROPN	1	44	2	Prosa de Ouvidoria Proteção ao denunciante no Brasil foi tema do 3 dia
Proteção	PROPN	0	44	3	Prosa de Ouvidoria Proteção ao denunciante no Brasil foi tema do 3 dia
ao	ADP	0	44	4	Prosa de Ouvidoria Proteção ao denunciante no Brasil foi tema do 3 dia
denunciante	NOUN	1	44	5	Prosa de Ouvidoria Proteção ao denunciante no Brasil foi tema do 3 dia
no	ADP	0	44	6	Prosa de Ouvidoria Proteção ao denunciante no Brasil foi tema do 3 dia
Brasil	PROPN	0	44	7	Prosa de Ouvidoria Proteção ao denunciante no Brasil foi tema do 3 dia
foi	AUX	0	44	8	Prosa de Ouvidoria Proteção ao denunciante no Brasil foi tema do 3 dia
tema	NOUN	0	44	9	Prosa de Ouvidoria Proteção ao denunciante no Brasil foi tema do 3 dia
do	ADP	0	44	10	Prosa de Ouvidoria Proteção ao denunciante no Brasil foi tema do 3 dia
3	NUM	0	44	11	Prosa de Ouvidoria Proteção ao denunciante no Brasil foi tema do 3 dia
dia	NOUN	0	44	12	Prosa de Ouvidoria Proteção ao denunciante no Brasil foi tema do 3 dia
GT	PROPN	0	45	0	GT - tica se reúne para tratar de precedentes da Comissão de tica Pública
-	PUNCT	0	45	1	GT - tica se reúne para tratar de precedentes da Comissão de tica Pública
tica	NOUN	1	45	2	GT - tica se reúne para tratar de precedentes da Comissão de tica Pública
se	PRON	0	45	3	GT - tica se reúne para tratar de precedentes da Comissão de tica Pública
reúne	VERB	0	45	4	GT - tica se reúne para tratar de precedentes da Comissão de tica Pública
para	SCONJ	0	45	5	GT - tica se reúne para tratar de precedentes da Comissão de tica Pública
tratar	VERB	0	45	6	GT - tica se reúne para tratar de precedentes da Comissão de tica Pública
de	ADP	0	45	7	GT - tica se reúne para tratar de precedentes da Comissão de tica Pública
precedentes	NOUN	0	45	8	GT - tica se reúne para tratar de precedentes da Comissão de tica Pública
da	ADP	0	45	9	GT - tica se reúne para tratar de precedentes da Comissão de tica Pública
Comissão	PROPN	0	45	10	GT - tica se reúne para tratar de precedentes da Comissão de tica Pública
de	ADP	0	45	11	GT - tica se reúne para tratar de precedentes da Comissão de tica Pública
tica	PROPN	1	45	12	GT - tica se reúne para tratar de precedentes da Comissão de tica Pública
Pública	PROPN	0	45	13	GT - tica se reúne para tratar de precedentes da Comissão de tica Pública
Governo	PROPN	0	46	0	Governo Federal celebra o Dia Mundial da gua e promove o Seminário das guas Brasileiras
Federal	PROPN	0	46	1	Governo Federal celebra o Dia Mundial da gua e promove o Seminário das guas Brasileiras
celebra	VERB	0	46	2	Governo Federal celebra o Dia Mundial da gua e promove o Seminário das guas Brasileiras
o	DET	0	46	3	Governo Federal celebra o Dia Mundial da gua e promove o Seminário das guas Brasileiras
Dia	PROPN	0	46	4	Governo Federal celebra o Dia Mundial da gua e promove o Seminário das guas Brasileiras
Mundial	PROPN	0	46	5	Governo Federal celebra o Dia Mundial da gua e promove o Seminário das guas Brasileiras
da	ADP	0	46	6	Governo Federal celebra o Dia Mundial da gua e promove o Seminário das guas Brasileiras
gua	NOUN	1	46	7	Governo Federal celebra o Dia Mundial da gua e promove o Seminário das guas Brasileiras
e	CCONJ	0	46	8	Governo Federal celebra o Dia Mundial da gua e promove o Seminário das guas Brasileiras
promove	VERB	0	46	9	Governo Federal celebra o Dia Mundial da gua e promove o Seminário das guas Brasileiras
o	DET	0	46	10	Governo Federal celebra o Dia Mundial da gua e promove o Seminário das guas Brasileiras
Seminário	PROPN	0	46	11	Governo Federal celebra o Dia Mundial da gua e promove o Seminário das guas Brasileiras
das	ADP	0	46	12	Governo Federal celebra o Dia Mundial da gua e promove o Seminário das guas Brasileiras
guas	NOUN	1	46	13	Governo Federal celebra o Dia Mundial da gua e promove o Seminário das guas Brasileiras
Brasileiras	PROPN	1	46	14	Governo Federal celebra o Dia Mundial da gua e promove o Seminário das guas Brasileiras
Prosa	NOUN	1	47	0	Prosa de Ouvidoria Conselho de Usuários de Serviços Públicos foi tema do 4 dia
de	ADP	0	47	1	Prosa de Ouvidoria Conselho de Usuários de Serviços Públicos foi tema do 4 dia
Ouvidoria	PROPN	1	47	2	Prosa de Ouvidoria Conselho de Usuários de Serviços Públicos foi tema do 4 dia
Conselho	PROPN	0	47	3	Prosa de Ouvidoria Conselho de Usuários de Serviços Públicos foi tema do 4 dia
de	ADP	0	47	4	Prosa de Ouvidoria Conselho de Usuários de Serviços Públicos foi tema do 4 dia
Usuários	PROPN	1	47	5	Prosa de Ouvidoria Conselho de Usuários de Serviços Públicos foi tema do 4 dia
de	ADP	0	47	6	Prosa de Ouvidoria Conselho de Usuários de Serviços Públicos foi tema do 4 dia
Serviços	PROPN	0	47	7	Prosa de Ouvidoria Conselho de Usuários de Serviços Públicos foi tema do 4 dia
Públicos	PROPN	1	47	8	Prosa de Ouvidoria Conselho de Usuários de Serviços Públicos foi tema do 4 dia
foi	AUX	0	47	9	Prosa de Ouvidoria Conselho de Usuários de Serviços Públicos foi tema do 4 dia
tema	NOUN	0	47	10	Prosa de Ouvidoria Conselho de Usuários de Serviços Públicos foi tema do 4 dia
do	ADP	0	47	11	Prosa de Ouvidoria Conselho de Usuários de Serviços Públicos foi tema do 4 dia
4	NUM	0	47	12	Prosa de Ouvidoria Conselho de Usuários de Serviços Públicos foi tema do 4 dia
dia	NOUN	0	47	13	Prosa de Ouvidoria Conselho de Usuários de Serviços Públicos foi tema do 4 dia
Ministro	NOUN	0	48	0	Ministro da CGU apresenta a importância da ética e do controle interno para a boa gestão pública
da	ADP	0	48	1	Ministro da CGU apresenta a importância da ética e do controle interno para a boa gestão pública
CGU	PROPN	1	48	2	Ministro da CGU apresenta a importância da ética e do controle interno para a boa gestão pública
apresenta	VERB	0	48	3	Ministro da CGU apresenta a importância da ética e do controle interno para a boa gestão pública
a	DET	0	48	4	Ministro da CGU apresenta a importância da ética e do controle interno para a boa gestão pública
importância	NOUN	0	48	5	Ministro da CGU apresenta a importância da ética e do controle interno para a boa gestão pública
da	ADP	0	48	6	Ministro da CGU apresenta a importância da ética e do controle interno para a boa gestão pública
ética	NOUN	0	48	7	Ministro da CGU apresenta a importância da ética e do controle interno para a boa gestão pública
e	CCONJ	0	48	8	Ministro da CGU apresenta a importância da ética e do controle interno para a boa gestão pública
do	ADP	0	48	9	Ministro da CGU apresenta a importância da ética e do controle interno para a boa gestão pública
controle	NOUN	0	48	10	Ministro da CGU apresenta a importância da ética e do controle interno para a boa gestão pública
interno	ADJ	0	48	11	Ministro da CGU apresenta a importância da ética e do controle interno para a boa gestão pública
para	ADP	0	48	12	Ministro da CGU apresenta a importância da ética e do controle interno para a boa gestão pública
a	DET	0	48	13	Ministro da CGU apresenta a importância da ética e do controle interno para a boa gestão pública
boa	ADJ	0	48	14	Ministro da CGU apresenta a importância da ética e do controle interno para a boa gestão pública
gestão	NOUN	0	48	15	Ministro da CGU apresenta a importância da ética e do controle interno para a boa gestão pública
pública	ADJ	0	48	16	Ministro da CGU apresenta a importância da ética e do controle interno para a boa gestão pública
Governo	PROPN	0	49	0	Governo Federal analisa se vacinas estão sendo aplicadas nas pessoas certas
Federal	PROPN	0	49	1	Governo Federal analisa se vacinas estão sendo aplicadas nas pessoas certas
analisa	VERB	1	49	2	Governo Federal analisa se vacinas estão sendo aplicadas nas pessoas certas
se	SCONJ	0	49	3	Governo Federal analisa se vacinas estão sendo aplicadas nas pessoas certas
vacinas	NOUN	1	49	4	Governo Federal analisa se vacinas estão sendo aplicadas nas pessoas certas
estão	AUX	0	49	5	Governo Federal analisa se vacinas estão sendo aplicadas nas pessoas certas
sendo	AUX	0	49	6	Governo Federal analisa se vacinas estão sendo aplicadas nas pessoas certas
aplicadas	VERB	0	49	7	Governo Federal analisa se vacinas estão sendo aplicadas nas pessoas certas
nas	ADP	0	49	8	Governo Federal analisa se vacinas estão sendo aplicadas nas pessoas certas
pessoas	NOUN	0	49	9	Governo Federal analisa se vacinas estão sendo aplicadas nas pessoas certas
certas	ADJ	0	49	10	Governo Federal analisa se vacinas estão sendo aplicadas nas pessoas certas
CGU	PROPN	1	50	0	CGU realiza evento sobre combate ao assédio sexual no ambiente de trabalho
realiza	VERB	0	50	1	CGU realiza evento sobre combate ao assédio sexual no ambiente de trabalho
evento	NOUN	0	50	2	CGU realiza evento sobre combate ao assédio sexual no ambiente de trabalho
sobre	ADP	0	50	3	CGU realiza evento sobre combate ao assédio sexual no ambiente de trabalho
combate	NOUN	0	50	4	CGU realiza evento sobre combate ao assédio sexual no ambiente de trabalho
ao	ADP	0	50	5	CGU realiza evento sobre combate ao assédio sexual no ambiente de trabalho
assédio	NOUN	1	50	6	CGU realiza evento sobre combate ao assédio sexual no ambiente de trabalho
sexual	ADJ	0	50	7	CGU realiza evento sobre combate ao assédio sexual no ambiente de trabalho
no	ADP	0	50	8	CGU realiza evento sobre combate ao assédio sexual no ambiente de trabalho
ambiente	NOUN	0	50	9	CGU realiza evento sobre combate ao assédio sexual no ambiente de trabalho
de	ADP	0	50	10	CGU realiza evento sobre combate ao assédio sexual no ambiente de trabalho
trabalho	NOUN	0	50	11	CGU realiza evento sobre combate ao assédio sexual no ambiente de trabalho
Prosa	PROPN	1	51	0	Prosa de Ouvidoria Soluções para inteligência artificial foi tema do último dia
de	ADP	0	51	1	Prosa de Ouvidoria Soluções para inteligência artificial foi tema do último dia
Ouvidoria	PROPN	1	51	2	Prosa de Ouvidoria Soluções para inteligência artificial foi tema do último dia
Soluções	PROPN	1	51	3	Prosa de Ouvidoria Soluções para inteligência artificial foi tema do último dia
para	ADP	0	51	4	Prosa de Ouvidoria Soluções para inteligência artificial foi tema do último dia
inteligência	NOUN	0	51	5	Prosa de Ouvidoria Soluções para inteligência artificial foi tema do último dia
artificial	ADJ	0	51	6	Prosa de Ouvidoria Soluções para inteligência artificial foi tema do último dia
foi	AUX	0	51	7	Prosa de Ouvidoria Soluções para inteligência artificial foi tema do último dia
tema	NOUN	0	51	8	Prosa de Ouvidoria Soluções para inteligência artificial foi tema do último dia
do	ADP	0	51	9	Prosa de Ouvidoria Soluções para inteligência artificial foi tema do último dia
último	ADJ	0	51	10	Prosa de Ouvidoria Soluções para inteligência artificial foi tema do último dia
dia	NOUN	0	51	11	Prosa de Ouvidoria Soluções para inteligência artificial foi tema do último dia
CGU	PROPN	1	52	0	CGU participa de live sobre o enfrentamento da corrupção no Brasil
participa	VERB	0	52	1	CGU participa de live sobre o enfrentamento da corrupção no Brasil
de	ADP	0	52	2	CGU participa de live sobre o enfrentamento da corrupção no Brasil
live	NOUN	1	52	3	CGU participa de live sobre o enfrentamento da corrupção no Brasil
sobre	ADP	0	52	4	CGU participa de live sobre o enfrentamento da corrupção no Brasil
o	DET	0	52	5	CGU participa de live sobre o enfrentamento da corrupção no Brasil
enfrentamento	NOUN	1	52	6	CGU participa de live sobre o enfrentamento da corrupção no Brasil
da	ADP	0	52	7	CGU participa de live sobre o enfrentamento da corrupção no Brasil
corrupção	NOUN	0	52	8	CGU participa de live sobre o enfrentamento da corrupção no Brasil
no	ADP	0	52	9	CGU participa de live sobre o enfrentamento da corrupção no Brasil
Brasil	PROPN	0	52	10	CGU participa de live sobre o enfrentamento da corrupção no Brasil
Revista	NOUN	0	53	0	Revista da CGU seleciona pesquisadores para compor cadastro de revisores
da	ADP	0	53	1	Revista da CGU seleciona pesquisadores para compor cadastro de revisores
CGU	PROPN	1	53	2	Revista da CGU seleciona pesquisadores para compor cadastro de revisores
seleciona	VERB	1	53	3	Revista da CGU seleciona pesquisadores para compor cadastro de revisores
pesquisadores	NOUN	0	53	4	Revista da CGU seleciona pesquisadores para compor cadastro de revisores
para	SCONJ	0	53	5	Revista da CGU seleciona pesquisadores para compor cadastro de revisores
compor	VERB	0	53	6	Revista da CGU seleciona pesquisadores para compor cadastro de revisores
cadastro	NOUN	1	53	7	Revista da CGU seleciona pesquisadores para compor cadastro de revisores
de	ADP	0	53	8	Revista da CGU seleciona pesquisadores para compor cadastro de revisores
revisores	NOUN	1	53	9	Revista da CGU seleciona pesquisadores para compor cadastro de revisores
Wagner	PROPN	0	54	0	Wagner Rosário fala sobre os desafios do gestor público no combate à corrupção
Rosário	PROPN	0	54	1	Wagner Rosário fala sobre os desafios do gestor público no combate à corrupção
fala	VERB	0	54	2	Wagner Rosário fala sobre os desafios do gestor público no combate à corrupção
sobre	ADP	0	54	3	Wagner Rosário fala sobre os desafios do gestor público no combate à corrupção
os	DET	0	54	4	Wagner Rosário fala sobre os desafios do gestor público no combate à corrupção
desafios	NOUN	0	54	5	Wagner Rosário fala sobre os desafios do gestor público no combate à corrupção
do	ADP	0	54	6	Wagner Rosário fala sobre os desafios do gestor público no combate à corrupção
gestor	NOUN	1	54	7	Wagner Rosário fala sobre os desafios do gestor público no combate à corrupção
público	ADJ	0	54	8	Wagner Rosário fala sobre os desafios do gestor público no combate à corrupção
no	ADP	0	54	9	Wagner Rosário fala sobre os desafios do gestor público no combate à corrupção
combate	NOUN	0	54	10	Wagner Rosário fala sobre os desafios do gestor público no combate à corrupção
à	ADP	0	54	11	Wagner Rosário fala sobre os desafios do gestor público no combate à corrupção
corrupção	NOUN	0	54	12	Wagner Rosário fala sobre os desafios do gestor público no combate à corrupção
Ouvidoria	PROPN	1	55	0	Ouvidoria - Geral da União divulga Relatório de Gestão 2020
-	PUNCT	0	55	1	Ouvidoria - Geral da União divulga Relatório de Gestão 2020
Geral	PROPN	0	55	2	Ouvidoria - Geral da União divulga Relatório de Gestão 2020
da	ADP	0	55	3	Ouvidoria - Geral da União divulga Relatório de Gestão 2020
União	PROPN	0	55	4	Ouvidoria - Geral da União divulga Relatório de Gestão 2020
divulga	VERB	1	55	5	Ouvidoria - Geral da União divulga Relatório de Gestão 2020
Relatório	NOUN	1	55	6	Ouvidoria - Geral da União divulga Relatório de Gestão 2020
de	ADP	0	55	7	Ouvidoria - Geral da União divulga Relatório de Gestão 2020
Gestão	PROPN	0	55	8	Ouvidoria - Geral da União divulga Relatório de Gestão 2020
2020	NUM	1	55	9	Ouvidoria - Geral da União divulga Relatório de Gestão 2020
Controladoria	PROPN	1	56	0	Controladoria - Geral da União publica Relatório de Gestão de 2020
-	PUNCT	0	56	1	Controladoria - Geral da União publica Relatório de Gestão de 2020
Geral	PROPN	0	56	2	Controladoria - Geral da União publica Relatório de Gestão de 2020
da	ADP	0	56	3	Controladoria - Geral da União publica Relatório de Gestão de 2020
União	PROPN	0	56	4	Controladoria - Geral da União publica Relatório de Gestão de 2020
publica	VERB	0	56	5	Controladoria - Geral da União publica Relatório de Gestão de 2020
Relatório	NOUN	1	56	6	Controladoria - Geral da União publica Relatório de Gestão de 2020
de	ADP	0	56	7	Controladoria - Geral da União publica Relatório de Gestão de 2020
Gestão	PROPN	0	56	8	Controladoria - Geral da União publica Relatório de Gestão de 2020
de	ADP	0	56	9	Controladoria - Geral da União publica Relatório de Gestão de 2020
2020	NUM	1	56	10	Controladoria - Geral da União publica Relatório de Gestão de 2020
CGU	PROPN	1	57	0	CGU publica novo plano de ação da Infraestrutura Nacional de Dados Abertos
publica	VERB	0	57	1	CGU publica novo plano de ação da Infraestrutura Nacional de Dados Abertos
novo	ADJ	0	57	2	CGU publica novo plano de ação da Infraestrutura Nacional de Dados Abertos
plano	NOUN	0	57	3	CGU publica novo plano de ação da Infraestrutura Nacional de Dados Abertos
de	ADP	0	57	4	CGU publica novo plano de ação da Infraestrutura Nacional de Dados Abertos
ação	NOUN	0	57	5	CGU publica novo plano de ação da Infraestrutura Nacional de Dados Abertos
da	ADP	0	57	6	CGU publica novo plano de ação da Infraestrutura Nacional de Dados Abertos
Infraestrutura	PROPN	1	57	7	CGU publica novo plano de ação da Infraestrutura Nacional de Dados Abertos
Nacional	PROPN	0	57	8	CGU publica novo plano de ação da Infraestrutura Nacional de Dados Abertos
de	ADP	0	57	9	CGU publica novo plano de ação da Infraestrutura Nacional de Dados Abertos
Dados	PROPN	0	57	10	CGU publica novo plano de ação da Infraestrutura Nacional de Dados Abertos
Abertos	PROPN	1	57	11	CGU publica novo plano de ação da Infraestrutura Nacional de Dados Abertos
Revista	NOUN	0	58	0	Revista da CGU lança plano editorial para biênio 2021 - 2022
da	ADP	0	58	1	Revista da CGU lança plano editorial para biênio 2021 - 2022
CGU	PROPN	1	58	2	Revista da CGU lança plano editorial para biênio 2021 - 2022
lança	VERB	0	58	3	Revista da CGU lança plano editorial para biênio 2021 - 2022
plano	NOUN	0	58	4	Revista da CGU lança plano editorial para biênio 2021 - 2022
editorial	ADJ	0	58	5	Revista da CGU lança plano editorial para biênio 2021 - 2022
para	ADP	0	58	6	Revista da CGU lança plano editorial para biênio 2021 - 2022
biênio	NOUN	1	58	7	Revista da CGU lança plano editorial para biênio 2021 - 2022
2021	NUM	1	58	8	Revista da CGU lança plano editorial para biênio 2021 - 2022
-	PUNCT	0	58	9	Revista da CGU lança plano editorial para biênio 2021 - 2022
2022	NUM	1	58	10	Revista da CGU lança plano editorial para biênio 2021 - 2022
CGU	PROPN	1	59	0	CGU realiza segundo encontro virtual do Diálogos em Controle Social
realiza	VERB	0	59	1	CGU realiza segundo encontro virtual do Diálogos em Controle Social
segundo	ADP	0	59	2	CGU realiza segundo encontro virtual do Diálogos em Controle Social
encontro	NOUN	0	59	3	CGU realiza segundo encontro virtual do Diálogos em Controle Social
virtual	ADJ	0	59	4	CGU realiza segundo encontro virtual do Diálogos em Controle Social
do	ADP	0	59	5	CGU realiza segundo encontro virtual do Diálogos em Controle Social
Diálogos	PROPN	1	59	6	CGU realiza segundo encontro virtual do Diálogos em Controle Social
em	ADP	0	59	7	CGU realiza segundo encontro virtual do Diálogos em Controle Social
Controle	PROPN	0	59	8	CGU realiza segundo encontro virtual do Diálogos em Controle Social
Social	PROPN	0	59	9	CGU realiza segundo encontro virtual do Diálogos em Controle Social
CGU	PROPN	1	60	0	CGU , PF e MPF combatem desvios de recursos no Incra do Amazonas
,	PUNCT	0	60	1	CGU , PF e MPF combatem desvios de recursos no Incra do Amazonas
PF	PROPN	1	60	2	CGU , PF e MPF combatem desvios de recursos no Incra do Amazonas
e	CCONJ	0	60	3	CGU , PF e MPF combatem desvios de recursos no Incra do Amazonas
MPF	PROPN	1	60	4	CGU , PF e MPF combatem desvios de recursos no Incra do Amazonas
combatem	VERB	1	60	5	CGU , PF e MPF combatem desvios de recursos no Incra do Amazonas
desvios	NOUN	1	60	6	CGU , PF e MPF combatem desvios de recursos no Incra do Amazonas
de	ADP	0	60	7	CGU , PF e MPF combatem desvios de recursos no Incra do Amazonas
recursos	NOUN	0	60	8	CGU , PF e MPF combatem desvios de recursos no Incra do Amazonas
no	ADP	0	60	9	CGU , PF e MPF combatem desvios de recursos no Incra do Amazonas
Incra	PROPN	1	60	10	CGU , PF e MPF combatem desvios de recursos no Incra do Amazonas
do	ADP	0	60	11	CGU , PF e MPF combatem desvios de recursos no Incra do Amazonas
Amazonas	PROPN	0	60	12	CGU , PF e MPF combatem desvios de recursos no Incra do Amazonas
CGU	PROPN	1	61	0	CGU divulga Prestação de Contas do Presidente da República de 2020
divulga	VERB	1	61	1	CGU divulga Prestação de Contas do Presidente da República de 2020
Prestação	PROPN	1	61	2	CGU divulga Prestação de Contas do Presidente da República de 2020
de	ADP	0	61	3	CGU divulga Prestação de Contas do Presidente da República de 2020
Contas	PROPN	0	61	4	CGU divulga Prestação de Contas do Presidente da República de 2020
do	ADP	0	61	5	CGU divulga Prestação de Contas do Presidente da República de 2020
Presidente	NOUN	0	61	6	CGU divulga Prestação de Contas do Presidente da República de 2020
da	ADP	0	61	7	CGU divulga Prestação de Contas do Presidente da República de 2020
República	PROPN	0	61	8	CGU divulga Prestação de Contas do Presidente da República de 2020
de	ADP	0	61	9	CGU divulga Prestação de Contas do Presidente da República de 2020
2020	NUM	1	61	10	CGU divulga Prestação de Contas do Presidente da República de 2020
CGU	PROPN	1	62	0	CGU e PF combatem fraudes na aquisição de materiais escolares em Pernambuco
e	CCONJ	0	62	1	CGU e PF combatem fraudes na aquisição de materiais escolares em Pernambuco
PF	PROPN	1	62	2	CGU e PF combatem fraudes na aquisição de materiais escolares em Pernambuco
combatem	VERB	1	62	3	CGU e PF combatem fraudes na aquisição de materiais escolares em Pernambuco
fraudes	NOUN	1	62	4	CGU e PF combatem fraudes na aquisição de materiais escolares em Pernambuco
na	ADP	0	62	5	CGU e PF combatem fraudes na aquisição de materiais escolares em Pernambuco
aquisição	NOUN	0	62	6	CGU e PF combatem fraudes na aquisição de materiais escolares em Pernambuco
de	ADP	0	62	7	CGU e PF combatem fraudes na aquisição de materiais escolares em Pernambuco
materiais	NOUN	0	62	8	CGU e PF combatem fraudes na aquisição de materiais escolares em Pernambuco
escolares	ADJ	0	62	9	CGU e PF combatem fraudes na aquisição de materiais escolares em Pernambuco
em	ADP	0	62	10	CGU e PF combatem fraudes na aquisição de materiais escolares em Pernambuco
Pernambuco	PROPN	0	62	11	CGU e PF combatem fraudes na aquisição de materiais escolares em Pernambuco
CGU	PROPN	1	63	0	CGU abre consulta para aprimorar norma do Plano Anual de Auditoria Interna
abre	VERB	0	63	1	CGU abre consulta para aprimorar norma do Plano Anual de Auditoria Interna
consulta	NOUN	0	63	2	CGU abre consulta para aprimorar norma do Plano Anual de Auditoria Interna
para	SCONJ	0	63	3	CGU abre consulta para aprimorar norma do Plano Anual de Auditoria Interna
aprimorar	VERB	1	63	4	CGU abre consulta para aprimorar norma do Plano Anual de Auditoria Interna
norma	NOUN	0	63	5	CGU abre consulta para aprimorar norma do Plano Anual de Auditoria Interna
do	ADP	0	63	6	CGU abre consulta para aprimorar norma do Plano Anual de Auditoria Interna
Plano	PROPN	0	63	7	CGU abre consulta para aprimorar norma do Plano Anual de Auditoria Interna
Anual	PROPN	1	63	8	CGU abre consulta para aprimorar norma do Plano Anual de Auditoria Interna
de	ADP	0	63	9	CGU abre consulta para aprimorar norma do Plano Anual de Auditoria Interna
Auditoria	PROPN	1	63	10	CGU abre consulta para aprimorar norma do Plano Anual de Auditoria Interna
Interna	ADJ	0	63	11	CGU abre consulta para aprimorar norma do Plano Anual de Auditoria Interna
CGU	PROPN	1	64	0	CGU e Polícia Federal deflagram mais duas fases da Operação Rota BR 090
e	CCONJ	0	64	1	CGU e Polícia Federal deflagram mais duas fases da Operação Rota BR 090
Polícia	PROPN	0	64	2	CGU e Polícia Federal deflagram mais duas fases da Operação Rota BR 090
Federal	PROPN	0	64	3	CGU e Polícia Federal deflagram mais duas fases da Operação Rota BR 090
deflagram	VERB	1	64	4	CGU e Polícia Federal deflagram mais duas fases da Operação Rota BR 090
mais	ADV	0	64	5	CGU e Polícia Federal deflagram mais duas fases da Operação Rota BR 090
duas	NUM	0	64	6	CGU e Polícia Federal deflagram mais duas fases da Operação Rota BR 090
fases	NOUN	0	64	7	CGU e Polícia Federal deflagram mais duas fases da Operação Rota BR 090
da	ADP	0	64	8	CGU e Polícia Federal deflagram mais duas fases da Operação Rota BR 090
Operação	PROPN	0	64	9	CGU e Polícia Federal deflagram mais duas fases da Operação Rota BR 090
Rota	PROPN	1	64	10	CGU e Polícia Federal deflagram mais duas fases da Operação Rota BR 090
BR	PROPN	0	64	11	CGU e Polícia Federal deflagram mais duas fases da Operação Rota BR 090
090	NUM	1	64	12	CGU e Polícia Federal deflagram mais duas fases da Operação Rota BR 090
Covid	PROPN	1	65	0	Covid - 19 CGU e PF reforçam apuração de desvios na saúde em Rio Branco AC
-	PUNCT	0	65	1	Covid - 19 CGU e PF reforçam apuração de desvios na saúde em Rio Branco AC
19	NUM	0	65	2	Covid - 19 CGU e PF reforçam apuração de desvios na saúde em Rio Branco AC
CGU	PROPN	1	65	3	Covid - 19 CGU e PF reforçam apuração de desvios na saúde em Rio Branco AC
e	CCONJ	0	65	4	Covid - 19 CGU e PF reforçam apuração de desvios na saúde em Rio Branco AC
PF	PROPN	1	65	5	Covid - 19 CGU e PF reforçam apuração de desvios na saúde em Rio Branco AC
reforçam	VERB	1	65	6	Covid - 19 CGU e PF reforçam apuração de desvios na saúde em Rio Branco AC
apuração	NOUN	1	65	7	Covid - 19 CGU e PF reforçam apuração de desvios na saúde em Rio Branco AC
de	ADP	0	65	8	Covid - 19 CGU e PF reforçam apuração de desvios na saúde em Rio Branco AC
desvios	NOUN	1	65	9	Covid - 19 CGU e PF reforçam apuração de desvios na saúde em Rio Branco AC
na	ADP	0	65	10	Covid - 19 CGU e PF reforçam apuração de desvios na saúde em Rio Branco AC
saúde	NOUN	0	65	11	Covid - 19 CGU e PF reforçam apuração de desvios na saúde em Rio Branco AC
em	ADP	0	65	12	Covid - 19 CGU e PF reforçam apuração de desvios na saúde em Rio Branco AC
Rio	PROPN	0	65	13	Covid - 19 CGU e PF reforçam apuração de desvios na saúde em Rio Branco AC
Branco	PROPN	0	65	14	Covid - 19 CGU e PF reforçam apuração de desvios na saúde em Rio Branco AC
AC	PROPN	0	65	15	Covid - 19 CGU e PF reforçam apuração de desvios na saúde em Rio Branco AC
Polícias	PROPN	1	66	0	Polícias Federal , Civil e Militar prendem investigados por assaltos a instituições bancárias em Salvador
Federal	PROPN	0	66	1	Polícias Federal , Civil e Militar prendem investigados por assaltos a instituições bancárias em Salvador
,	PUNCT	0	66	2	Polícias Federal , Civil e Militar prendem investigados por assaltos a instituições bancárias em Salvador
Civil	PROPN	0	66	3	Polícias Federal , Civil e Militar prendem investigados por assaltos a instituições bancárias em Salvador
e	CCONJ	0	66	4	Polícias Federal , Civil e Militar prendem investigados por assaltos a instituições bancárias em Salvador
Militar	PROPN	0	66	5	Polícias Federal , Civil e Militar prendem investigados por assaltos a instituições bancárias em Salvador
prendem	VERB	1	66	6	Polícias Federal , Civil e Militar prendem investigados por assaltos a instituições bancárias em Salvador
investigados	VERB	1	66	7	Polícias Federal , Civil e Militar prendem investigados por assaltos a instituições bancárias em Salvador
por	ADP	0	66	8	Polícias Federal , Civil e Militar prendem investigados por assaltos a instituições bancárias em Salvador
assaltos	NOUN	1	66	9	Polícias Federal , Civil e Militar prendem investigados por assaltos a instituições bancárias em Salvador
a	ADP	0	66	10	Polícias Federal , Civil e Militar prendem investigados por assaltos a instituições bancárias em Salvador
instituições	NOUN	0	66	11	Polícias Federal , Civil e Militar prendem investigados por assaltos a instituições bancárias em Salvador
bancárias	ADJ	1	66	12	Polícias Federal , Civil e Militar prendem investigados por assaltos a instituições bancárias em Salvador
em	ADP	0	66	13	Polícias Federal , Civil e Militar prendem investigados por assaltos a instituições bancárias em Salvador
Salvador	PROPN	0	66	14	Polícias Federal , Civil e Militar prendem investigados por assaltos a instituições bancárias em Salvador
Polícia	PROPN	0	67	0	Polícia Federal apreende mais de três toneladas de pirarucu no Amazonas
Federal	PROPN	0	67	1	Polícia Federal apreende mais de três toneladas de pirarucu no Amazonas
apreende	VERB	1	67	2	Polícia Federal apreende mais de três toneladas de pirarucu no Amazonas
mais	ADV	0	67	3	Polícia Federal apreende mais de três toneladas de pirarucu no Amazonas
de	ADP	0	67	4	Polícia Federal apreende mais de três toneladas de pirarucu no Amazonas
três	NUM	0	67	5	Polícia Federal apreende mais de três toneladas de pirarucu no Amazonas
toneladas	NOUN	0	67	6	Polícia Federal apreende mais de três toneladas de pirarucu no Amazonas
de	ADP	0	67	7	Polícia Federal apreende mais de três toneladas de pirarucu no Amazonas
pirarucu	NOUN	1	67	8	Polícia Federal apreende mais de três toneladas de pirarucu no Amazonas
no	ADP	0	67	9	Polícia Federal apreende mais de três toneladas de pirarucu no Amazonas
Amazonas	PROPN	0	67	10	Polícia Federal apreende mais de três toneladas de pirarucu no Amazonas
PF	PROPN	1	68	0	PF e BPFRON localizam depósito de produtos contrabandeados em Foz do Iguaçu PR
e	CCONJ	0	68	1	PF e BPFRON localizam depósito de produtos contrabandeados em Foz do Iguaçu PR
BPFRON	PROPN	1	68	2	PF e BPFRON localizam depósito de produtos contrabandeados em Foz do Iguaçu PR
localizam	VERB	1	68	3	PF e BPFRON localizam depósito de produtos contrabandeados em Foz do Iguaçu PR
depósito	NOUN	0	68	4	PF e BPFRON localizam depósito de produtos contrabandeados em Foz do Iguaçu PR
de	ADP	0	68	5	PF e BPFRON localizam depósito de produtos contrabandeados em Foz do Iguaçu PR
produtos	NOUN	0	68	6	PF e BPFRON localizam depósito de produtos contrabandeados em Foz do Iguaçu PR
contrabandeados	VERB	1	68	7	PF e BPFRON localizam depósito de produtos contrabandeados em Foz do Iguaçu PR
em	ADP	0	68	8	PF e BPFRON localizam depósito de produtos contrabandeados em Foz do Iguaçu PR
Foz	PROPN	0	68	9	PF e BPFRON localizam depósito de produtos contrabandeados em Foz do Iguaçu PR
do	ADP	0	68	10	PF e BPFRON localizam depósito de produtos contrabandeados em Foz do Iguaçu PR
Iguaçu	PROPN	0	68	11	PF e BPFRON localizam depósito de produtos contrabandeados em Foz do Iguaçu PR
PR	PROPN	0	68	12	PF e BPFRON localizam depósito de produtos contrabandeados em Foz do Iguaçu PR
PF	PROPN	1	69	0	PF prende um homem e apreende mais de 300 comprimidos de ecstasy
prende	VERB	1	69	1	PF prende um homem e apreende mais de 300 comprimidos de ecstasy
um	DET	0	69	2	PF prende um homem e apreende mais de 300 comprimidos de ecstasy
homem	NOUN	0	69	3	PF prende um homem e apreende mais de 300 comprimidos de ecstasy
e	CCONJ	0	69	4	PF prende um homem e apreende mais de 300 comprimidos de ecstasy
apreende	VERB	1	69	5	PF prende um homem e apreende mais de 300 comprimidos de ecstasy
mais	ADV	0	69	6	PF prende um homem e apreende mais de 300 comprimidos de ecstasy
de	ADP	0	69	7	PF prende um homem e apreende mais de 300 comprimidos de ecstasy
300	NUM	0	69	8	PF prende um homem e apreende mais de 300 comprimidos de ecstasy
comprimidos	NOUN	1	69	9	PF prende um homem e apreende mais de 300 comprimidos de ecstasy
de	ADP	0	69	10	PF prende um homem e apreende mais de 300 comprimidos de ecstasy
ecstasy	PROPN	1	69	11	PF prende um homem e apreende mais de 300 comprimidos de ecstasy
PF	PROPN	1	70	0	PF investiga esquema de venda de relíquias arqueológicas encontradas no Acre
investiga	VERB	1	70	1	PF investiga esquema de venda de relíquias arqueológicas encontradas no Acre
esquema	NOUN	0	70	2	PF investiga esquema de venda de relíquias arqueológicas encontradas no Acre
de	ADP	0	70	3	PF investiga esquema de venda de relíquias arqueológicas encontradas no Acre
venda	NOUN	0	70	4	PF investiga esquema de venda de relíquias arqueológicas encontradas no Acre
de	ADP	0	70	5	PF investiga esquema de venda de relíquias arqueológicas encontradas no Acre
relíquias	NOUN	0	70	6	PF investiga esquema de venda de relíquias arqueológicas encontradas no Acre
arqueológicas	ADJ	1	70	7	PF investiga esquema de venda de relíquias arqueológicas encontradas no Acre
encontradas	VERB	0	70	8	PF investiga esquema de venda de relíquias arqueológicas encontradas no Acre
no	ADP	0	70	9	PF investiga esquema de venda de relíquias arqueológicas encontradas no Acre
Acre	PROPN	0	70	10	PF investiga esquema de venda de relíquias arqueológicas encontradas no Acre
PF	PROPN	1	71	0	PF apreende carga de cigarros paraguaios e veículos usados no transporte da mercadoria
apreende	VERB	1	71	1	PF apreende carga de cigarros paraguaios e veículos usados no transporte da mercadoria
carga	NOUN	0	71	2	PF apreende carga de cigarros paraguaios e veículos usados no transporte da mercadoria
de	ADP	0	71	3	PF apreende carga de cigarros paraguaios e veículos usados no transporte da mercadoria
cigarros	NOUN	1	71	4	PF apreende carga de cigarros paraguaios e veículos usados no transporte da mercadoria
paraguaios	ADJ	1	71	5	PF apreende carga de cigarros paraguaios e veículos usados no transporte da mercadoria
e	CCONJ	0	71	6	PF apreende carga de cigarros paraguaios e veículos usados no transporte da mercadoria
veículos	NOUN	0	71	7	PF apreende carga de cigarros paraguaios e veículos usados no transporte da mercadoria
usados	VERB	0	71	8	PF apreende carga de cigarros paraguaios e veículos usados no transporte da mercadoria
no	ADP	0	71	9	PF apreende carga de cigarros paraguaios e veículos usados no transporte da mercadoria
transporte	NOUN	0	71	10	PF apreende carga de cigarros paraguaios e veículos usados no transporte da mercadoria
da	ADP	0	71	11	PF apreende carga de cigarros paraguaios e veículos usados no transporte da mercadoria
mercadoria	NOUN	1	71	12	PF apreende carga de cigarros paraguaios e veículos usados no transporte da mercadoria
Polícia	PROPN	0	72	0	Polícia Federal prende casal por tráfico de drogas em Macapá
Federal	PROPN	0	72	1	Polícia Federal prende casal por tráfico de drogas em Macapá
prende	VERB	1	72	2	Polícia Federal prende casal por tráfico de drogas em Macapá
casal	NOUN	0	72	3	Polícia Federal prende casal por tráfico de drogas em Macapá
por	ADP	0	72	4	Polícia Federal prende casal por tráfico de drogas em Macapá
tráfico	NOUN	0	72	5	Polícia Federal prende casal por tráfico de drogas em Macapá
de	ADP	0	72	6	Polícia Federal prende casal por tráfico de drogas em Macapá
drogas	NOUN	0	72	7	Polícia Federal prende casal por tráfico de drogas em Macapá
em	ADP	0	72	8	Polícia Federal prende casal por tráfico de drogas em Macapá
Macapá	PROPN	1	72	9	Polícia Federal prende casal por tráfico de drogas em Macapá
Polícia	PROPN	0	73	0	Polícia Federal e Receita Federal prendem dois homens por tráfico de animais silvestres
Federal	PROPN	0	73	1	Polícia Federal e Receita Federal prendem dois homens por tráfico de animais silvestres
e	CCONJ	0	73	2	Polícia Federal e Receita Federal prendem dois homens por tráfico de animais silvestres
Receita	PROPN	1	73	3	Polícia Federal e Receita Federal prendem dois homens por tráfico de animais silvestres
Federal	PROPN	0	73	4	Polícia Federal e Receita Federal prendem dois homens por tráfico de animais silvestres
prendem	VERB	1	73	5	Polícia Federal e Receita Federal prendem dois homens por tráfico de animais silvestres
dois	NUM	0	73	6	Polícia Federal e Receita Federal prendem dois homens por tráfico de animais silvestres
homens	NOUN	0	73	7	Polícia Federal e Receita Federal prendem dois homens por tráfico de animais silvestres
por	ADP	0	73	8	Polícia Federal e Receita Federal prendem dois homens por tráfico de animais silvestres
tráfico	NOUN	0	73	9	Polícia Federal e Receita Federal prendem dois homens por tráfico de animais silvestres
de	ADP	0	73	10	Polícia Federal e Receita Federal prendem dois homens por tráfico de animais silvestres
animais	NOUN	0	73	11	Polícia Federal e Receita Federal prendem dois homens por tráfico de animais silvestres
silvestres	ADJ	1	73	12	Polícia Federal e Receita Federal prendem dois homens por tráfico de animais silvestres
PF	PROPN	1	74	0	PF prende em flagrante homem que teria compartilhado imagens pornográficas de menor
prende	VERB	1	74	1	PF prende em flagrante homem que teria compartilhado imagens pornográficas de menor
em	ADP	0	74	2	PF prende em flagrante homem que teria compartilhado imagens pornográficas de menor
flagrante	ADJ	1	74	3	PF prende em flagrante homem que teria compartilhado imagens pornográficas de menor
homem	NOUN	0	74	4	PF prende em flagrante homem que teria compartilhado imagens pornográficas de menor
que	PRON	0	74	5	PF prende em flagrante homem que teria compartilhado imagens pornográficas de menor
teria	AUX	0	74	6	PF prende em flagrante homem que teria compartilhado imagens pornográficas de menor
compartilhado	VERB	1	74	7	PF prende em flagrante homem que teria compartilhado imagens pornográficas de menor
imagens	NOUN	0	74	8	PF prende em flagrante homem que teria compartilhado imagens pornográficas de menor
pornográficas	ADJ	1	74	9	PF prende em flagrante homem que teria compartilhado imagens pornográficas de menor
de	ADP	0	74	10	PF prende em flagrante homem que teria compartilhado imagens pornográficas de menor
menor	ADJ	0	74	11	PF prende em flagrante homem que teria compartilhado imagens pornográficas de menor
PF	PROPN	1	75	0	PF e BPFRON interceptam comboio com veículos carregados com cigarros contrabandeados
e	CCONJ	0	75	1	PF e BPFRON interceptam comboio com veículos carregados com cigarros contrabandeados
BPFRON	PROPN	1	75	2	PF e BPFRON interceptam comboio com veículos carregados com cigarros contrabandeados
interceptam	VERB	1	75	3	PF e BPFRON interceptam comboio com veículos carregados com cigarros contrabandeados
comboio	NOUN	0	75	4	PF e BPFRON interceptam comboio com veículos carregados com cigarros contrabandeados
com	ADP	0	75	5	PF e BPFRON interceptam comboio com veículos carregados com cigarros contrabandeados
veículos	NOUN	0	75	6	PF e BPFRON interceptam comboio com veículos carregados com cigarros contrabandeados
carregados	VERB	1	75	7	PF e BPFRON interceptam comboio com veículos carregados com cigarros contrabandeados
com	ADP	0	75	8	PF e BPFRON interceptam comboio com veículos carregados com cigarros contrabandeados
cigarros	NOUN	1	75	9	PF e BPFRON interceptam comboio com veículos carregados com cigarros contrabandeados
contrabandeados	VERB	1	75	10	PF e BPFRON interceptam comboio com veículos carregados com cigarros contrabandeados
PF	PROPN	1	76	0	PF apreende cocaína encontrada em navio no Porto de bidos PA
apreende	VERB	1	76	1	PF apreende cocaína encontrada em navio no Porto de bidos PA
cocaína	NOUN	1	76	2	PF apreende cocaína encontrada em navio no Porto de bidos PA
encontrada	VERB	0	76	3	PF apreende cocaína encontrada em navio no Porto de bidos PA
em	ADP	0	76	4	PF apreende cocaína encontrada em navio no Porto de bidos PA
navio	NOUN	0	76	5	PF apreende cocaína encontrada em navio no Porto de bidos PA
no	ADP	0	76	6	PF apreende cocaína encontrada em navio no Porto de bidos PA
Porto	PROPN	0	76	7	PF apreende cocaína encontrada em navio no Porto de bidos PA
de	ADP	0	76	8	PF apreende cocaína encontrada em navio no Porto de bidos PA
bidos	VERB	1	76	9	PF apreende cocaína encontrada em navio no Porto de bidos PA
PA	PROPN	0	76	10	PF apreende cocaína encontrada em navio no Porto de bidos PA
PF	PROPN	1	77	0	PF prende homem em flagrante com cédulas falsas
prende	VERB	1	77	1	PF prende homem em flagrante com cédulas falsas
homem	NOUN	0	77	2	PF prende homem em flagrante com cédulas falsas
em	ADP	0	77	3	PF prende homem em flagrante com cédulas falsas
flagrante	NOUN	1	77	4	PF prende homem em flagrante com cédulas falsas
com	ADP	0	77	5	PF prende homem em flagrante com cédulas falsas
cédulas	NOUN	1	77	6	PF prende homem em flagrante com cédulas falsas
falsas	ADJ	0	77	7	PF prende homem em flagrante com cédulas falsas
PF	PROPN	1	78	0	PF prende passageiro de voo internacional com mais de 2 kg de cocaína
prende	VERB	1	78	1	PF prende passageiro de voo internacional com mais de 2 kg de cocaína
passageiro	NOUN	1	78	2	PF prende passageiro de voo internacional com mais de 2 kg de cocaína
de	ADP	0	78	3	PF prende passageiro de voo internacional com mais de 2 kg de cocaína
voo	NOUN	0	78	4	PF prende passageiro de voo internacional com mais de 2 kg de cocaína
internacional	ADJ	0	78	5	PF prende passageiro de voo internacional com mais de 2 kg de cocaína
com	ADP	0	78	6	PF prende passageiro de voo internacional com mais de 2 kg de cocaína
mais	ADV	0	78	7	PF prende passageiro de voo internacional com mais de 2 kg de cocaína
de	ADP	0	78	8	PF prende passageiro de voo internacional com mais de 2 kg de cocaína
2	NUM	0	78	9	PF prende passageiro de voo internacional com mais de 2 kg de cocaína
kg	NOUN	0	78	10	PF prende passageiro de voo internacional com mais de 2 kg de cocaína
de	ADP	0	78	11	PF prende passageiro de voo internacional com mais de 2 kg de cocaína
cocaína	NOUN	1	78	12	PF prende passageiro de voo internacional com mais de 2 kg de cocaína
PF	PROPN	1	79	0	PF cumpre mandado de prisão preventiva de suspeito de cometer crimes de roubo contra os Correios
cumpre	VERB	1	79	1	PF cumpre mandado de prisão preventiva de suspeito de cometer crimes de roubo contra os Correios
mandado	VERB	0	79	2	PF cumpre mandado de prisão preventiva de suspeito de cometer crimes de roubo contra os Correios
de	ADP	0	79	3	PF cumpre mandado de prisão preventiva de suspeito de cometer crimes de roubo contra os Correios
prisão	NOUN	0	79	4	PF cumpre mandado de prisão preventiva de suspeito de cometer crimes de roubo contra os Correios
preventiva	ADJ	1	79	5	PF cumpre mandado de prisão preventiva de suspeito de cometer crimes de roubo contra os Correios
de	ADP	0	79	6	PF cumpre mandado de prisão preventiva de suspeito de cometer crimes de roubo contra os Correios
suspeito	NOUN	0	79	7	PF cumpre mandado de prisão preventiva de suspeito de cometer crimes de roubo contra os Correios
de	SCONJ	0	79	8	PF cumpre mandado de prisão preventiva de suspeito de cometer crimes de roubo contra os Correios
cometer	VERB	0	79	9	PF cumpre mandado de prisão preventiva de suspeito de cometer crimes de roubo contra os Correios
crimes	NOUN	0	79	10	PF cumpre mandado de prisão preventiva de suspeito de cometer crimes de roubo contra os Correios
de	ADP	0	79	11	PF cumpre mandado de prisão preventiva de suspeito de cometer crimes de roubo contra os Correios
roubo	NOUN	0	79	12	PF cumpre mandado de prisão preventiva de suspeito de cometer crimes de roubo contra os Correios
contra	ADP	0	79	13	PF cumpre mandado de prisão preventiva de suspeito de cometer crimes de roubo contra os Correios
os	DET	0	79	14	PF cumpre mandado de prisão preventiva de suspeito de cometer crimes de roubo contra os Correios
Correios	PROPN	1	79	15	PF cumpre mandado de prisão preventiva de suspeito de cometer crimes de roubo contra os Correios
PF	PROPN	1	80	0	PF faz duas apreensões de cédulas falsas na região de Jales SP
faz	VERB	0	80	1	PF faz duas apreensões de cédulas falsas na região de Jales SP
duas	NUM	0	80	2	PF faz duas apreensões de cédulas falsas na região de Jales SP
apreensões	NOUN	1	80	3	PF faz duas apreensões de cédulas falsas na região de Jales SP
de	ADP	0	80	4	PF faz duas apreensões de cédulas falsas na região de Jales SP
cédulas	NOUN	1	80	5	PF faz duas apreensões de cédulas falsas na região de Jales SP
falsas	ADJ	0	80	6	PF faz duas apreensões de cédulas falsas na região de Jales SP
na	ADP	0	80	7	PF faz duas apreensões de cédulas falsas na região de Jales SP
região	NOUN	0	80	8	PF faz duas apreensões de cédulas falsas na região de Jales SP
de	ADP	0	80	9	PF faz duas apreensões de cédulas falsas na região de Jales SP
Jales	PROPN	1	80	10	PF faz duas apreensões de cédulas falsas na região de Jales SP
SP	PROPN	0	80	11	PF faz duas apreensões de cédulas falsas na região de Jales SP
PF	PROPN	1	81	0	PF e BPFRON apreendem veículo carregado com cigarros contrabandeados
e	CCONJ	0	81	1	PF e BPFRON apreendem veículo carregado com cigarros contrabandeados
BPFRON	PROPN	1	81	2	PF e BPFRON apreendem veículo carregado com cigarros contrabandeados
apreendem	VERB	1	81	3	PF e BPFRON apreendem veículo carregado com cigarros contrabandeados
veículo	NOUN	0	81	4	PF e BPFRON apreendem veículo carregado com cigarros contrabandeados
carregado	VERB	0	81	5	PF e BPFRON apreendem veículo carregado com cigarros contrabandeados
com	ADP	0	81	6	PF e BPFRON apreendem veículo carregado com cigarros contrabandeados
cigarros	NOUN	1	81	7	PF e BPFRON apreendem veículo carregado com cigarros contrabandeados
contrabandeados	VERB	1	81	8	PF e BPFRON apreendem veículo carregado com cigarros contrabandeados
PF	PROPN	1	82	0	PF apreende mais de 12 kg de cocaína no aeroporto de Guarulhos
apreende	VERB	1	82	1	PF apreende mais de 12 kg de cocaína no aeroporto de Guarulhos
mais	ADV	0	82	2	PF apreende mais de 12 kg de cocaína no aeroporto de Guarulhos
de	ADP	0	82	3	PF apreende mais de 12 kg de cocaína no aeroporto de Guarulhos
12	NUM	0	82	4	PF apreende mais de 12 kg de cocaína no aeroporto de Guarulhos
kg	NOUN	0	82	5	PF apreende mais de 12 kg de cocaína no aeroporto de Guarulhos
de	ADP	0	82	6	PF apreende mais de 12 kg de cocaína no aeroporto de Guarulhos
cocaína	NOUN	1	82	7	PF apreende mais de 12 kg de cocaína no aeroporto de Guarulhos
no	ADP	0	82	8	PF apreende mais de 12 kg de cocaína no aeroporto de Guarulhos
aeroporto	NOUN	0	82	9	PF apreende mais de 12 kg de cocaína no aeroporto de Guarulhos
de	ADP	0	82	10	PF apreende mais de 12 kg de cocaína no aeroporto de Guarulhos
Guarulhos	PROPN	1	82	11	PF apreende mais de 12 kg de cocaína no aeroporto de Guarulhos
PF	PROPN	1	83	0	PF e BPFRON realizam prisão em flagrante de contrabandista
e	CCONJ	0	83	1	PF e BPFRON realizam prisão em flagrante de contrabandista
BPFRON	PROPN	1	83	2	PF e BPFRON realizam prisão em flagrante de contrabandista
realizam	VERB	0	83	3	PF e BPFRON realizam prisão em flagrante de contrabandista
prisão	NOUN	0	83	4	PF e BPFRON realizam prisão em flagrante de contrabandista
em	ADP	0	83	5	PF e BPFRON realizam prisão em flagrante de contrabandista
flagrante	NOUN	1	83	6	PF e BPFRON realizam prisão em flagrante de contrabandista
de	ADP	0	83	7	PF e BPFRON realizam prisão em flagrante de contrabandista
contrabandista	NOUN	1	83	8	PF e BPFRON realizam prisão em flagrante de contrabandista
PF	PROPN	1	84	0	PF apreende 2 pick - up carregadas com cigarros contrabandeados em Guaíra PR
apreende	VERB	1	84	1	PF apreende 2 pick - up carregadas com cigarros contrabandeados em Guaíra PR
2	NUM	0	84	2	PF apreende 2 pick - up carregadas com cigarros contrabandeados em Guaíra PR
pick	NOUN	1	84	3	PF apreende 2 pick - up carregadas com cigarros contrabandeados em Guaíra PR
-	PUNCT	0	84	4	PF apreende 2 pick - up carregadas com cigarros contrabandeados em Guaíra PR
up	NOUN	1	84	5	PF apreende 2 pick - up carregadas com cigarros contrabandeados em Guaíra PR
carregadas	VERB	1	84	6	PF apreende 2 pick - up carregadas com cigarros contrabandeados em Guaíra PR
com	ADP	0	84	7	PF apreende 2 pick - up carregadas com cigarros contrabandeados em Guaíra PR
cigarros	NOUN	1	84	8	PF apreende 2 pick - up carregadas com cigarros contrabandeados em Guaíra PR
contrabandeados	VERB	1	84	9	PF apreende 2 pick - up carregadas com cigarros contrabandeados em Guaíra PR
em	ADP	0	84	10	PF apreende 2 pick - up carregadas com cigarros contrabandeados em Guaíra PR
Guaíra	PROPN	1	84	11	PF apreende 2 pick - up carregadas com cigarros contrabandeados em Guaíra PR
PR	PROPN	0	84	12	PF apreende 2 pick - up carregadas com cigarros contrabandeados em Guaíra PR
Líder	NOUN	1	85	0	Líder de organização criminosa é preso no Paraguai com o apoio da PF
de	ADP	0	85	1	Líder de organização criminosa é preso no Paraguai com o apoio da PF
organização	NOUN	0	85	2	Líder de organização criminosa é preso no Paraguai com o apoio da PF
criminosa	ADJ	1	85	3	Líder de organização criminosa é preso no Paraguai com o apoio da PF
é	AUX	0	85	4	Líder de organização criminosa é preso no Paraguai com o apoio da PF
preso	VERB	0	85	5	Líder de organização criminosa é preso no Paraguai com o apoio da PF
no	ADP	0	85	6	Líder de organização criminosa é preso no Paraguai com o apoio da PF
Paraguai	PROPN	0	85	7	Líder de organização criminosa é preso no Paraguai com o apoio da PF
com	ADP	0	85	8	Líder de organização criminosa é preso no Paraguai com o apoio da PF
o	DET	0	85	9	Líder de organização criminosa é preso no Paraguai com o apoio da PF
apoio	NOUN	0	85	10	Líder de organização criminosa é preso no Paraguai com o apoio da PF
da	ADP	0	85	11	Líder de organização criminosa é preso no Paraguai com o apoio da PF
PF	PROPN	1	85	12	Líder de organização criminosa é preso no Paraguai com o apoio da PF
Dia	NOUN	0	86	0	Dia do Papiloscopista
do	ADP	0	86	1	Dia do Papiloscopista
Papiloscopista	PROPN	1	86	2	Dia do Papiloscopista
PF	PROPN	1	87	0	PF , em ação conjunta , apreende duas menores com haxixe em ônibus na BR277 no âmbito da Operação Hórus e Programa VIGIA
,	PUNCT	0	87	1	PF , em ação conjunta , apreende duas menores com haxixe em ônibus na BR277 no âmbito da Operação Hórus e Programa VIGIA
em	ADP	0	87	2	PF , em ação conjunta , apreende duas menores com haxixe em ônibus na BR277 no âmbito da Operação Hórus e Programa VIGIA
ação	NOUN	0	87	3	PF , em ação conjunta , apreende duas menores com haxixe em ônibus na BR277 no âmbito da Operação Hórus e Programa VIGIA
conjunta	ADJ	0	87	4	PF , em ação conjunta , apreende duas menores com haxixe em ônibus na BR277 no âmbito da Operação Hórus e Programa VIGIA
,	PUNCT	0	87	5	PF , em ação conjunta , apreende duas menores com haxixe em ônibus na BR277 no âmbito da Operação Hórus e Programa VIGIA
apreende	VERB	1	87	6	PF , em ação conjunta , apreende duas menores com haxixe em ônibus na BR277 no âmbito da Operação Hórus e Programa VIGIA
duas	NUM	0	87	7	PF , em ação conjunta , apreende duas menores com haxixe em ônibus na BR277 no âmbito da Operação Hórus e Programa VIGIA
menores	NOUN	0	87	8	PF , em ação conjunta , apreende duas menores com haxixe em ônibus na BR277 no âmbito da Operação Hórus e Programa VIGIA
com	ADP	0	87	9	PF , em ação conjunta , apreende duas menores com haxixe em ônibus na BR277 no âmbito da Operação Hórus e Programa VIGIA
haxixe	NOUN	1	87	10	PF , em ação conjunta , apreende duas menores com haxixe em ônibus na BR277 no âmbito da Operação Hórus e Programa VIGIA
em	ADP	0	87	11	PF , em ação conjunta , apreende duas menores com haxixe em ônibus na BR277 no âmbito da Operação Hórus e Programa VIGIA
ônibus	NOUN	0	87	12	PF , em ação conjunta , apreende duas menores com haxixe em ônibus na BR277 no âmbito da Operação Hórus e Programa VIGIA
na	ADP	0	87	13	PF , em ação conjunta , apreende duas menores com haxixe em ônibus na BR277 no âmbito da Operação Hórus e Programa VIGIA
BR277	NOUN	1	87	14	PF , em ação conjunta , apreende duas menores com haxixe em ônibus na BR277 no âmbito da Operação Hórus e Programa VIGIA
no	ADP	0	87	15	PF , em ação conjunta , apreende duas menores com haxixe em ônibus na BR277 no âmbito da Operação Hórus e Programa VIGIA
âmbito	NOUN	0	87	16	PF , em ação conjunta , apreende duas menores com haxixe em ônibus na BR277 no âmbito da Operação Hórus e Programa VIGIA
da	ADP	0	87	17	PF , em ação conjunta , apreende duas menores com haxixe em ônibus na BR277 no âmbito da Operação Hórus e Programa VIGIA
Operação	PROPN	0	87	18	PF , em ação conjunta , apreende duas menores com haxixe em ônibus na BR277 no âmbito da Operação Hórus e Programa VIGIA
Hórus	PROPN	1	87	19	PF , em ação conjunta , apreende duas menores com haxixe em ônibus na BR277 no âmbito da Operação Hórus e Programa VIGIA
e	CCONJ	0	87	20	PF , em ação conjunta , apreende duas menores com haxixe em ônibus na BR277 no âmbito da Operação Hórus e Programa VIGIA
Programa	PROPN	0	87	21	PF , em ação conjunta , apreende duas menores com haxixe em ônibus na BR277 no âmbito da Operação Hórus e Programa VIGIA
VIGIA	PROPN	1	87	22	PF , em ação conjunta , apreende duas menores com haxixe em ônibus na BR277 no âmbito da Operação Hórus e Programa VIGIA
Operação	PROPN	0	88	0	Operação Resgate liberta mais de 100 trabalhadores em condições análogas à escravidão
Resgate	PROPN	1	88	1	Operação Resgate liberta mais de 100 trabalhadores em condições análogas à escravidão
liberta	VERB	1	88	2	Operação Resgate liberta mais de 100 trabalhadores em condições análogas à escravidão
mais	ADV	0	88	3	Operação Resgate liberta mais de 100 trabalhadores em condições análogas à escravidão
de	ADP	0	88	4	Operação Resgate liberta mais de 100 trabalhadores em condições análogas à escravidão
100	NUM	0	88	5	Operação Resgate liberta mais de 100 trabalhadores em condições análogas à escravidão
trabalhadores	NOUN	0	88	6	Operação Resgate liberta mais de 100 trabalhadores em condições análogas à escravidão
em	ADP	0	88	7	Operação Resgate liberta mais de 100 trabalhadores em condições análogas à escravidão
condições	NOUN	0	88	8	Operação Resgate liberta mais de 100 trabalhadores em condições análogas à escravidão
análogas	ADJ	1	88	9	Operação Resgate liberta mais de 100 trabalhadores em condições análogas à escravidão
à	ADP	0	88	10	Operação Resgate liberta mais de 100 trabalhadores em condições análogas à escravidão
escravidão	NOUN	0	88	11	Operação Resgate liberta mais de 100 trabalhadores em condições análogas à escravidão
PF	PROPN	1	89	0	PF e PM combatem organização criminosa especializada em roubo a bancos
e	CCONJ	0	89	1	PF e PM combatem organização criminosa especializada em roubo a bancos
PM	PROPN	0	89	2	PF e PM combatem organização criminosa especializada em roubo a bancos
combatem	VERB	1	89	3	PF e PM combatem organização criminosa especializada em roubo a bancos
organização	NOUN	0	89	4	PF e PM combatem organização criminosa especializada em roubo a bancos
criminosa	ADJ	1	89	5	PF e PM combatem organização criminosa especializada em roubo a bancos
especializada	VERB	0	89	6	PF e PM combatem organização criminosa especializada em roubo a bancos
em	ADP	0	89	7	PF e PM combatem organização criminosa especializada em roubo a bancos
roubo	NOUN	0	89	8	PF e PM combatem organização criminosa especializada em roubo a bancos
a	ADP	0	89	9	PF e PM combatem organização criminosa especializada em roubo a bancos
bancos	NOUN	0	89	10	PF e PM combatem organização criminosa especializada em roubo a bancos
PF	PROPN	1	90	0	PF combate venda e produção caseira de armas de fogo em Minas Gerais
combate	VERB	0	90	1	PF combate venda e produção caseira de armas de fogo em Minas Gerais
venda	NOUN	0	90	2	PF combate venda e produção caseira de armas de fogo em Minas Gerais
e	CCONJ	0	90	3	PF combate venda e produção caseira de armas de fogo em Minas Gerais
produção	NOUN	0	90	4	PF combate venda e produção caseira de armas de fogo em Minas Gerais
caseira	ADJ	1	90	5	PF combate venda e produção caseira de armas de fogo em Minas Gerais
de	ADP	0	90	6	PF combate venda e produção caseira de armas de fogo em Minas Gerais
armas	NOUN	0	90	7	PF combate venda e produção caseira de armas de fogo em Minas Gerais
de	ADP	0	90	8	PF combate venda e produção caseira de armas de fogo em Minas Gerais
fogo	NOUN	0	90	9	PF combate venda e produção caseira de armas de fogo em Minas Gerais
em	ADP	0	90	10	PF combate venda e produção caseira de armas de fogo em Minas Gerais
Minas	PROPN	0	90	11	PF combate venda e produção caseira de armas de fogo em Minas Gerais
Gerais	PROPN	0	90	12	PF combate venda e produção caseira de armas de fogo em Minas Gerais
PF	PROPN	1	91	0	PF e BPFRON apreendem maconha especial
e	CCONJ	0	91	1	PF e BPFRON apreendem maconha especial
BPFRON	PROPN	1	91	2	PF e BPFRON apreendem maconha especial
apreendem	VERB	1	91	3	PF e BPFRON apreendem maconha especial
maconha	NOUN	1	91	4	PF e BPFRON apreendem maconha especial
especial	ADJ	0	91	5	PF e BPFRON apreendem maconha especial
Polícia	PROPN	0	92	0	Polícia Federal realiza maior apreensão de maconha do ano em Pernambuco
Federal	PROPN	0	92	1	Polícia Federal realiza maior apreensão de maconha do ano em Pernambuco
realiza	VERB	0	92	2	Polícia Federal realiza maior apreensão de maconha do ano em Pernambuco
maior	ADJ	0	92	3	Polícia Federal realiza maior apreensão de maconha do ano em Pernambuco
apreensão	NOUN	1	92	4	Polícia Federal realiza maior apreensão de maconha do ano em Pernambuco
de	ADP	0	92	5	Polícia Federal realiza maior apreensão de maconha do ano em Pernambuco
maconha	NOUN	1	92	6	Polícia Federal realiza maior apreensão de maconha do ano em Pernambuco
do	ADP	0	92	7	Polícia Federal realiza maior apreensão de maconha do ano em Pernambuco
ano	NOUN	0	92	8	Polícia Federal realiza maior apreensão de maconha do ano em Pernambuco
em	ADP	0	92	9	Polícia Federal realiza maior apreensão de maconha do ano em Pernambuco
Pernambuco	PROPN	0	92	10	Polícia Federal realiza maior apreensão de maconha do ano em Pernambuco
PF	PROPN	1	93	0	PF deflagra a segunda fase da Operação Voto Livre
deflagra	VERB	1	93	1	PF deflagra a segunda fase da Operação Voto Livre
a	DET	0	93	2	PF deflagra a segunda fase da Operação Voto Livre
segunda	ADJ	0	93	3	PF deflagra a segunda fase da Operação Voto Livre
fase	NOUN	0	93	4	PF deflagra a segunda fase da Operação Voto Livre
da	ADP	0	93	5	PF deflagra a segunda fase da Operação Voto Livre
Operação	PROPN	0	93	6	PF deflagra a segunda fase da Operação Voto Livre
Voto	PROPN	1	93	7	PF deflagra a segunda fase da Operação Voto Livre
Livre	PROPN	0	93	8	PF deflagra a segunda fase da Operação Voto Livre
PF	PROPN	1	94	0	PF combate o crime de moeda falsa no Espírito Santo
combate	VERB	0	94	1	PF combate o crime de moeda falsa no Espírito Santo
o	DET	0	94	2	PF combate o crime de moeda falsa no Espírito Santo
crime	NOUN	0	94	3	PF combate o crime de moeda falsa no Espírito Santo
de	ADP	0	94	4	PF combate o crime de moeda falsa no Espírito Santo
moeda	NOUN	0	94	5	PF combate o crime de moeda falsa no Espírito Santo
falsa	ADJ	0	94	6	PF combate o crime de moeda falsa no Espírito Santo
no	ADP	0	94	7	PF combate o crime de moeda falsa no Espírito Santo
Espírito	PROPN	0	94	8	PF combate o crime de moeda falsa no Espírito Santo
Santo	PROPN	0	94	9	PF combate o crime de moeda falsa no Espírito Santo
Polícia	PROPN	0	95	0	Polícia Federal combate fraude a licitações no Acre
Federal	PROPN	0	95	1	Polícia Federal combate fraude a licitações no Acre
combate	VERB	0	95	2	Polícia Federal combate fraude a licitações no Acre
fraude	NOUN	0	95	3	Polícia Federal combate fraude a licitações no Acre
a	ADP	0	95	4	Polícia Federal combate fraude a licitações no Acre
licitações	NOUN	1	95	5	Polícia Federal combate fraude a licitações no Acre
no	ADP	0	95	6	Polícia Federal combate fraude a licitações no Acre
Acre	PROPN	0	95	7	Polícia Federal combate fraude a licitações no Acre
PF	PROPN	1	96	0	PF deflagra a Operação Overweight para combater o tráfico internacional de drogas em São Paulo
deflagra	VERB	1	96	1	PF deflagra a Operação Overweight para combater o tráfico internacional de drogas em São Paulo
a	DET	0	96	2	PF deflagra a Operação Overweight para combater o tráfico internacional de drogas em São Paulo
Operação	PROPN	0	96	3	PF deflagra a Operação Overweight para combater o tráfico internacional de drogas em São Paulo
Overweight	PROPN	1	96	4	PF deflagra a Operação Overweight para combater o tráfico internacional de drogas em São Paulo
para	SCONJ	0	96	5	PF deflagra a Operação Overweight para combater o tráfico internacional de drogas em São Paulo
combater	VERB	0	96	6	PF deflagra a Operação Overweight para combater o tráfico internacional de drogas em São Paulo
o	DET	0	96	7	PF deflagra a Operação Overweight para combater o tráfico internacional de drogas em São Paulo
tráfico	NOUN	0	96	8	PF deflagra a Operação Overweight para combater o tráfico internacional de drogas em São Paulo
internacional	ADJ	0	96	9	PF deflagra a Operação Overweight para combater o tráfico internacional de drogas em São Paulo
de	ADP	0	96	10	PF deflagra a Operação Overweight para combater o tráfico internacional de drogas em São Paulo
drogas	NOUN	0	96	11	PF deflagra a Operação Overweight para combater o tráfico internacional de drogas em São Paulo
em	ADP	0	96	12	PF deflagra a Operação Overweight para combater o tráfico internacional de drogas em São Paulo
São	PROPN	0	96	13	PF deflagra a Operação Overweight para combater o tráfico internacional de drogas em São Paulo
Paulo	PROPN	0	96	14	PF deflagra a Operação Overweight para combater o tráfico internacional de drogas em São Paulo
PF	PROPN	1	97	0	PF , em cooperação com autoridades bolivianas , viabiliza libertação de brasileira na Bolívia
,	PUNCT	0	97	1	PF , em cooperação com autoridades bolivianas , viabiliza libertação de brasileira na Bolívia
em	ADP	0	97	2	PF , em cooperação com autoridades bolivianas , viabiliza libertação de brasileira na Bolívia
cooperação	NOUN	0	97	3	PF , em cooperação com autoridades bolivianas , viabiliza libertação de brasileira na Bolívia
com	ADP	0	97	4	PF , em cooperação com autoridades bolivianas , viabiliza libertação de brasileira na Bolívia
autoridades	NOUN	0	97	5	PF , em cooperação com autoridades bolivianas , viabiliza libertação de brasileira na Bolívia
bolivianas	ADJ	1	97	6	PF , em cooperação com autoridades bolivianas , viabiliza libertação de brasileira na Bolívia
,	PUNCT	0	97	7	PF , em cooperação com autoridades bolivianas , viabiliza libertação de brasileira na Bolívia
viabiliza	VERB	1	97	8	PF , em cooperação com autoridades bolivianas , viabiliza libertação de brasileira na Bolívia
libertação	NOUN	0	97	9	PF , em cooperação com autoridades bolivianas , viabiliza libertação de brasileira na Bolívia
de	ADP	0	97	10	PF , em cooperação com autoridades bolivianas , viabiliza libertação de brasileira na Bolívia
brasileira	NOUN	0	97	11	PF , em cooperação com autoridades bolivianas , viabiliza libertação de brasileira na Bolívia
na	ADP	0	97	12	PF , em cooperação com autoridades bolivianas , viabiliza libertação de brasileira na Bolívia
Bolívia	PROPN	0	97	13	PF , em cooperação com autoridades bolivianas , viabiliza libertação de brasileira na Bolívia
PF	PROPN	1	98	0	PF apreende mais de 12 kg de cocaína
apreende	VERB	1	98	1	PF apreende mais de 12 kg de cocaína
mais	ADV	0	98	2	PF apreende mais de 12 kg de cocaína
de	ADP	0	98	3	PF apreende mais de 12 kg de cocaína
12	NUM	0	98	4	PF apreende mais de 12 kg de cocaína
kg	NOUN	0	98	5	PF apreende mais de 12 kg de cocaína
de	ADP	0	98	6	PF apreende mais de 12 kg de cocaína
cocaína	NOUN	1	98	7	PF apreende mais de 12 kg de cocaína
Polícia	PROPN	0	99	0	Polícia Federal entrega ao Museu Oscar Niemeyer obras apreendidas na Operação Vernissage
Federal	PROPN	0	99	1	Polícia Federal entrega ao Museu Oscar Niemeyer obras apreendidas na Operação Vernissage
entrega	VERB	0	99	2	Polícia Federal entrega ao Museu Oscar Niemeyer obras apreendidas na Operação Vernissage
ao	ADP	0	99	3	Polícia Federal entrega ao Museu Oscar Niemeyer obras apreendidas na Operação Vernissage
Museu	PROPN	0	99	4	Polícia Federal entrega ao Museu Oscar Niemeyer obras apreendidas na Operação Vernissage
Oscar	PROPN	0	99	5	Polícia Federal entrega ao Museu Oscar Niemeyer obras apreendidas na Operação Vernissage
Niemeyer	PROPN	1	99	6	Polícia Federal entrega ao Museu Oscar Niemeyer obras apreendidas na Operação Vernissage
obras	NOUN	0	99	7	Polícia Federal entrega ao Museu Oscar Niemeyer obras apreendidas na Operação Vernissage
apreendidas	VERB	1	99	8	Polícia Federal entrega ao Museu Oscar Niemeyer obras apreendidas na Operação Vernissage
na	ADP	0	99	9	Polícia Federal entrega ao Museu Oscar Niemeyer obras apreendidas na Operação Vernissage
Operação	PROPN	0	99	10	Polícia Federal entrega ao Museu Oscar Niemeyer obras apreendidas na Operação Vernissage
Vernissage	PROPN	1	99	11	Polícia Federal entrega ao Museu Oscar Niemeyer obras apreendidas na Operação Vernissage
PF	PROPN	1	100	0	PF prende argentino procurado pela Interpol no Rio de Janeiro
prende	VERB	1	100	1	PF prende argentino procurado pela Interpol no Rio de Janeiro
argentino	NOUN	0	100	2	PF prende argentino procurado pela Interpol no Rio de Janeiro
procurado	VERB	0	100	3	PF prende argentino procurado pela Interpol no Rio de Janeiro
pela	ADP	0	100	4	PF prende argentino procurado pela Interpol no Rio de Janeiro
Interpol	PROPN	1	100	5	PF prende argentino procurado pela Interpol no Rio de Janeiro
no	ADP	0	100	6	PF prende argentino procurado pela Interpol no Rio de Janeiro
Rio	PROPN	0	100	7	PF prende argentino procurado pela Interpol no Rio de Janeiro
de	ADP	0	100	8	PF prende argentino procurado pela Interpol no Rio de Janeiro
Janeiro	PROPN	0	100	9	PF prende argentino procurado pela Interpol no Rio de Janeiro
PF	PROPN	1	101	0	PF e BPFRON apreendem carga 250 kg de agrotóxicos em Terra Roxa PR
e	CCONJ	0	101	1	PF e BPFRON apreendem carga 250 kg de agrotóxicos em Terra Roxa PR
BPFRON	PROPN	1	101	2	PF e BPFRON apreendem carga 250 kg de agrotóxicos em Terra Roxa PR
apreendem	VERB	1	101	3	PF e BPFRON apreendem carga 250 kg de agrotóxicos em Terra Roxa PR
carga	NOUN	0	101	4	PF e BPFRON apreendem carga 250 kg de agrotóxicos em Terra Roxa PR
250	NUM	0	101	5	PF e BPFRON apreendem carga 250 kg de agrotóxicos em Terra Roxa PR
kg	NOUN	0	101	6	PF e BPFRON apreendem carga 250 kg de agrotóxicos em Terra Roxa PR
de	ADP	0	101	7	PF e BPFRON apreendem carga 250 kg de agrotóxicos em Terra Roxa PR
agrotóxicos	NOUN	1	101	8	PF e BPFRON apreendem carga 250 kg de agrotóxicos em Terra Roxa PR
em	ADP	0	101	9	PF e BPFRON apreendem carga 250 kg de agrotóxicos em Terra Roxa PR
Terra	PROPN	0	101	10	PF e BPFRON apreendem carga 250 kg de agrotóxicos em Terra Roxa PR
Roxa	PROPN	1	101	11	PF e BPFRON apreendem carga 250 kg de agrotóxicos em Terra Roxa PR
PR	PROPN	0	101	12	PF e BPFRON apreendem carga 250 kg de agrotóxicos em Terra Roxa PR
PF	PROPN	1	102	0	PF cumpre mandados de prisão de foragidos da justiça que prestaram o Enem
cumpre	VERB	1	102	1	PF cumpre mandados de prisão de foragidos da justiça que prestaram o Enem
mandados	NOUN	1	102	2	PF cumpre mandados de prisão de foragidos da justiça que prestaram o Enem
de	ADP	0	102	3	PF cumpre mandados de prisão de foragidos da justiça que prestaram o Enem
prisão	NOUN	0	102	4	PF cumpre mandados de prisão de foragidos da justiça que prestaram o Enem
de	ADP	0	102	5	PF cumpre mandados de prisão de foragidos da justiça que prestaram o Enem
foragidos	NOUN	1	102	6	PF cumpre mandados de prisão de foragidos da justiça que prestaram o Enem
da	ADP	0	102	7	PF cumpre mandados de prisão de foragidos da justiça que prestaram o Enem
justiça	NOUN	0	102	8	PF cumpre mandados de prisão de foragidos da justiça que prestaram o Enem
que	PRON	0	102	9	PF cumpre mandados de prisão de foragidos da justiça que prestaram o Enem
prestaram	VERB	1	102	10	PF cumpre mandados de prisão de foragidos da justiça que prestaram o Enem
o	DET	0	102	11	PF cumpre mandados de prisão de foragidos da justiça que prestaram o Enem
Enem	PROPN	1	102	12	PF cumpre mandados de prisão de foragidos da justiça que prestaram o Enem
PF	PROPN	1	103	0	PF investiga desvios de recursos públicos destinados ao combate da Covid - 19 no Piauí
investiga	VERB	1	103	1	PF investiga desvios de recursos públicos destinados ao combate da Covid - 19 no Piauí
desvios	NOUN	1	103	2	PF investiga desvios de recursos públicos destinados ao combate da Covid - 19 no Piauí
de	ADP	0	103	3	PF investiga desvios de recursos públicos destinados ao combate da Covid - 19 no Piauí
recursos	NOUN	0	103	4	PF investiga desvios de recursos públicos destinados ao combate da Covid - 19 no Piauí
públicos	ADJ	0	103	5	PF investiga desvios de recursos públicos destinados ao combate da Covid - 19 no Piauí
destinados	VERB	0	103	6	PF investiga desvios de recursos públicos destinados ao combate da Covid - 19 no Piauí
ao	ADP	0	103	7	PF investiga desvios de recursos públicos destinados ao combate da Covid - 19 no Piauí
combate	NOUN	0	103	8	PF investiga desvios de recursos públicos destinados ao combate da Covid - 19 no Piauí
da	ADP	0	103	9	PF investiga desvios de recursos públicos destinados ao combate da Covid - 19 no Piauí
Covid	PROPN	1	103	10	PF investiga desvios de recursos públicos destinados ao combate da Covid - 19 no Piauí
-	PUNCT	0	103	11	PF investiga desvios de recursos públicos destinados ao combate da Covid - 19 no Piauí
19	NUM	0	103	12	PF investiga desvios de recursos públicos destinados ao combate da Covid - 19 no Piauí
no	ADP	0	103	13	PF investiga desvios de recursos públicos destinados ao combate da Covid - 19 no Piauí
Piauí	PROPN	0	103	14	PF investiga desvios de recursos públicos destinados ao combate da Covid - 19 no Piauí
Polícia	PROPN	0	104	0	Polícia Federal deflagra 79 Fase da Operação Lava Jato Operação Vernissage
Federal	PROPN	0	104	1	Polícia Federal deflagra 79 Fase da Operação Lava Jato Operação Vernissage
deflagra	VERB	1	104	2	Polícia Federal deflagra 79 Fase da Operação Lava Jato Operação Vernissage
79	NUM	0	104	3	Polícia Federal deflagra 79 Fase da Operação Lava Jato Operação Vernissage
Fase	PROPN	0	104	4	Polícia Federal deflagra 79 Fase da Operação Lava Jato Operação Vernissage
da	ADP	0	104	5	Polícia Federal deflagra 79 Fase da Operação Lava Jato Operação Vernissage
Operação	NOUN	0	104	6	Polícia Federal deflagra 79 Fase da Operação Lava Jato Operação Vernissage
Lava	PROPN	0	104	7	Polícia Federal deflagra 79 Fase da Operação Lava Jato Operação Vernissage
Jato	PROPN	0	104	8	Polícia Federal deflagra 79 Fase da Operação Lava Jato Operação Vernissage
Operação	PROPN	0	104	9	Polícia Federal deflagra 79 Fase da Operação Lava Jato Operação Vernissage
Vernissage	PROPN	1	104	10	Polícia Federal deflagra 79 Fase da Operação Lava Jato Operação Vernissage
PF	PROPN	1	105	0	PF combate lavagem de dinheiro no Distrito Federal e em Goiás
combate	VERB	0	105	1	PF combate lavagem de dinheiro no Distrito Federal e em Goiás
lavagem	NOUN	0	105	2	PF combate lavagem de dinheiro no Distrito Federal e em Goiás
de	ADP	0	105	3	PF combate lavagem de dinheiro no Distrito Federal e em Goiás
dinheiro	NOUN	0	105	4	PF combate lavagem de dinheiro no Distrito Federal e em Goiás
no	ADP	0	105	5	PF combate lavagem de dinheiro no Distrito Federal e em Goiás
Distrito	PROPN	0	105	6	PF combate lavagem de dinheiro no Distrito Federal e em Goiás
Federal	PROPN	0	105	7	PF combate lavagem de dinheiro no Distrito Federal e em Goiás
e	CCONJ	0	105	8	PF combate lavagem de dinheiro no Distrito Federal e em Goiás
em	ADP	0	105	9	PF combate lavagem de dinheiro no Distrito Federal e em Goiás
Goiás	PROPN	0	105	10	PF combate lavagem de dinheiro no Distrito Federal e em Goiás
PF	PROPN	1	106	0	PF encontra diversos animais nativos em bagagem de passageiro que pretendia embarcar em voo para a Rússia
encontra	VERB	0	106	1	PF encontra diversos animais nativos em bagagem de passageiro que pretendia embarcar em voo para a Rússia
diversos	DET	0	106	2	PF encontra diversos animais nativos em bagagem de passageiro que pretendia embarcar em voo para a Rússia
animais	NOUN	0	106	3	PF encontra diversos animais nativos em bagagem de passageiro que pretendia embarcar em voo para a Rússia
nativos	ADJ	0	106	4	PF encontra diversos animais nativos em bagagem de passageiro que pretendia embarcar em voo para a Rússia
em	ADP	0	106	5	PF encontra diversos animais nativos em bagagem de passageiro que pretendia embarcar em voo para a Rússia
bagagem	NOUN	1	106	6	PF encontra diversos animais nativos em bagagem de passageiro que pretendia embarcar em voo para a Rússia
de	ADP	0	106	7	PF encontra diversos animais nativos em bagagem de passageiro que pretendia embarcar em voo para a Rússia
passageiro	NOUN	1	106	8	PF encontra diversos animais nativos em bagagem de passageiro que pretendia embarcar em voo para a Rússia
que	PRON	0	106	9	PF encontra diversos animais nativos em bagagem de passageiro que pretendia embarcar em voo para a Rússia
pretendia	VERB	0	106	10	PF encontra diversos animais nativos em bagagem de passageiro que pretendia embarcar em voo para a Rússia
embarcar	VERB	1	106	11	PF encontra diversos animais nativos em bagagem de passageiro que pretendia embarcar em voo para a Rússia
em	ADP	0	106	12	PF encontra diversos animais nativos em bagagem de passageiro que pretendia embarcar em voo para a Rússia
voo	NOUN	0	106	13	PF encontra diversos animais nativos em bagagem de passageiro que pretendia embarcar em voo para a Rússia
para	ADP	0	106	14	PF encontra diversos animais nativos em bagagem de passageiro que pretendia embarcar em voo para a Rússia
a	DET	0	106	15	PF encontra diversos animais nativos em bagagem de passageiro que pretendia embarcar em voo para a Rússia
Rússia	PROPN	0	106	16	PF encontra diversos animais nativos em bagagem de passageiro que pretendia embarcar em voo para a Rússia
Polícia	PROPN	0	107	0	Polícia Federal prende foragido internacional no Aeroporto de Guarulhos
Federal	PROPN	0	107	1	Polícia Federal prende foragido internacional no Aeroporto de Guarulhos
prende	VERB	1	107	2	Polícia Federal prende foragido internacional no Aeroporto de Guarulhos
foragido	ADJ	1	107	3	Polícia Federal prende foragido internacional no Aeroporto de Guarulhos
internacional	ADJ	0	107	4	Polícia Federal prende foragido internacional no Aeroporto de Guarulhos
no	ADP	0	107	5	Polícia Federal prende foragido internacional no Aeroporto de Guarulhos
Aeroporto	PROPN	0	107	6	Polícia Federal prende foragido internacional no Aeroporto de Guarulhos
de	ADP	0	107	7	Polícia Federal prende foragido internacional no Aeroporto de Guarulhos
Guarulhos	PROPN	1	107	8	Polícia Federal prende foragido internacional no Aeroporto de Guarulhos
PF	PROPN	1	108	0	PF incinera 5 , 5 toneladas de drogas apreendidas no Porto de Santos
incinera	VERB	1	108	1	PF incinera 5 , 5 toneladas de drogas apreendidas no Porto de Santos
5	NUM	0	108	2	PF incinera 5 , 5 toneladas de drogas apreendidas no Porto de Santos
,	PUNCT	0	108	3	PF incinera 5 , 5 toneladas de drogas apreendidas no Porto de Santos
5	NUM	0	108	4	PF incinera 5 , 5 toneladas de drogas apreendidas no Porto de Santos
toneladas	NOUN	0	108	5	PF incinera 5 , 5 toneladas de drogas apreendidas no Porto de Santos
de	ADP	0	108	6	PF incinera 5 , 5 toneladas de drogas apreendidas no Porto de Santos
drogas	NOUN	0	108	7	PF incinera 5 , 5 toneladas de drogas apreendidas no Porto de Santos
apreendidas	VERB	1	108	8	PF incinera 5 , 5 toneladas de drogas apreendidas no Porto de Santos
no	ADP	0	108	9	PF incinera 5 , 5 toneladas de drogas apreendidas no Porto de Santos
Porto	PROPN	0	108	10	PF incinera 5 , 5 toneladas de drogas apreendidas no Porto de Santos
de	ADP	0	108	11	PF incinera 5 , 5 toneladas de drogas apreendidas no Porto de Santos
Santos	PROPN	0	108	12	PF incinera 5 , 5 toneladas de drogas apreendidas no Porto de Santos
PF	PROPN	1	109	0	PF prende duas pessoas por comércio ilegal de armas de fogo em Roraima
prende	VERB	1	109	1	PF prende duas pessoas por comércio ilegal de armas de fogo em Roraima
duas	NUM	0	109	2	PF prende duas pessoas por comércio ilegal de armas de fogo em Roraima
pessoas	NOUN	0	109	3	PF prende duas pessoas por comércio ilegal de armas de fogo em Roraima
por	ADP	0	109	4	PF prende duas pessoas por comércio ilegal de armas de fogo em Roraima
comércio	NOUN	0	109	5	PF prende duas pessoas por comércio ilegal de armas de fogo em Roraima
ilegal	ADJ	0	109	6	PF prende duas pessoas por comércio ilegal de armas de fogo em Roraima
de	ADP	0	109	7	PF prende duas pessoas por comércio ilegal de armas de fogo em Roraima
armas	NOUN	0	109	8	PF prende duas pessoas por comércio ilegal de armas de fogo em Roraima
de	ADP	0	109	9	PF prende duas pessoas por comércio ilegal de armas de fogo em Roraima
fogo	NOUN	0	109	10	PF prende duas pessoas por comércio ilegal de armas de fogo em Roraima
em	ADP	0	109	11	PF prende duas pessoas por comércio ilegal de armas de fogo em Roraima
Roraima	PROPN	0	109	12	PF prende duas pessoas por comércio ilegal de armas de fogo em Roraima
PF	PROPN	1	110	0	PF prende suspeito de assaltos a agências dos Correios no Espírito Santo
prende	VERB	1	110	1	PF prende suspeito de assaltos a agências dos Correios no Espírito Santo
suspeito	NOUN	0	110	2	PF prende suspeito de assaltos a agências dos Correios no Espírito Santo
de	ADP	0	110	3	PF prende suspeito de assaltos a agências dos Correios no Espírito Santo
assaltos	NOUN	1	110	4	PF prende suspeito de assaltos a agências dos Correios no Espírito Santo
a	ADP	0	110	5	PF prende suspeito de assaltos a agências dos Correios no Espírito Santo
agências	NOUN	0	110	6	PF prende suspeito de assaltos a agências dos Correios no Espírito Santo
dos	ADP	0	110	7	PF prende suspeito de assaltos a agências dos Correios no Espírito Santo
Correios	PROPN	1	110	8	PF prende suspeito de assaltos a agências dos Correios no Espírito Santo
no	ADP	0	110	9	PF prende suspeito de assaltos a agências dos Correios no Espírito Santo
Espírito	PROPN	0	110	10	PF prende suspeito de assaltos a agências dos Correios no Espírito Santo
Santo	PROPN	0	110	11	PF prende suspeito de assaltos a agências dos Correios no Espírito Santo
PF	PROPN	1	111	0	PF identifica 409 crimes durante apurações da Operação Cai - Cai
identifica	VERB	0	111	1	PF identifica 409 crimes durante apurações da Operação Cai - Cai
409	NUM	1	111	2	PF identifica 409 crimes durante apurações da Operação Cai - Cai
crimes	NOUN	0	111	3	PF identifica 409 crimes durante apurações da Operação Cai - Cai
durante	ADP	0	111	4	PF identifica 409 crimes durante apurações da Operação Cai - Cai
apurações	NOUN	1	111	5	PF identifica 409 crimes durante apurações da Operação Cai - Cai
da	ADP	0	111	6	PF identifica 409 crimes durante apurações da Operação Cai - Cai
Operação	PROPN	0	111	7	PF identifica 409 crimes durante apurações da Operação Cai - Cai
Cai	PROPN	1	111	8	PF identifica 409 crimes durante apurações da Operação Cai - Cai
-	PUNCT	0	111	9	PF identifica 409 crimes durante apurações da Operação Cai - Cai
Cai	VERB	1	111	10	PF identifica 409 crimes durante apurações da Operação Cai - Cai
PF	PROPN	1	112	0	PF atua em invasão à plataforma de petróleo em Angra RJ
atua	VERB	0	112	1	PF atua em invasão à plataforma de petróleo em Angra RJ
em	ADP	0	112	2	PF atua em invasão à plataforma de petróleo em Angra RJ
invasão	NOUN	0	112	3	PF atua em invasão à plataforma de petróleo em Angra RJ
à	ADP	0	112	4	PF atua em invasão à plataforma de petróleo em Angra RJ
plataforma	NOUN	0	112	5	PF atua em invasão à plataforma de petróleo em Angra RJ
de	ADP	0	112	6	PF atua em invasão à plataforma de petróleo em Angra RJ
petróleo	NOUN	0	112	7	PF atua em invasão à plataforma de petróleo em Angra RJ
em	ADP	0	112	8	PF atua em invasão à plataforma de petróleo em Angra RJ
Angra	PROPN	0	112	9	PF atua em invasão à plataforma de petróleo em Angra RJ
RJ	PROPN	0	112	10	PF atua em invasão à plataforma de petróleo em Angra RJ
Polícia	PROPN	0	113	0	Polícia Federal apreende carga de agrotóxicos contrabandeados e arma de fogo durante Operação Hórus em Cascavel - PR
Federal	PROPN	0	113	1	Polícia Federal apreende carga de agrotóxicos contrabandeados e arma de fogo durante Operação Hórus em Cascavel - PR
apreende	VERB	1	113	2	Polícia Federal apreende carga de agrotóxicos contrabandeados e arma de fogo durante Operação Hórus em Cascavel - PR
carga	NOUN	0	113	3	Polícia Federal apreende carga de agrotóxicos contrabandeados e arma de fogo durante Operação Hórus em Cascavel - PR
de	ADP	0	113	4	Polícia Federal apreende carga de agrotóxicos contrabandeados e arma de fogo durante Operação Hórus em Cascavel - PR
agrotóxicos	NOUN	1	113	5	Polícia Federal apreende carga de agrotóxicos contrabandeados e arma de fogo durante Operação Hórus em Cascavel - PR
contrabandeados	VERB	1	113	6	Polícia Federal apreende carga de agrotóxicos contrabandeados e arma de fogo durante Operação Hórus em Cascavel - PR
e	CCONJ	0	113	7	Polícia Federal apreende carga de agrotóxicos contrabandeados e arma de fogo durante Operação Hórus em Cascavel - PR
arma	NOUN	0	113	8	Polícia Federal apreende carga de agrotóxicos contrabandeados e arma de fogo durante Operação Hórus em Cascavel - PR
de	ADP	0	113	9	Polícia Federal apreende carga de agrotóxicos contrabandeados e arma de fogo durante Operação Hórus em Cascavel - PR
fogo	NOUN	0	113	10	Polícia Federal apreende carga de agrotóxicos contrabandeados e arma de fogo durante Operação Hórus em Cascavel - PR
durante	ADP	0	113	11	Polícia Federal apreende carga de agrotóxicos contrabandeados e arma de fogo durante Operação Hórus em Cascavel - PR
Operação	PROPN	0	113	12	Polícia Federal apreende carga de agrotóxicos contrabandeados e arma de fogo durante Operação Hórus em Cascavel - PR
Hórus	PROPN	1	113	13	Polícia Federal apreende carga de agrotóxicos contrabandeados e arma de fogo durante Operação Hórus em Cascavel - PR
em	ADP	0	113	14	Polícia Federal apreende carga de agrotóxicos contrabandeados e arma de fogo durante Operação Hórus em Cascavel - PR
Cascavel	PROPN	1	113	15	Polícia Federal apreende carga de agrotóxicos contrabandeados e arma de fogo durante Operação Hórus em Cascavel - PR
-	PUNCT	0	113	16	Polícia Federal apreende carga de agrotóxicos contrabandeados e arma de fogo durante Operação Hórus em Cascavel - PR
PR	PROPN	0	113	17	Polícia Federal apreende carga de agrotóxicos contrabandeados e arma de fogo durante Operação Hórus em Cascavel - PR
Polícia	PROPN	0	114	0	Polícia Federal combate crime de moeda falsa no Rio Grande do Sul
Federal	PROPN	0	114	1	Polícia Federal combate crime de moeda falsa no Rio Grande do Sul
combate	VERB	0	114	2	Polícia Federal combate crime de moeda falsa no Rio Grande do Sul
crime	NOUN	0	114	3	Polícia Federal combate crime de moeda falsa no Rio Grande do Sul
de	ADP	0	114	4	Polícia Federal combate crime de moeda falsa no Rio Grande do Sul
moeda	NOUN	0	114	5	Polícia Federal combate crime de moeda falsa no Rio Grande do Sul
falsa	ADJ	0	114	6	Polícia Federal combate crime de moeda falsa no Rio Grande do Sul
no	ADP	0	114	7	Polícia Federal combate crime de moeda falsa no Rio Grande do Sul
Rio	PROPN	0	114	8	Polícia Federal combate crime de moeda falsa no Rio Grande do Sul
Grande	PROPN	0	114	9	Polícia Federal combate crime de moeda falsa no Rio Grande do Sul
do	ADP	0	114	10	Polícia Federal combate crime de moeda falsa no Rio Grande do Sul
Sul	PROPN	0	114	11	Polícia Federal combate crime de moeda falsa no Rio Grande do Sul
PF	PROPN	1	115	0	PF apreende 25 mil micropontos da droga sintética NBOH em Varginha MG
apreende	VERB	1	115	1	PF apreende 25 mil micropontos da droga sintética NBOH em Varginha MG
25	NUM	0	115	2	PF apreende 25 mil micropontos da droga sintética NBOH em Varginha MG
mil	NUM	0	115	3	PF apreende 25 mil micropontos da droga sintética NBOH em Varginha MG
micropontos	NOUN	1	115	4	PF apreende 25 mil micropontos da droga sintética NBOH em Varginha MG
da	ADP	0	115	5	PF apreende 25 mil micropontos da droga sintética NBOH em Varginha MG
droga	NOUN	0	115	6	PF apreende 25 mil micropontos da droga sintética NBOH em Varginha MG
sintética	ADJ	1	115	7	PF apreende 25 mil micropontos da droga sintética NBOH em Varginha MG
NBOH	PROPN	1	115	8	PF apreende 25 mil micropontos da droga sintética NBOH em Varginha MG
em	ADP	0	115	9	PF apreende 25 mil micropontos da droga sintética NBOH em Varginha MG
Varginha	PROPN	1	115	10	PF apreende 25 mil micropontos da droga sintética NBOH em Varginha MG
MG	PROPN	0	115	11	PF apreende 25 mil micropontos da droga sintética NBOH em Varginha MG
Operação	NOUN	0	116	0	Operação felos investiga fraudes em solicitações do Auxílio Emergencial no Acre
felos	ADJ	1	116	1	Operação felos investiga fraudes em solicitações do Auxílio Emergencial no Acre
investiga	VERB	1	116	2	Operação felos investiga fraudes em solicitações do Auxílio Emergencial no Acre
fraudes	NOUN	1	116	3	Operação felos investiga fraudes em solicitações do Auxílio Emergencial no Acre
em	ADP	0	116	4	Operação felos investiga fraudes em solicitações do Auxílio Emergencial no Acre
solicitações	NOUN	1	116	5	Operação felos investiga fraudes em solicitações do Auxílio Emergencial no Acre
do	ADP	0	116	6	Operação felos investiga fraudes em solicitações do Auxílio Emergencial no Acre
Auxílio	PROPN	1	116	7	Operação felos investiga fraudes em solicitações do Auxílio Emergencial no Acre
Emergencial	PROPN	1	116	8	Operação felos investiga fraudes em solicitações do Auxílio Emergencial no Acre
no	ADP	0	116	9	Operação felos investiga fraudes em solicitações do Auxílio Emergencial no Acre
Acre	PROPN	0	116	10	Operação felos investiga fraudes em solicitações do Auxílio Emergencial no Acre
Polícia	PROPN	0	117	0	Polícia Federal deflagra Operação Despudor no Acre para investigar publicações de abusos sexuais de criança na internet
Federal	PROPN	0	117	1	Polícia Federal deflagra Operação Despudor no Acre para investigar publicações de abusos sexuais de criança na internet
deflagra	VERB	1	117	2	Polícia Federal deflagra Operação Despudor no Acre para investigar publicações de abusos sexuais de criança na internet
Operação	PROPN	0	117	3	Polícia Federal deflagra Operação Despudor no Acre para investigar publicações de abusos sexuais de criança na internet
Despudor	PROPN	1	117	4	Polícia Federal deflagra Operação Despudor no Acre para investigar publicações de abusos sexuais de criança na internet
no	ADP	0	117	5	Polícia Federal deflagra Operação Despudor no Acre para investigar publicações de abusos sexuais de criança na internet
Acre	PROPN	0	117	6	Polícia Federal deflagra Operação Despudor no Acre para investigar publicações de abusos sexuais de criança na internet
para	SCONJ	0	117	7	Polícia Federal deflagra Operação Despudor no Acre para investigar publicações de abusos sexuais de criança na internet
investigar	VERB	0	117	8	Polícia Federal deflagra Operação Despudor no Acre para investigar publicações de abusos sexuais de criança na internet
publicações	NOUN	0	117	9	Polícia Federal deflagra Operação Despudor no Acre para investigar publicações de abusos sexuais de criança na internet
de	ADP	0	117	10	Polícia Federal deflagra Operação Despudor no Acre para investigar publicações de abusos sexuais de criança na internet
abusos	NOUN	0	117	11	Polícia Federal deflagra Operação Despudor no Acre para investigar publicações de abusos sexuais de criança na internet
sexuais	ADJ	0	117	12	Polícia Federal deflagra Operação Despudor no Acre para investigar publicações de abusos sexuais de criança na internet
de	ADP	0	117	13	Polícia Federal deflagra Operação Despudor no Acre para investigar publicações de abusos sexuais de criança na internet
criança	NOUN	0	117	14	Polícia Federal deflagra Operação Despudor no Acre para investigar publicações de abusos sexuais de criança na internet
na	ADP	0	117	15	Polícia Federal deflagra Operação Despudor no Acre para investigar publicações de abusos sexuais de criança na internet
internet	PROPN	0	117	16	Polícia Federal deflagra Operação Despudor no Acre para investigar publicações de abusos sexuais de criança na internet
PF	PROPN	1	118	0	PF investiga esquema de venda de selos falsos no Mato Grosso
investiga	VERB	1	118	1	PF investiga esquema de venda de selos falsos no Mato Grosso
esquema	NOUN	0	118	2	PF investiga esquema de venda de selos falsos no Mato Grosso
de	ADP	0	118	3	PF investiga esquema de venda de selos falsos no Mato Grosso
venda	NOUN	0	118	4	PF investiga esquema de venda de selos falsos no Mato Grosso
de	ADP	0	118	5	PF investiga esquema de venda de selos falsos no Mato Grosso
selos	NOUN	0	118	6	PF investiga esquema de venda de selos falsos no Mato Grosso
falsos	ADJ	1	118	7	PF investiga esquema de venda de selos falsos no Mato Grosso
no	ADP	0	118	8	PF investiga esquema de venda de selos falsos no Mato Grosso
Mato	PROPN	0	118	9	PF investiga esquema de venda de selos falsos no Mato Grosso
Grosso	PROPN	0	118	10	PF investiga esquema de venda de selos falsos no Mato Grosso
Polícia	PROPN	0	119	0	Polícia Federal combate desmatamento na Amazônia
Federal	PROPN	0	119	1	Polícia Federal combate desmatamento na Amazônia
combate	VERB	0	119	2	Polícia Federal combate desmatamento na Amazônia
desmatamento	NOUN	1	119	3	Polícia Federal combate desmatamento na Amazônia
na	ADP	0	119	4	Polícia Federal combate desmatamento na Amazônia
Amazônia	PROPN	0	119	5	Polícia Federal combate desmatamento na Amazônia
PF	PROPN	1	120	0	PF prende traficante foragido no Rio de Janeiro
prende	VERB	1	120	1	PF prende traficante foragido no Rio de Janeiro
traficante	NOUN	1	120	2	PF prende traficante foragido no Rio de Janeiro
foragido	ADJ	1	120	3	PF prende traficante foragido no Rio de Janeiro
no	ADP	0	120	4	PF prende traficante foragido no Rio de Janeiro
Rio	PROPN	0	120	5	PF prende traficante foragido no Rio de Janeiro
de	ADP	0	120	6	PF prende traficante foragido no Rio de Janeiro
Janeiro	PROPN	0	120	7	PF prende traficante foragido no Rio de Janeiro
PF	PROPN	1	121	0	PF , em ação conjunta , apreende carregamento de cigarros contrabandeados
,	PUNCT	0	121	1	PF , em ação conjunta , apreende carregamento de cigarros contrabandeados
em	ADP	0	121	2	PF , em ação conjunta , apreende carregamento de cigarros contrabandeados
ação	NOUN	0	121	3	PF , em ação conjunta , apreende carregamento de cigarros contrabandeados
conjunta	ADJ	0	121	4	PF , em ação conjunta , apreende carregamento de cigarros contrabandeados
,	PUNCT	0	121	5	PF , em ação conjunta , apreende carregamento de cigarros contrabandeados
apreende	VERB	1	121	6	PF , em ação conjunta , apreende carregamento de cigarros contrabandeados
carregamento	NOUN	1	121	7	PF , em ação conjunta , apreende carregamento de cigarros contrabandeados
de	ADP	0	121	8	PF , em ação conjunta , apreende carregamento de cigarros contrabandeados
cigarros	NOUN	1	121	9	PF , em ação conjunta , apreende carregamento de cigarros contrabandeados
contrabandeados	VERB	1	121	10	PF , em ação conjunta , apreende carregamento de cigarros contrabandeados
PF	PROPN	1	122	0	PF incinera 375 kg de substâncias entorpecentes no Rio Grande do Norte
incinera	VERB	1	122	1	PF incinera 375 kg de substâncias entorpecentes no Rio Grande do Norte
375	NUM	1	122	2	PF incinera 375 kg de substâncias entorpecentes no Rio Grande do Norte
kg	NOUN	0	122	3	PF incinera 375 kg de substâncias entorpecentes no Rio Grande do Norte
de	ADP	0	122	4	PF incinera 375 kg de substâncias entorpecentes no Rio Grande do Norte
substâncias	NOUN	0	122	5	PF incinera 375 kg de substâncias entorpecentes no Rio Grande do Norte
entorpecentes	ADJ	1	122	6	PF incinera 375 kg de substâncias entorpecentes no Rio Grande do Norte
no	ADP	0	122	7	PF incinera 375 kg de substâncias entorpecentes no Rio Grande do Norte
Rio	PROPN	0	122	8	PF incinera 375 kg de substâncias entorpecentes no Rio Grande do Norte
Grande	PROPN	0	122	9	PF incinera 375 kg de substâncias entorpecentes no Rio Grande do Norte
do	ADP	0	122	10	PF incinera 375 kg de substâncias entorpecentes no Rio Grande do Norte
Norte	PROPN	0	122	11	PF incinera 375 kg de substâncias entorpecentes no Rio Grande do Norte
PF	PROPN	1	123	0	PF prende suspeito de participar de vários roubos a agências dos Correios no Espírito Santo
prende	VERB	1	123	1	PF prende suspeito de participar de vários roubos a agências dos Correios no Espírito Santo
suspeito	NOUN	0	123	2	PF prende suspeito de participar de vários roubos a agências dos Correios no Espírito Santo
de	SCONJ	0	123	3	PF prende suspeito de participar de vários roubos a agências dos Correios no Espírito Santo
participar	VERB	0	123	4	PF prende suspeito de participar de vários roubos a agências dos Correios no Espírito Santo
de	ADP	0	123	5	PF prende suspeito de participar de vários roubos a agências dos Correios no Espírito Santo
vários	DET	0	123	6	PF prende suspeito de participar de vários roubos a agências dos Correios no Espírito Santo
roubos	NOUN	1	123	7	PF prende suspeito de participar de vários roubos a agências dos Correios no Espírito Santo
a	ADP	0	123	8	PF prende suspeito de participar de vários roubos a agências dos Correios no Espírito Santo
agências	NOUN	0	123	9	PF prende suspeito de participar de vários roubos a agências dos Correios no Espírito Santo
dos	ADP	0	123	10	PF prende suspeito de participar de vários roubos a agências dos Correios no Espírito Santo
Correios	PROPN	1	123	11	PF prende suspeito de participar de vários roubos a agências dos Correios no Espírito Santo
no	ADP	0	123	12	PF prende suspeito de participar de vários roubos a agências dos Correios no Espírito Santo
Espírito	PROPN	0	123	13	PF prende suspeito de participar de vários roubos a agências dos Correios no Espírito Santo
Santo	PROPN	0	123	14	PF prende suspeito de participar de vários roubos a agências dos Correios no Espírito Santo
PF	PROPN	1	124	0	PF deflagra duas operações simultâneas visando combater a disseminação de pornografia infantil Operação Help X e Operação Infância Resgatada
deflagra	VERB	1	124	1	PF deflagra duas operações simultâneas visando combater a disseminação de pornografia infantil Operação Help X e Operação Infância Resgatada
duas	NUM	0	124	2	PF deflagra duas operações simultâneas visando combater a disseminação de pornografia infantil Operação Help X e Operação Infância Resgatada
operações	NOUN	0	124	3	PF deflagra duas operações simultâneas visando combater a disseminação de pornografia infantil Operação Help X e Operação Infância Resgatada
simultâneas	ADJ	1	124	4	PF deflagra duas operações simultâneas visando combater a disseminação de pornografia infantil Operação Help X e Operação Infância Resgatada
visando	VERB	0	124	5	PF deflagra duas operações simultâneas visando combater a disseminação de pornografia infantil Operação Help X e Operação Infância Resgatada
combater	VERB	0	124	6	PF deflagra duas operações simultâneas visando combater a disseminação de pornografia infantil Operação Help X e Operação Infância Resgatada
a	DET	0	124	7	PF deflagra duas operações simultâneas visando combater a disseminação de pornografia infantil Operação Help X e Operação Infância Resgatada
disseminação	NOUN	1	124	8	PF deflagra duas operações simultâneas visando combater a disseminação de pornografia infantil Operação Help X e Operação Infância Resgatada
de	ADP	0	124	9	PF deflagra duas operações simultâneas visando combater a disseminação de pornografia infantil Operação Help X e Operação Infância Resgatada
pornografia	NOUN	1	124	10	PF deflagra duas operações simultâneas visando combater a disseminação de pornografia infantil Operação Help X e Operação Infância Resgatada
infantil	ADJ	0	124	11	PF deflagra duas operações simultâneas visando combater a disseminação de pornografia infantil Operação Help X e Operação Infância Resgatada
Operação	NOUN	0	124	12	PF deflagra duas operações simultâneas visando combater a disseminação de pornografia infantil Operação Help X e Operação Infância Resgatada
Help	PROPN	1	124	13	PF deflagra duas operações simultâneas visando combater a disseminação de pornografia infantil Operação Help X e Operação Infância Resgatada
X	PROPN	0	124	14	PF deflagra duas operações simultâneas visando combater a disseminação de pornografia infantil Operação Help X e Operação Infância Resgatada
e	CCONJ	0	124	15	PF deflagra duas operações simultâneas visando combater a disseminação de pornografia infantil Operação Help X e Operação Infância Resgatada
Operação	PROPN	0	124	16	PF deflagra duas operações simultâneas visando combater a disseminação de pornografia infantil Operação Help X e Operação Infância Resgatada
Infância	PROPN	1	124	17	PF deflagra duas operações simultâneas visando combater a disseminação de pornografia infantil Operação Help X e Operação Infância Resgatada
Resgatada	VERB	1	124	18	PF deflagra duas operações simultâneas visando combater a disseminação de pornografia infantil Operação Help X e Operação Infância Resgatada
PF	PROPN	1	125	0	PF combate comércio ilegal de pássaros silvestres em Minas Gerais
combate	VERB	0	125	1	PF combate comércio ilegal de pássaros silvestres em Minas Gerais
comércio	NOUN	0	125	2	PF combate comércio ilegal de pássaros silvestres em Minas Gerais
ilegal	ADJ	0	125	3	PF combate comércio ilegal de pássaros silvestres em Minas Gerais
de	ADP	0	125	4	PF combate comércio ilegal de pássaros silvestres em Minas Gerais
pássaros	NOUN	0	125	5	PF combate comércio ilegal de pássaros silvestres em Minas Gerais
silvestres	ADJ	1	125	6	PF combate comércio ilegal de pássaros silvestres em Minas Gerais
em	ADP	0	125	7	PF combate comércio ilegal de pássaros silvestres em Minas Gerais
Minas	PROPN	0	125	8	PF combate comércio ilegal de pássaros silvestres em Minas Gerais
Gerais	PROPN	0	125	9	PF combate comércio ilegal de pássaros silvestres em Minas Gerais
PF	PROPN	1	126	0	PF , em ação conjunta , apreende carregamento com aproximadamente 400 mil maços de cigarros contrabandeados
,	PUNCT	0	126	1	PF , em ação conjunta , apreende carregamento com aproximadamente 400 mil maços de cigarros contrabandeados
em	ADP	0	126	2	PF , em ação conjunta , apreende carregamento com aproximadamente 400 mil maços de cigarros contrabandeados
ação	NOUN	0	126	3	PF , em ação conjunta , apreende carregamento com aproximadamente 400 mil maços de cigarros contrabandeados
conjunta	ADJ	0	126	4	PF , em ação conjunta , apreende carregamento com aproximadamente 400 mil maços de cigarros contrabandeados
,	PUNCT	0	126	5	PF , em ação conjunta , apreende carregamento com aproximadamente 400 mil maços de cigarros contrabandeados
apreende	VERB	1	126	6	PF , em ação conjunta , apreende carregamento com aproximadamente 400 mil maços de cigarros contrabandeados
carregamento	NOUN	1	126	7	PF , em ação conjunta , apreende carregamento com aproximadamente 400 mil maços de cigarros contrabandeados
com	ADP	0	126	8	PF , em ação conjunta , apreende carregamento com aproximadamente 400 mil maços de cigarros contrabandeados
aproximadamente	ADV	0	126	9	PF , em ação conjunta , apreende carregamento com aproximadamente 400 mil maços de cigarros contrabandeados
400	NUM	0	126	10	PF , em ação conjunta , apreende carregamento com aproximadamente 400 mil maços de cigarros contrabandeados
mil	NUM	0	126	11	PF , em ação conjunta , apreende carregamento com aproximadamente 400 mil maços de cigarros contrabandeados
maços	NOUN	1	126	12	PF , em ação conjunta , apreende carregamento com aproximadamente 400 mil maços de cigarros contrabandeados
de	ADP	0	126	13	PF , em ação conjunta , apreende carregamento com aproximadamente 400 mil maços de cigarros contrabandeados
cigarros	NOUN	1	126	14	PF , em ação conjunta , apreende carregamento com aproximadamente 400 mil maços de cigarros contrabandeados
contrabandeados	VERB	1	126	15	PF , em ação conjunta , apreende carregamento com aproximadamente 400 mil maços de cigarros contrabandeados
PF	PROPN	1	127	0	PF combate prática de crimes previdenciários em Pernambuco
combate	VERB	0	127	1	PF combate prática de crimes previdenciários em Pernambuco
prática	NOUN	0	127	2	PF combate prática de crimes previdenciários em Pernambuco
de	ADP	0	127	3	PF combate prática de crimes previdenciários em Pernambuco
crimes	NOUN	0	127	4	PF combate prática de crimes previdenciários em Pernambuco
previdenciários	ADJ	1	127	5	PF combate prática de crimes previdenciários em Pernambuco
em	ADP	0	127	6	PF combate prática de crimes previdenciários em Pernambuco
Pernambuco	PROPN	0	127	7	PF combate prática de crimes previdenciários em Pernambuco
Polícia	PROPN	0	128	0	Polícia Federal prende mulheres com maconha na rodoviária de Foz do Iguaçu PR
Federal	PROPN	0	128	1	Polícia Federal prende mulheres com maconha na rodoviária de Foz do Iguaçu PR
prende	VERB	1	128	2	Polícia Federal prende mulheres com maconha na rodoviária de Foz do Iguaçu PR
mulheres	NOUN	0	128	3	Polícia Federal prende mulheres com maconha na rodoviária de Foz do Iguaçu PR
com	ADP	0	128	4	Polícia Federal prende mulheres com maconha na rodoviária de Foz do Iguaçu PR
maconha	NOUN	1	128	5	Polícia Federal prende mulheres com maconha na rodoviária de Foz do Iguaçu PR
na	ADP	0	128	6	Polícia Federal prende mulheres com maconha na rodoviária de Foz do Iguaçu PR
rodoviária	NOUN	1	128	7	Polícia Federal prende mulheres com maconha na rodoviária de Foz do Iguaçu PR
de	ADP	0	128	8	Polícia Federal prende mulheres com maconha na rodoviária de Foz do Iguaçu PR
Foz	PROPN	0	128	9	Polícia Federal prende mulheres com maconha na rodoviária de Foz do Iguaçu PR
do	ADP	0	128	10	Polícia Federal prende mulheres com maconha na rodoviária de Foz do Iguaçu PR
Iguaçu	PROPN	0	128	11	Polícia Federal prende mulheres com maconha na rodoviária de Foz do Iguaçu PR
PR	PROPN	0	128	12	Polícia Federal prende mulheres com maconha na rodoviária de Foz do Iguaçu PR
PF	PROPN	1	129	0	PF deflagra a Operação Bad Trip , para desarticular grupo criminoso especializado no tráfico de ecstasy
deflagra	VERB	1	129	1	PF deflagra a Operação Bad Trip , para desarticular grupo criminoso especializado no tráfico de ecstasy
a	DET	0	129	2	PF deflagra a Operação Bad Trip , para desarticular grupo criminoso especializado no tráfico de ecstasy
Operação	PROPN	0	129	3	PF deflagra a Operação Bad Trip , para desarticular grupo criminoso especializado no tráfico de ecstasy
Bad	PROPN	0	129	4	PF deflagra a Operação Bad Trip , para desarticular grupo criminoso especializado no tráfico de ecstasy
Trip	PROPN	1	129	5	PF deflagra a Operação Bad Trip , para desarticular grupo criminoso especializado no tráfico de ecstasy
,	PUNCT	0	129	6	PF deflagra a Operação Bad Trip , para desarticular grupo criminoso especializado no tráfico de ecstasy
para	SCONJ	0	129	7	PF deflagra a Operação Bad Trip , para desarticular grupo criminoso especializado no tráfico de ecstasy
desarticular	VERB	1	129	8	PF deflagra a Operação Bad Trip , para desarticular grupo criminoso especializado no tráfico de ecstasy
grupo	NOUN	0	129	9	PF deflagra a Operação Bad Trip , para desarticular grupo criminoso especializado no tráfico de ecstasy
criminoso	ADJ	0	129	10	PF deflagra a Operação Bad Trip , para desarticular grupo criminoso especializado no tráfico de ecstasy
especializado	VERB	0	129	11	PF deflagra a Operação Bad Trip , para desarticular grupo criminoso especializado no tráfico de ecstasy
no	ADP	0	129	12	PF deflagra a Operação Bad Trip , para desarticular grupo criminoso especializado no tráfico de ecstasy
tráfico	NOUN	0	129	13	PF deflagra a Operação Bad Trip , para desarticular grupo criminoso especializado no tráfico de ecstasy
de	ADP	0	129	14	PF deflagra a Operação Bad Trip , para desarticular grupo criminoso especializado no tráfico de ecstasy
ecstasy	PROPN	1	129	15	PF deflagra a Operação Bad Trip , para desarticular grupo criminoso especializado no tráfico de ecstasy
PF	PROPN	1	130	0	PF combate crime eleitoral no Acre
combate	VERB	0	130	1	PF combate crime eleitoral no Acre
crime	NOUN	0	130	2	PF combate crime eleitoral no Acre
eleitoral	ADJ	0	130	3	PF combate crime eleitoral no Acre
no	ADP	0	130	4	PF combate crime eleitoral no Acre
Acre	PROPN	0	130	5	PF combate crime eleitoral no Acre
Polícia	PROPN	0	131	0	Polícia Federal deflagra Operação Raposo para investigar furtos de dispositivos eletrônicos em rgão público paranaense
Federal	PROPN	0	131	1	Polícia Federal deflagra Operação Raposo para investigar furtos de dispositivos eletrônicos em rgão público paranaense
deflagra	VERB	1	131	2	Polícia Federal deflagra Operação Raposo para investigar furtos de dispositivos eletrônicos em rgão público paranaense
Operação	PROPN	0	131	3	Polícia Federal deflagra Operação Raposo para investigar furtos de dispositivos eletrônicos em rgão público paranaense
Raposo	PROPN	1	131	4	Polícia Federal deflagra Operação Raposo para investigar furtos de dispositivos eletrônicos em rgão público paranaense
para	SCONJ	0	131	5	Polícia Federal deflagra Operação Raposo para investigar furtos de dispositivos eletrônicos em rgão público paranaense
investigar	VERB	0	131	6	Polícia Federal deflagra Operação Raposo para investigar furtos de dispositivos eletrônicos em rgão público paranaense
furtos	NOUN	1	131	7	Polícia Federal deflagra Operação Raposo para investigar furtos de dispositivos eletrônicos em rgão público paranaense
de	ADP	0	131	8	Polícia Federal deflagra Operação Raposo para investigar furtos de dispositivos eletrônicos em rgão público paranaense
dispositivos	NOUN	0	131	9	Polícia Federal deflagra Operação Raposo para investigar furtos de dispositivos eletrônicos em rgão público paranaense
eletrônicos	ADJ	0	131	10	Polícia Federal deflagra Operação Raposo para investigar furtos de dispositivos eletrônicos em rgão público paranaense
em	ADP	0	131	11	Polícia Federal deflagra Operação Raposo para investigar furtos de dispositivos eletrônicos em rgão público paranaense
rgão	ADJ	1	131	12	Polícia Federal deflagra Operação Raposo para investigar furtos de dispositivos eletrônicos em rgão público paranaense
público	NOUN	0	131	13	Polícia Federal deflagra Operação Raposo para investigar furtos de dispositivos eletrônicos em rgão público paranaense
paranaense	ADJ	0	131	14	Polícia Federal deflagra Operação Raposo para investigar furtos de dispositivos eletrônicos em rgão público paranaense
PF	PROPN	1	132	0	PF combate desvios de recursos públicos destinados ao combate à Covid - 19 no Piauí
combate	VERB	0	132	1	PF combate desvios de recursos públicos destinados ao combate à Covid - 19 no Piauí
desvios	NOUN	1	132	2	PF combate desvios de recursos públicos destinados ao combate à Covid - 19 no Piauí
de	ADP	0	132	3	PF combate desvios de recursos públicos destinados ao combate à Covid - 19 no Piauí
recursos	NOUN	0	132	4	PF combate desvios de recursos públicos destinados ao combate à Covid - 19 no Piauí
públicos	ADJ	0	132	5	PF combate desvios de recursos públicos destinados ao combate à Covid - 19 no Piauí
destinados	VERB	0	132	6	PF combate desvios de recursos públicos destinados ao combate à Covid - 19 no Piauí
ao	ADP	0	132	7	PF combate desvios de recursos públicos destinados ao combate à Covid - 19 no Piauí
combate	NOUN	0	132	8	PF combate desvios de recursos públicos destinados ao combate à Covid - 19 no Piauí
à	ADP	0	132	9	PF combate desvios de recursos públicos destinados ao combate à Covid - 19 no Piauí
Covid	PROPN	1	132	10	PF combate desvios de recursos públicos destinados ao combate à Covid - 19 no Piauí
-	PUNCT	0	132	11	PF combate desvios de recursos públicos destinados ao combate à Covid - 19 no Piauí
19	NUM	0	132	12	PF combate desvios de recursos públicos destinados ao combate à Covid - 19 no Piauí
no	ADP	0	132	13	PF combate desvios de recursos públicos destinados ao combate à Covid - 19 no Piauí
Piauí	PROPN	0	132	14	PF combate desvios de recursos públicos destinados ao combate à Covid - 19 no Piauí
PF	PROPN	1	133	0	PF prende 2 pessoas identificadas pela receita com droga dentro de embalagens de café e remédios
prende	VERB	1	133	1	PF prende 2 pessoas identificadas pela receita com droga dentro de embalagens de café e remédios
2	NUM	0	133	2	PF prende 2 pessoas identificadas pela receita com droga dentro de embalagens de café e remédios
pessoas	NOUN	0	133	3	PF prende 2 pessoas identificadas pela receita com droga dentro de embalagens de café e remédios
identificadas	VERB	0	133	4	PF prende 2 pessoas identificadas pela receita com droga dentro de embalagens de café e remédios
pela	ADP	0	133	5	PF prende 2 pessoas identificadas pela receita com droga dentro de embalagens de café e remédios
receita	NOUN	0	133	6	PF prende 2 pessoas identificadas pela receita com droga dentro de embalagens de café e remédios
com	ADP	0	133	7	PF prende 2 pessoas identificadas pela receita com droga dentro de embalagens de café e remédios
droga	NOUN	0	133	8	PF prende 2 pessoas identificadas pela receita com droga dentro de embalagens de café e remédios
dentro	ADV	0	133	9	PF prende 2 pessoas identificadas pela receita com droga dentro de embalagens de café e remédios
de	ADP	0	133	10	PF prende 2 pessoas identificadas pela receita com droga dentro de embalagens de café e remédios
embalagens	NOUN	1	133	11	PF prende 2 pessoas identificadas pela receita com droga dentro de embalagens de café e remédios
de	ADP	0	133	12	PF prende 2 pessoas identificadas pela receita com droga dentro de embalagens de café e remédios
café	NOUN	0	133	13	PF prende 2 pessoas identificadas pela receita com droga dentro de embalagens de café e remédios
e	CCONJ	0	133	14	PF prende 2 pessoas identificadas pela receita com droga dentro de embalagens de café e remédios
remédios	NOUN	1	133	15	PF prende 2 pessoas identificadas pela receita com droga dentro de embalagens de café e remédios
Polícia	PROPN	0	134	0	Polícia Federal cumpre mandado de prisão em desfavor de ex - prefeito municipal de cidade vizinha
Federal	PROPN	0	134	1	Polícia Federal cumpre mandado de prisão em desfavor de ex - prefeito municipal de cidade vizinha
cumpre	VERB	1	134	2	Polícia Federal cumpre mandado de prisão em desfavor de ex - prefeito municipal de cidade vizinha
mandado	VERB	0	134	3	Polícia Federal cumpre mandado de prisão em desfavor de ex - prefeito municipal de cidade vizinha
de	ADP	0	134	4	Polícia Federal cumpre mandado de prisão em desfavor de ex - prefeito municipal de cidade vizinha
prisão	NOUN	0	134	5	Polícia Federal cumpre mandado de prisão em desfavor de ex - prefeito municipal de cidade vizinha
em	ADP	0	134	6	Polícia Federal cumpre mandado de prisão em desfavor de ex - prefeito municipal de cidade vizinha
desfavor	NOUN	1	134	7	Polícia Federal cumpre mandado de prisão em desfavor de ex - prefeito municipal de cidade vizinha
de	ADP	0	134	8	Polícia Federal cumpre mandado de prisão em desfavor de ex - prefeito municipal de cidade vizinha
ex	PROPN	0	134	9	Polícia Federal cumpre mandado de prisão em desfavor de ex - prefeito municipal de cidade vizinha
-	PUNCT	0	134	10	Polícia Federal cumpre mandado de prisão em desfavor de ex - prefeito municipal de cidade vizinha
prefeito	NOUN	0	134	11	Polícia Federal cumpre mandado de prisão em desfavor de ex - prefeito municipal de cidade vizinha
municipal	ADJ	0	134	12	Polícia Federal cumpre mandado de prisão em desfavor de ex - prefeito municipal de cidade vizinha
de	ADP	0	134	13	Polícia Federal cumpre mandado de prisão em desfavor de ex - prefeito municipal de cidade vizinha
cidade	NOUN	0	134	14	Polícia Federal cumpre mandado de prisão em desfavor de ex - prefeito municipal de cidade vizinha
vizinha	ADJ	0	134	15	Polícia Federal cumpre mandado de prisão em desfavor de ex - prefeito municipal de cidade vizinha
PF	PROPN	1	135	0	PF prende em flagrante por estelionato homem condenado por divulgar pornografia infantil
prende	VERB	1	135	1	PF prende em flagrante por estelionato homem condenado por divulgar pornografia infantil
em	ADP	0	135	2	PF prende em flagrante por estelionato homem condenado por divulgar pornografia infantil
flagrante	NOUN	1	135	3	PF prende em flagrante por estelionato homem condenado por divulgar pornografia infantil
por	ADP	0	135	4	PF prende em flagrante por estelionato homem condenado por divulgar pornografia infantil
estelionato	NOUN	1	135	5	PF prende em flagrante por estelionato homem condenado por divulgar pornografia infantil
homem	NOUN	0	135	6	PF prende em flagrante por estelionato homem condenado por divulgar pornografia infantil
condenado	VERB	0	135	7	PF prende em flagrante por estelionato homem condenado por divulgar pornografia infantil
por	SCONJ	0	135	8	PF prende em flagrante por estelionato homem condenado por divulgar pornografia infantil
divulgar	VERB	0	135	9	PF prende em flagrante por estelionato homem condenado por divulgar pornografia infantil
pornografia	NOUN	1	135	10	PF prende em flagrante por estelionato homem condenado por divulgar pornografia infantil
infantil	ADJ	0	135	11	PF prende em flagrante por estelionato homem condenado por divulgar pornografia infantil
PF	PROPN	1	136	0	PF prende , no Rio Grande do Norte , procurado pela Justiça de Goiás
prende	VERB	1	136	1	PF prende , no Rio Grande do Norte , procurado pela Justiça de Goiás
,	PUNCT	0	136	2	PF prende , no Rio Grande do Norte , procurado pela Justiça de Goiás
no	ADP	0	136	3	PF prende , no Rio Grande do Norte , procurado pela Justiça de Goiás
Rio	PROPN	0	136	4	PF prende , no Rio Grande do Norte , procurado pela Justiça de Goiás
Grande	PROPN	0	136	5	PF prende , no Rio Grande do Norte , procurado pela Justiça de Goiás
do	ADP	0	136	6	PF prende , no Rio Grande do Norte , procurado pela Justiça de Goiás
Norte	PROPN	0	136	7	PF prende , no Rio Grande do Norte , procurado pela Justiça de Goiás
,	PUNCT	0	136	8	PF prende , no Rio Grande do Norte , procurado pela Justiça de Goiás
procurado	VERB	0	136	9	PF prende , no Rio Grande do Norte , procurado pela Justiça de Goiás
pela	ADP	0	136	10	PF prende , no Rio Grande do Norte , procurado pela Justiça de Goiás
Justiça	PROPN	0	136	11	PF prende , no Rio Grande do Norte , procurado pela Justiça de Goiás
de	ADP	0	136	12	PF prende , no Rio Grande do Norte , procurado pela Justiça de Goiás
Goiás	PROPN	0	136	13	PF prende , no Rio Grande do Norte , procurado pela Justiça de Goiás
PF	PROPN	1	137	0	PF apreende 100 kg de cocaína no Mato Grosso
apreende	VERB	1	137	1	PF apreende 100 kg de cocaína no Mato Grosso
100	NUM	0	137	2	PF apreende 100 kg de cocaína no Mato Grosso
kg	NOUN	0	137	3	PF apreende 100 kg de cocaína no Mato Grosso
de	ADP	0	137	4	PF apreende 100 kg de cocaína no Mato Grosso
cocaína	NOUN	1	137	5	PF apreende 100 kg de cocaína no Mato Grosso
no	ADP	0	137	6	PF apreende 100 kg de cocaína no Mato Grosso
Mato	PROPN	0	137	7	PF apreende 100 kg de cocaína no Mato Grosso
Grosso	PROPN	0	137	8	PF apreende 100 kg de cocaína no Mato Grosso
PF	PROPN	1	138	0	PF , em ação conjunta , apreende cocaína no Rio Juruá
,	PUNCT	0	138	1	PF , em ação conjunta , apreende cocaína no Rio Juruá
em	ADP	0	138	2	PF , em ação conjunta , apreende cocaína no Rio Juruá
ação	NOUN	0	138	3	PF , em ação conjunta , apreende cocaína no Rio Juruá
conjunta	ADJ	0	138	4	PF , em ação conjunta , apreende cocaína no Rio Juruá
,	PUNCT	0	138	5	PF , em ação conjunta , apreende cocaína no Rio Juruá
apreende	VERB	1	138	6	PF , em ação conjunta , apreende cocaína no Rio Juruá
cocaína	NOUN	1	138	7	PF , em ação conjunta , apreende cocaína no Rio Juruá
no	ADP	0	138	8	PF , em ação conjunta , apreende cocaína no Rio Juruá
Rio	PROPN	0	138	9	PF , em ação conjunta , apreende cocaína no Rio Juruá
Juruá	PROPN	1	138	10	PF , em ação conjunta , apreende cocaína no Rio Juruá
Polícia	PROPN	0	139	0	Polícia Federal desarticula grupo criminoso responsável por fraudes na concessão de Benefícios Previdenciários
Federal	PROPN	0	139	1	Polícia Federal desarticula grupo criminoso responsável por fraudes na concessão de Benefícios Previdenciários
desarticula	VERB	1	139	2	Polícia Federal desarticula grupo criminoso responsável por fraudes na concessão de Benefícios Previdenciários
grupo	NOUN	0	139	3	Polícia Federal desarticula grupo criminoso responsável por fraudes na concessão de Benefícios Previdenciários
criminoso	ADJ	0	139	4	Polícia Federal desarticula grupo criminoso responsável por fraudes na concessão de Benefícios Previdenciários
responsável	ADJ	0	139	5	Polícia Federal desarticula grupo criminoso responsável por fraudes na concessão de Benefícios Previdenciários
por	ADP	0	139	6	Polícia Federal desarticula grupo criminoso responsável por fraudes na concessão de Benefícios Previdenciários
fraudes	NOUN	1	139	7	Polícia Federal desarticula grupo criminoso responsável por fraudes na concessão de Benefícios Previdenciários
na	ADP	0	139	8	Polícia Federal desarticula grupo criminoso responsável por fraudes na concessão de Benefícios Previdenciários
concessão	NOUN	0	139	9	Polícia Federal desarticula grupo criminoso responsável por fraudes na concessão de Benefícios Previdenciários
de	ADP	0	139	10	Polícia Federal desarticula grupo criminoso responsável por fraudes na concessão de Benefícios Previdenciários
Benefícios	NOUN	1	139	11	Polícia Federal desarticula grupo criminoso responsável por fraudes na concessão de Benefícios Previdenciários
Previdenciários	PROPN	1	139	12	Polícia Federal desarticula grupo criminoso responsável por fraudes na concessão de Benefícios Previdenciários
Polícia	PROPN	0	140	0	Polícia Federal combate garimpo na Terra Indígena Yanomami .
Federal	PROPN	0	140	1	Polícia Federal combate garimpo na Terra Indígena Yanomami .
combate	VERB	0	140	2	Polícia Federal combate garimpo na Terra Indígena Yanomami .
garimpo	ADJ	1	140	3	Polícia Federal combate garimpo na Terra Indígena Yanomami .
na	ADP	0	140	4	Polícia Federal combate garimpo na Terra Indígena Yanomami .
Terra	PROPN	0	140	5	Polícia Federal combate garimpo na Terra Indígena Yanomami .
Indígena	PROPN	1	140	6	Polícia Federal combate garimpo na Terra Indígena Yanomami .
Yanomami	PROPN	1	140	7	Polícia Federal combate garimpo na Terra Indígena Yanomami .
.	PUNCT	0	140	8	Polícia Federal combate garimpo na Terra Indígena Yanomami .
PF	PROPN	1	141	0	PF prende , no Rio de Janeiro , solicitante de passaporte foragido desde 2011
prende	VERB	1	141	1	PF prende , no Rio de Janeiro , solicitante de passaporte foragido desde 2011
,	PUNCT	0	141	2	PF prende , no Rio de Janeiro , solicitante de passaporte foragido desde 2011
no	ADP	0	141	3	PF prende , no Rio de Janeiro , solicitante de passaporte foragido desde 2011
Rio	PROPN	0	141	4	PF prende , no Rio de Janeiro , solicitante de passaporte foragido desde 2011
de	ADP	0	141	5	PF prende , no Rio de Janeiro , solicitante de passaporte foragido desde 2011
Janeiro	PROPN	0	141	6	PF prende , no Rio de Janeiro , solicitante de passaporte foragido desde 2011
,	PUNCT	0	141	7	PF prende , no Rio de Janeiro , solicitante de passaporte foragido desde 2011
solicitante	NOUN	1	141	8	PF prende , no Rio de Janeiro , solicitante de passaporte foragido desde 2011
de	ADP	0	141	9	PF prende , no Rio de Janeiro , solicitante de passaporte foragido desde 2011
passaporte	NOUN	1	141	10	PF prende , no Rio de Janeiro , solicitante de passaporte foragido desde 2011
foragido	ADJ	1	141	11	PF prende , no Rio de Janeiro , solicitante de passaporte foragido desde 2011
desde	ADP	0	141	12	PF prende , no Rio de Janeiro , solicitante de passaporte foragido desde 2011
2011	NUM	0	141	13	PF prende , no Rio de Janeiro , solicitante de passaporte foragido desde 2011
Policiais	NOUN	1	142	0	Policiais apreendem essências de narguilé e cigarros eletrônicos na região da Vila Portes , em Foz do Iguaçu PR
apreendem	VERB	1	142	1	Policiais apreendem essências de narguilé e cigarros eletrônicos na região da Vila Portes , em Foz do Iguaçu PR
essências	NOUN	1	142	2	Policiais apreendem essências de narguilé e cigarros eletrônicos na região da Vila Portes , em Foz do Iguaçu PR
de	ADP	0	142	3	Policiais apreendem essências de narguilé e cigarros eletrônicos na região da Vila Portes , em Foz do Iguaçu PR
narguilé	NOUN	1	142	4	Policiais apreendem essências de narguilé e cigarros eletrônicos na região da Vila Portes , em Foz do Iguaçu PR
e	CCONJ	0	142	5	Policiais apreendem essências de narguilé e cigarros eletrônicos na região da Vila Portes , em Foz do Iguaçu PR
cigarros	NOUN	1	142	6	Policiais apreendem essências de narguilé e cigarros eletrônicos na região da Vila Portes , em Foz do Iguaçu PR
eletrônicos	ADJ	0	142	7	Policiais apreendem essências de narguilé e cigarros eletrônicos na região da Vila Portes , em Foz do Iguaçu PR
na	ADP	0	142	8	Policiais apreendem essências de narguilé e cigarros eletrônicos na região da Vila Portes , em Foz do Iguaçu PR
região	NOUN	0	142	9	Policiais apreendem essências de narguilé e cigarros eletrônicos na região da Vila Portes , em Foz do Iguaçu PR
da	ADP	0	142	10	Policiais apreendem essências de narguilé e cigarros eletrônicos na região da Vila Portes , em Foz do Iguaçu PR
Vila	PROPN	0	142	11	Policiais apreendem essências de narguilé e cigarros eletrônicos na região da Vila Portes , em Foz do Iguaçu PR
Portes	PROPN	1	142	12	Policiais apreendem essências de narguilé e cigarros eletrônicos na região da Vila Portes , em Foz do Iguaçu PR
,	PUNCT	0	142	13	Policiais apreendem essências de narguilé e cigarros eletrônicos na região da Vila Portes , em Foz do Iguaçu PR
em	ADP	0	142	14	Policiais apreendem essências de narguilé e cigarros eletrônicos na região da Vila Portes , em Foz do Iguaçu PR
Foz	PROPN	0	142	15	Policiais apreendem essências de narguilé e cigarros eletrônicos na região da Vila Portes , em Foz do Iguaçu PR
do	ADP	0	142	16	Policiais apreendem essências de narguilé e cigarros eletrônicos na região da Vila Portes , em Foz do Iguaçu PR
Iguaçu	PROPN	0	142	17	Policiais apreendem essências de narguilé e cigarros eletrônicos na região da Vila Portes , em Foz do Iguaçu PR
PR	PROPN	0	142	18	Policiais apreendem essências de narguilé e cigarros eletrônicos na região da Vila Portes , em Foz do Iguaçu PR
Ação	NOUN	0	143	0	Ação integrada de órgãos federais divulga resultados da Operação Resgate nesta quinta - feira
integrada	VERB	0	143	1	Ação integrada de órgãos federais divulga resultados da Operação Resgate nesta quinta - feira
de	ADP	0	143	2	Ação integrada de órgãos federais divulga resultados da Operação Resgate nesta quinta - feira
órgãos	NOUN	0	143	3	Ação integrada de órgãos federais divulga resultados da Operação Resgate nesta quinta - feira
federais	ADJ	0	143	4	Ação integrada de órgãos federais divulga resultados da Operação Resgate nesta quinta - feira
divulga	VERB	1	143	5	Ação integrada de órgãos federais divulga resultados da Operação Resgate nesta quinta - feira
resultados	NOUN	0	143	6	Ação integrada de órgãos federais divulga resultados da Operação Resgate nesta quinta - feira
da	ADP	0	143	7	Ação integrada de órgãos federais divulga resultados da Operação Resgate nesta quinta - feira
Operação	PROPN	0	143	8	Ação integrada de órgãos federais divulga resultados da Operação Resgate nesta quinta - feira
Resgate	PROPN	1	143	9	Ação integrada de órgãos federais divulga resultados da Operação Resgate nesta quinta - feira
nesta	ADP	0	143	10	Ação integrada de órgãos federais divulga resultados da Operação Resgate nesta quinta - feira
quinta	NOUN	0	143	11	Ação integrada de órgãos federais divulga resultados da Operação Resgate nesta quinta - feira
-	PUNCT	0	143	12	Ação integrada de órgãos federais divulga resultados da Operação Resgate nesta quinta - feira
feira	NOUN	0	143	13	Ação integrada de órgãos federais divulga resultados da Operação Resgate nesta quinta - feira
Policiais	NOUN	1	144	0	Policiais cumprem mandado de prisão na Ponte da Amizade
cumprem	VERB	1	144	1	Policiais cumprem mandado de prisão na Ponte da Amizade
mandado	VERB	0	144	2	Policiais cumprem mandado de prisão na Ponte da Amizade
de	ADP	0	144	3	Policiais cumprem mandado de prisão na Ponte da Amizade
prisão	NOUN	0	144	4	Policiais cumprem mandado de prisão na Ponte da Amizade
na	ADP	0	144	5	Policiais cumprem mandado de prisão na Ponte da Amizade
Ponte	PROPN	0	144	6	Policiais cumprem mandado de prisão na Ponte da Amizade
da	ADP	0	144	7	Policiais cumprem mandado de prisão na Ponte da Amizade
Amizade	PROPN	1	144	8	Policiais cumprem mandado de prisão na Ponte da Amizade
PF	PROPN	1	145	0	PF combate crime de moeda falsa no Rio Grande do Norte
combate	VERB	0	145	1	PF combate crime de moeda falsa no Rio Grande do Norte
crime	NOUN	0	145	2	PF combate crime de moeda falsa no Rio Grande do Norte
de	ADP	0	145	3	PF combate crime de moeda falsa no Rio Grande do Norte
moeda	NOUN	0	145	4	PF combate crime de moeda falsa no Rio Grande do Norte
falsa	ADJ	0	145	5	PF combate crime de moeda falsa no Rio Grande do Norte
no	ADP	0	145	6	PF combate crime de moeda falsa no Rio Grande do Norte
Rio	PROPN	0	145	7	PF combate crime de moeda falsa no Rio Grande do Norte
Grande	PROPN	0	145	8	PF combate crime de moeda falsa no Rio Grande do Norte
do	ADP	0	145	9	PF combate crime de moeda falsa no Rio Grande do Norte
Norte	PROPN	0	145	10	PF combate crime de moeda falsa no Rio Grande do Norte
PF	PROPN	1	146	0	PF deflagra a segunda fase da Operação Alcatraz , denominada Hemorragia
deflagra	VERB	1	146	1	PF deflagra a segunda fase da Operação Alcatraz , denominada Hemorragia
a	DET	0	146	2	PF deflagra a segunda fase da Operação Alcatraz , denominada Hemorragia
segunda	ADJ	0	146	3	PF deflagra a segunda fase da Operação Alcatraz , denominada Hemorragia
fase	NOUN	0	146	4	PF deflagra a segunda fase da Operação Alcatraz , denominada Hemorragia
da	ADP	0	146	5	PF deflagra a segunda fase da Operação Alcatraz , denominada Hemorragia
Operação	PROPN	0	146	6	PF deflagra a segunda fase da Operação Alcatraz , denominada Hemorragia
Alcatraz	PROPN	1	146	7	PF deflagra a segunda fase da Operação Alcatraz , denominada Hemorragia
,	PUNCT	0	146	8	PF deflagra a segunda fase da Operação Alcatraz , denominada Hemorragia
denominada	VERB	0	146	9	PF deflagra a segunda fase da Operação Alcatraz , denominada Hemorragia
Hemorragia	NOUN	1	146	10	PF deflagra a segunda fase da Operação Alcatraz , denominada Hemorragia
PF	PROPN	1	147	0	PF , em ação integrada , realiza nova apreensão de agrotóxicos
,	PUNCT	0	147	1	PF , em ação integrada , realiza nova apreensão de agrotóxicos
em	ADP	0	147	2	PF , em ação integrada , realiza nova apreensão de agrotóxicos
ação	NOUN	0	147	3	PF , em ação integrada , realiza nova apreensão de agrotóxicos
integrada	VERB	0	147	4	PF , em ação integrada , realiza nova apreensão de agrotóxicos
,	PUNCT	0	147	5	PF , em ação integrada , realiza nova apreensão de agrotóxicos
realiza	VERB	0	147	6	PF , em ação integrada , realiza nova apreensão de agrotóxicos
nova	ADJ	0	147	7	PF , em ação integrada , realiza nova apreensão de agrotóxicos
apreensão	NOUN	1	147	8	PF , em ação integrada , realiza nova apreensão de agrotóxicos
de	ADP	0	147	9	PF , em ação integrada , realiza nova apreensão de agrotóxicos
agrotóxicos	NOUN	1	147	10	PF , em ação integrada , realiza nova apreensão de agrotóxicos
PF	PROPN	1	148	0	PF e PM apreendem 450 kg de agrotóxicos em Guaíra PR
e	CCONJ	0	148	1	PF e PM apreendem 450 kg de agrotóxicos em Guaíra PR
PM	PROPN	0	148	2	PF e PM apreendem 450 kg de agrotóxicos em Guaíra PR
apreendem	VERB	1	148	3	PF e PM apreendem 450 kg de agrotóxicos em Guaíra PR
450	NUM	0	148	4	PF e PM apreendem 450 kg de agrotóxicos em Guaíra PR
kg	NOUN	0	148	5	PF e PM apreendem 450 kg de agrotóxicos em Guaíra PR
de	ADP	0	148	6	PF e PM apreendem 450 kg de agrotóxicos em Guaíra PR
agrotóxicos	NOUN	1	148	7	PF e PM apreendem 450 kg de agrotóxicos em Guaíra PR
em	ADP	0	148	8	PF e PM apreendem 450 kg de agrotóxicos em Guaíra PR
Guaíra	PROPN	1	148	9	PF e PM apreendem 450 kg de agrotóxicos em Guaíra PR
PR	PROPN	0	148	10	PF e PM apreendem 450 kg de agrotóxicos em Guaíra PR
PF	PROPN	1	149	0	PF apreende quase 8 kg de cocaína em São Paulo
apreende	VERB	1	149	1	PF apreende quase 8 kg de cocaína em São Paulo
quase	ADV	0	149	2	PF apreende quase 8 kg de cocaína em São Paulo
8	NUM	0	149	3	PF apreende quase 8 kg de cocaína em São Paulo
kg	NOUN	0	149	4	PF apreende quase 8 kg de cocaína em São Paulo
de	ADP	0	149	5	PF apreende quase 8 kg de cocaína em São Paulo
cocaína	NOUN	1	149	6	PF apreende quase 8 kg de cocaína em São Paulo
em	ADP	0	149	7	PF apreende quase 8 kg de cocaína em São Paulo
São	PROPN	0	149	8	PF apreende quase 8 kg de cocaína em São Paulo
Paulo	PROPN	0	149	9	PF apreende quase 8 kg de cocaína em São Paulo
Polícia	PROPN	0	150	0	Polícia Federal e Receita Federal apreendem 435 mil reais na fronteira com o Uruguai
Federal	PROPN	0	150	1	Polícia Federal e Receita Federal apreendem 435 mil reais na fronteira com o Uruguai
e	CCONJ	0	150	2	Polícia Federal e Receita Federal apreendem 435 mil reais na fronteira com o Uruguai
Receita	PROPN	1	150	3	Polícia Federal e Receita Federal apreendem 435 mil reais na fronteira com o Uruguai
Federal	PROPN	0	150	4	Polícia Federal e Receita Federal apreendem 435 mil reais na fronteira com o Uruguai
apreendem	VERB	1	150	5	Polícia Federal e Receita Federal apreendem 435 mil reais na fronteira com o Uruguai
435	NUM	1	150	6	Polícia Federal e Receita Federal apreendem 435 mil reais na fronteira com o Uruguai
mil	NUM	0	150	7	Polícia Federal e Receita Federal apreendem 435 mil reais na fronteira com o Uruguai
reais	NOUN	0	150	8	Polícia Federal e Receita Federal apreendem 435 mil reais na fronteira com o Uruguai
na	ADP	0	150	9	Polícia Federal e Receita Federal apreendem 435 mil reais na fronteira com o Uruguai
fronteira	NOUN	0	150	10	Polícia Federal e Receita Federal apreendem 435 mil reais na fronteira com o Uruguai
com	ADP	0	150	11	Polícia Federal e Receita Federal apreendem 435 mil reais na fronteira com o Uruguai
o	DET	0	150	12	Polícia Federal e Receita Federal apreendem 435 mil reais na fronteira com o Uruguai
Uruguai	PROPN	0	150	13	Polícia Federal e Receita Federal apreendem 435 mil reais na fronteira com o Uruguai
Polícia	PROPN	0	151	0	Polícia Federal realiza prisão de destinatário de drogas pelos Correios
Federal	PROPN	0	151	1	Polícia Federal realiza prisão de destinatário de drogas pelos Correios
realiza	VERB	0	151	2	Polícia Federal realiza prisão de destinatário de drogas pelos Correios
prisão	NOUN	0	151	3	Polícia Federal realiza prisão de destinatário de drogas pelos Correios
de	ADP	0	151	4	Polícia Federal realiza prisão de destinatário de drogas pelos Correios
destinatário	NOUN	1	151	5	Polícia Federal realiza prisão de destinatário de drogas pelos Correios
de	ADP	0	151	6	Polícia Federal realiza prisão de destinatário de drogas pelos Correios
drogas	NOUN	0	151	7	Polícia Federal realiza prisão de destinatário de drogas pelos Correios
pelos	ADP	0	151	8	Polícia Federal realiza prisão de destinatário de drogas pelos Correios
Correios	NOUN	1	151	9	Polícia Federal realiza prisão de destinatário de drogas pelos Correios
PF	PROPN	1	152	0	PF combate extração ilegal de minério de ouro no Pará
combate	VERB	0	152	1	PF combate extração ilegal de minério de ouro no Pará
extração	NOUN	0	152	2	PF combate extração ilegal de minério de ouro no Pará
ilegal	ADJ	0	152	3	PF combate extração ilegal de minério de ouro no Pará
de	ADP	0	152	4	PF combate extração ilegal de minério de ouro no Pará
minério	NOUN	0	152	5	PF combate extração ilegal de minério de ouro no Pará
de	ADP	0	152	6	PF combate extração ilegal de minério de ouro no Pará
ouro	NOUN	0	152	7	PF combate extração ilegal de minério de ouro no Pará
no	ADP	0	152	8	PF combate extração ilegal de minério de ouro no Pará
Pará	PROPN	0	152	9	PF combate extração ilegal de minério de ouro no Pará
PF	PROPN	1	153	0	PF , no âmbito da Operação Hórus , apreende mais um carregamento de maconha
,	PUNCT	0	153	1	PF , no âmbito da Operação Hórus , apreende mais um carregamento de maconha
no	ADP	0	153	2	PF , no âmbito da Operação Hórus , apreende mais um carregamento de maconha
âmbito	NOUN	0	153	3	PF , no âmbito da Operação Hórus , apreende mais um carregamento de maconha
da	ADP	0	153	4	PF , no âmbito da Operação Hórus , apreende mais um carregamento de maconha
Operação	PROPN	0	153	5	PF , no âmbito da Operação Hórus , apreende mais um carregamento de maconha
Hórus	PROPN	1	153	6	PF , no âmbito da Operação Hórus , apreende mais um carregamento de maconha
,	PUNCT	0	153	7	PF , no âmbito da Operação Hórus , apreende mais um carregamento de maconha
apreende	VERB	1	153	8	PF , no âmbito da Operação Hórus , apreende mais um carregamento de maconha
mais	ADV	0	153	9	PF , no âmbito da Operação Hórus , apreende mais um carregamento de maconha
um	NUM	0	153	10	PF , no âmbito da Operação Hórus , apreende mais um carregamento de maconha
carregamento	NOUN	1	153	11	PF , no âmbito da Operação Hórus , apreende mais um carregamento de maconha
de	ADP	0	153	12	PF , no âmbito da Operação Hórus , apreende mais um carregamento de maconha
maconha	NOUN	1	153	13	PF , no âmbito da Operação Hórus , apreende mais um carregamento de maconha
Polícia	PROPN	0	154	0	Polícia Federal deflagra Operação Cash Delivery para apurar prejuízo de 600 mil reais a clientes da Caixa Econômica Federal de Jaguarão RS
Federal	PROPN	0	154	1	Polícia Federal deflagra Operação Cash Delivery para apurar prejuízo de 600 mil reais a clientes da Caixa Econômica Federal de Jaguarão RS
deflagra	VERB	1	154	2	Polícia Federal deflagra Operação Cash Delivery para apurar prejuízo de 600 mil reais a clientes da Caixa Econômica Federal de Jaguarão RS
Operação	NOUN	0	154	3	Polícia Federal deflagra Operação Cash Delivery para apurar prejuízo de 600 mil reais a clientes da Caixa Econômica Federal de Jaguarão RS
Cash	PROPN	1	154	4	Polícia Federal deflagra Operação Cash Delivery para apurar prejuízo de 600 mil reais a clientes da Caixa Econômica Federal de Jaguarão RS
Delivery	PROPN	1	154	5	Polícia Federal deflagra Operação Cash Delivery para apurar prejuízo de 600 mil reais a clientes da Caixa Econômica Federal de Jaguarão RS
para	SCONJ	0	154	6	Polícia Federal deflagra Operação Cash Delivery para apurar prejuízo de 600 mil reais a clientes da Caixa Econômica Federal de Jaguarão RS
apurar	VERB	1	154	7	Polícia Federal deflagra Operação Cash Delivery para apurar prejuízo de 600 mil reais a clientes da Caixa Econômica Federal de Jaguarão RS
prejuízo	NOUN	0	154	8	Polícia Federal deflagra Operação Cash Delivery para apurar prejuízo de 600 mil reais a clientes da Caixa Econômica Federal de Jaguarão RS
de	ADP	0	154	9	Polícia Federal deflagra Operação Cash Delivery para apurar prejuízo de 600 mil reais a clientes da Caixa Econômica Federal de Jaguarão RS
600	NUM	0	154	10	Polícia Federal deflagra Operação Cash Delivery para apurar prejuízo de 600 mil reais a clientes da Caixa Econômica Federal de Jaguarão RS
mil	NUM	0	154	11	Polícia Federal deflagra Operação Cash Delivery para apurar prejuízo de 600 mil reais a clientes da Caixa Econômica Federal de Jaguarão RS
reais	ADJ	0	154	12	Polícia Federal deflagra Operação Cash Delivery para apurar prejuízo de 600 mil reais a clientes da Caixa Econômica Federal de Jaguarão RS
a	ADP	0	154	13	Polícia Federal deflagra Operação Cash Delivery para apurar prejuízo de 600 mil reais a clientes da Caixa Econômica Federal de Jaguarão RS
clientes	NOUN	0	154	14	Polícia Federal deflagra Operação Cash Delivery para apurar prejuízo de 600 mil reais a clientes da Caixa Econômica Federal de Jaguarão RS
da	ADP	0	154	15	Polícia Federal deflagra Operação Cash Delivery para apurar prejuízo de 600 mil reais a clientes da Caixa Econômica Federal de Jaguarão RS
Caixa	PROPN	0	154	16	Polícia Federal deflagra Operação Cash Delivery para apurar prejuízo de 600 mil reais a clientes da Caixa Econômica Federal de Jaguarão RS
Econômica	PROPN	0	154	17	Polícia Federal deflagra Operação Cash Delivery para apurar prejuízo de 600 mil reais a clientes da Caixa Econômica Federal de Jaguarão RS
Federal	PROPN	0	154	18	Polícia Federal deflagra Operação Cash Delivery para apurar prejuízo de 600 mil reais a clientes da Caixa Econômica Federal de Jaguarão RS
de	ADP	0	154	19	Polícia Federal deflagra Operação Cash Delivery para apurar prejuízo de 600 mil reais a clientes da Caixa Econômica Federal de Jaguarão RS
Jaguarão	PROPN	1	154	20	Polícia Federal deflagra Operação Cash Delivery para apurar prejuízo de 600 mil reais a clientes da Caixa Econômica Federal de Jaguarão RS
RS	PROPN	0	154	21	Polícia Federal deflagra Operação Cash Delivery para apurar prejuízo de 600 mil reais a clientes da Caixa Econômica Federal de Jaguarão RS
PF	PROPN	1	155	0	PF prende traficante holandês procurado pela Interpol no Rio de Janeiro
prende	VERB	1	155	1	PF prende traficante holandês procurado pela Interpol no Rio de Janeiro
traficante	NOUN	1	155	2	PF prende traficante holandês procurado pela Interpol no Rio de Janeiro
holandês	ADJ	0	155	3	PF prende traficante holandês procurado pela Interpol no Rio de Janeiro
procurado	VERB	0	155	4	PF prende traficante holandês procurado pela Interpol no Rio de Janeiro
pela	ADP	0	155	5	PF prende traficante holandês procurado pela Interpol no Rio de Janeiro
Interpol	PROPN	1	155	6	PF prende traficante holandês procurado pela Interpol no Rio de Janeiro
no	ADP	0	155	7	PF prende traficante holandês procurado pela Interpol no Rio de Janeiro
Rio	PROPN	0	155	8	PF prende traficante holandês procurado pela Interpol no Rio de Janeiro
de	ADP	0	155	9	PF prende traficante holandês procurado pela Interpol no Rio de Janeiro
Janeiro	PROPN	0	155	10	PF prende traficante holandês procurado pela Interpol no Rio de Janeiro
PF	PROPN	1	156	0	PF combate divulgação de pornografia infantojuvenil pela internet
combate	VERB	0	156	1	PF combate divulgação de pornografia infantojuvenil pela internet
divulgação	NOUN	0	156	2	PF combate divulgação de pornografia infantojuvenil pela internet
de	ADP	0	156	3	PF combate divulgação de pornografia infantojuvenil pela internet
pornografia	NOUN	1	156	4	PF combate divulgação de pornografia infantojuvenil pela internet
infantojuvenil	ADJ	1	156	5	PF combate divulgação de pornografia infantojuvenil pela internet
pela	ADP	0	156	6	PF combate divulgação de pornografia infantojuvenil pela internet
internet	PROPN	0	156	7	PF combate divulgação de pornografia infantojuvenil pela internet
PF	PROPN	1	157	0	PF extradita da Espanha procurada pela Interpol
extradita	VERB	1	157	1	PF extradita da Espanha procurada pela Interpol
da	ADP	0	157	2	PF extradita da Espanha procurada pela Interpol
Espanha	PROPN	0	157	3	PF extradita da Espanha procurada pela Interpol
procurada	VERB	1	157	4	PF extradita da Espanha procurada pela Interpol
pela	ADP	0	157	5	PF extradita da Espanha procurada pela Interpol
Interpol	PROPN	1	157	6	PF extradita da Espanha procurada pela Interpol
PF	PROPN	1	158	0	PF investiga desvio de recursos públicos destinados ao custeio de centros de educação infantil e creches
investiga	VERB	1	158	1	PF investiga desvio de recursos públicos destinados ao custeio de centros de educação infantil e creches
desvio	NOUN	0	158	2	PF investiga desvio de recursos públicos destinados ao custeio de centros de educação infantil e creches
de	ADP	0	158	3	PF investiga desvio de recursos públicos destinados ao custeio de centros de educação infantil e creches
recursos	NOUN	0	158	4	PF investiga desvio de recursos públicos destinados ao custeio de centros de educação infantil e creches
públicos	ADJ	0	158	5	PF investiga desvio de recursos públicos destinados ao custeio de centros de educação infantil e creches
destinados	VERB	0	158	6	PF investiga desvio de recursos públicos destinados ao custeio de centros de educação infantil e creches
ao	ADP	0	158	7	PF investiga desvio de recursos públicos destinados ao custeio de centros de educação infantil e creches
custeio	NOUN	1	158	8	PF investiga desvio de recursos públicos destinados ao custeio de centros de educação infantil e creches
de	ADP	0	158	9	PF investiga desvio de recursos públicos destinados ao custeio de centros de educação infantil e creches
centros	NOUN	0	158	10	PF investiga desvio de recursos públicos destinados ao custeio de centros de educação infantil e creches
de	ADP	0	158	11	PF investiga desvio de recursos públicos destinados ao custeio de centros de educação infantil e creches
educação	NOUN	0	158	12	PF investiga desvio de recursos públicos destinados ao custeio de centros de educação infantil e creches
infantil	ADJ	0	158	13	PF investiga desvio de recursos públicos destinados ao custeio de centros de educação infantil e creches
e	CCONJ	0	158	14	PF investiga desvio de recursos públicos destinados ao custeio de centros de educação infantil e creches
creches	NOUN	1	158	15	PF investiga desvio de recursos públicos destinados ao custeio de centros de educação infantil e creches
Polícia	PROPN	0	159	0	Polícia Federal prende foragido da Justiça de Santa Catarina
Federal	PROPN	0	159	1	Polícia Federal prende foragido da Justiça de Santa Catarina
prende	VERB	1	159	2	Polícia Federal prende foragido da Justiça de Santa Catarina
foragido	NOUN	1	159	3	Polícia Federal prende foragido da Justiça de Santa Catarina
da	ADP	0	159	4	Polícia Federal prende foragido da Justiça de Santa Catarina
Justiça	PROPN	0	159	5	Polícia Federal prende foragido da Justiça de Santa Catarina
de	ADP	0	159	6	Polícia Federal prende foragido da Justiça de Santa Catarina
Santa	PROPN	0	159	7	Polícia Federal prende foragido da Justiça de Santa Catarina
Catarina	PROPN	0	159	8	Polícia Federal prende foragido da Justiça de Santa Catarina
PF	PROPN	1	160	0	PF remove líder de facção criminosa para presídio federal
remove	VERB	1	160	1	PF remove líder de facção criminosa para presídio federal
líder	NOUN	0	160	2	PF remove líder de facção criminosa para presídio federal
de	ADP	0	160	3	PF remove líder de facção criminosa para presídio federal
facção	NOUN	0	160	4	PF remove líder de facção criminosa para presídio federal
criminosa	ADJ	1	160	5	PF remove líder de facção criminosa para presídio federal
para	ADP	0	160	6	PF remove líder de facção criminosa para presídio federal
presídio	NOUN	1	160	7	PF remove líder de facção criminosa para presídio federal
federal	ADJ	0	160	8	PF remove líder de facção criminosa para presídio federal
PF	PROPN	1	161	0	PF prende suspeito de disseminação de pornografia infantil na internet
prende	VERB	1	161	1	PF prende suspeito de disseminação de pornografia infantil na internet
suspeito	NOUN	0	161	2	PF prende suspeito de disseminação de pornografia infantil na internet
de	ADP	0	161	3	PF prende suspeito de disseminação de pornografia infantil na internet
disseminação	NOUN	1	161	4	PF prende suspeito de disseminação de pornografia infantil na internet
de	ADP	0	161	5	PF prende suspeito de disseminação de pornografia infantil na internet
pornografia	NOUN	1	161	6	PF prende suspeito de disseminação de pornografia infantil na internet
infantil	ADJ	0	161	7	PF prende suspeito de disseminação de pornografia infantil na internet
na	ADP	0	161	8	PF prende suspeito de disseminação de pornografia infantil na internet
internet	PROPN	0	161	9	PF prende suspeito de disseminação de pornografia infantil na internet
Publicado	VERB	1	162	0	Publicado edital do concurso da Polícia Federal
edital	NOUN	1	162	1	Publicado edital do concurso da Polícia Federal
do	ADP	0	162	2	Publicado edital do concurso da Polícia Federal
concurso	NOUN	0	162	3	Publicado edital do concurso da Polícia Federal
da	ADP	0	162	4	Publicado edital do concurso da Polícia Federal
Polícia	PROPN	0	162	5	Publicado edital do concurso da Polícia Federal
Federal	PROPN	0	162	6	Publicado edital do concurso da Polícia Federal
PF	PROPN	1	163	0	PF , em ação conjunta com a PRF , apreendeu grande quantidade de cigarros no Litoral Sul Potiguar
,	PUNCT	0	163	1	PF , em ação conjunta com a PRF , apreendeu grande quantidade de cigarros no Litoral Sul Potiguar
em	ADP	0	163	2	PF , em ação conjunta com a PRF , apreendeu grande quantidade de cigarros no Litoral Sul Potiguar
ação	NOUN	0	163	3	PF , em ação conjunta com a PRF , apreendeu grande quantidade de cigarros no Litoral Sul Potiguar
conjunta	ADJ	0	163	4	PF , em ação conjunta com a PRF , apreendeu grande quantidade de cigarros no Litoral Sul Potiguar
com	ADP	0	163	5	PF , em ação conjunta com a PRF , apreendeu grande quantidade de cigarros no Litoral Sul Potiguar
a	DET	0	163	6	PF , em ação conjunta com a PRF , apreendeu grande quantidade de cigarros no Litoral Sul Potiguar
PRF	PROPN	1	163	7	PF , em ação conjunta com a PRF , apreendeu grande quantidade de cigarros no Litoral Sul Potiguar
,	PUNCT	0	163	8	PF , em ação conjunta com a PRF , apreendeu grande quantidade de cigarros no Litoral Sul Potiguar
apreendeu	VERB	1	163	9	PF , em ação conjunta com a PRF , apreendeu grande quantidade de cigarros no Litoral Sul Potiguar
grande	ADJ	0	163	10	PF , em ação conjunta com a PRF , apreendeu grande quantidade de cigarros no Litoral Sul Potiguar
quantidade	NOUN	0	163	11	PF , em ação conjunta com a PRF , apreendeu grande quantidade de cigarros no Litoral Sul Potiguar
de	ADP	0	163	12	PF , em ação conjunta com a PRF , apreendeu grande quantidade de cigarros no Litoral Sul Potiguar
cigarros	NOUN	1	163	13	PF , em ação conjunta com a PRF , apreendeu grande quantidade de cigarros no Litoral Sul Potiguar
no	ADP	0	163	14	PF , em ação conjunta com a PRF , apreendeu grande quantidade de cigarros no Litoral Sul Potiguar
Litoral	PROPN	1	163	15	PF , em ação conjunta com a PRF , apreendeu grande quantidade de cigarros no Litoral Sul Potiguar
Sul	PROPN	0	163	16	PF , em ação conjunta com a PRF , apreendeu grande quantidade de cigarros no Litoral Sul Potiguar
Potiguar	PROPN	1	163	17	PF , em ação conjunta com a PRF , apreendeu grande quantidade de cigarros no Litoral Sul Potiguar
PF	PROPN	1	164	0	PF prende por uso de documentos falsos
prende	VERB	1	164	1	PF prende por uso de documentos falsos
por	ADP	0	164	2	PF prende por uso de documentos falsos
uso	NOUN	0	164	3	PF prende por uso de documentos falsos
de	ADP	0	164	4	PF prende por uso de documentos falsos
documentos	NOUN	0	164	5	PF prende por uso de documentos falsos
falsos	ADJ	1	164	6	PF prende por uso de documentos falsos
PF	PROPN	1	165	0	PF , em ação conjunta , deflagrou a Operação Festa Branca em Rondônia
,	PUNCT	0	165	1	PF , em ação conjunta , deflagrou a Operação Festa Branca em Rondônia
em	ADP	0	165	2	PF , em ação conjunta , deflagrou a Operação Festa Branca em Rondônia
ação	NOUN	0	165	3	PF , em ação conjunta , deflagrou a Operação Festa Branca em Rondônia
conjunta	ADJ	0	165	4	PF , em ação conjunta , deflagrou a Operação Festa Branca em Rondônia
,	PUNCT	0	165	5	PF , em ação conjunta , deflagrou a Operação Festa Branca em Rondônia
deflagrou	VERB	1	165	6	PF , em ação conjunta , deflagrou a Operação Festa Branca em Rondônia
a	DET	0	165	7	PF , em ação conjunta , deflagrou a Operação Festa Branca em Rondônia
Operação	PROPN	0	165	8	PF , em ação conjunta , deflagrou a Operação Festa Branca em Rondônia
Festa	PROPN	0	165	9	PF , em ação conjunta , deflagrou a Operação Festa Branca em Rondônia
Branca	PROPN	0	165	10	PF , em ação conjunta , deflagrou a Operação Festa Branca em Rondônia
em	ADP	0	165	11	PF , em ação conjunta , deflagrou a Operação Festa Branca em Rondônia
Rondônia	PROPN	0	165	12	PF , em ação conjunta , deflagrou a Operação Festa Branca em Rondônia
PF	PROPN	1	166	0	PF desarticula grupo criminoso especializado em tráfico de drogas em Pernambuco
desarticula	VERB	1	166	1	PF desarticula grupo criminoso especializado em tráfico de drogas em Pernambuco
grupo	NOUN	0	166	2	PF desarticula grupo criminoso especializado em tráfico de drogas em Pernambuco
criminoso	ADJ	0	166	3	PF desarticula grupo criminoso especializado em tráfico de drogas em Pernambuco
especializado	VERB	0	166	4	PF desarticula grupo criminoso especializado em tráfico de drogas em Pernambuco
em	ADP	0	166	5	PF desarticula grupo criminoso especializado em tráfico de drogas em Pernambuco
tráfico	NOUN	0	166	6	PF desarticula grupo criminoso especializado em tráfico de drogas em Pernambuco
de	ADP	0	166	7	PF desarticula grupo criminoso especializado em tráfico de drogas em Pernambuco
drogas	NOUN	0	166	8	PF desarticula grupo criminoso especializado em tráfico de drogas em Pernambuco
em	ADP	0	166	9	PF desarticula grupo criminoso especializado em tráfico de drogas em Pernambuco
Pernambuco	PROPN	0	166	10	PF desarticula grupo criminoso especializado em tráfico de drogas em Pernambuco
PF	PROPN	1	167	0	PF prende por saques de benefícios fraudulentos do INSS
prende	VERB	1	167	1	PF prende por saques de benefícios fraudulentos do INSS
por	ADP	0	167	2	PF prende por saques de benefícios fraudulentos do INSS
saques	NOUN	1	167	3	PF prende por saques de benefícios fraudulentos do INSS
de	ADP	0	167	4	PF prende por saques de benefícios fraudulentos do INSS
benefícios	NOUN	0	167	5	PF prende por saques de benefícios fraudulentos do INSS
fraudulentos	ADJ	1	167	6	PF prende por saques de benefícios fraudulentos do INSS
do	ADP	0	167	7	PF prende por saques de benefícios fraudulentos do INSS
INSS	PROPN	1	167	8	PF prende por saques de benefícios fraudulentos do INSS
PF	PROPN	1	168	0	PF deflagra mais uma fase da Operação Pesadelo no Espirito Santo
deflagra	VERB	1	168	1	PF deflagra mais uma fase da Operação Pesadelo no Espirito Santo
mais	ADV	0	168	2	PF deflagra mais uma fase da Operação Pesadelo no Espirito Santo
uma	NUM	0	168	3	PF deflagra mais uma fase da Operação Pesadelo no Espirito Santo
fase	NOUN	0	168	4	PF deflagra mais uma fase da Operação Pesadelo no Espirito Santo
da	ADP	0	168	5	PF deflagra mais uma fase da Operação Pesadelo no Espirito Santo
Operação	PROPN	0	168	6	PF deflagra mais uma fase da Operação Pesadelo no Espirito Santo
Pesadelo	PROPN	1	168	7	PF deflagra mais uma fase da Operação Pesadelo no Espirito Santo
no	ADP	0	168	8	PF deflagra mais uma fase da Operação Pesadelo no Espirito Santo
Espirito	PROPN	1	168	9	PF deflagra mais uma fase da Operação Pesadelo no Espirito Santo
Santo	PROPN	0	168	10	PF deflagra mais uma fase da Operação Pesadelo no Espirito Santo
PF	PROPN	1	169	0	PF prende quatro pessoas por tráfico de drogas em Roraima
prende	VERB	1	169	1	PF prende quatro pessoas por tráfico de drogas em Roraima
quatro	NUM	0	169	2	PF prende quatro pessoas por tráfico de drogas em Roraima
pessoas	NOUN	0	169	3	PF prende quatro pessoas por tráfico de drogas em Roraima
por	ADP	0	169	4	PF prende quatro pessoas por tráfico de drogas em Roraima
tráfico	NOUN	0	169	5	PF prende quatro pessoas por tráfico de drogas em Roraima
de	ADP	0	169	6	PF prende quatro pessoas por tráfico de drogas em Roraima
drogas	NOUN	0	169	7	PF prende quatro pessoas por tráfico de drogas em Roraima
em	ADP	0	169	8	PF prende quatro pessoas por tráfico de drogas em Roraima
Roraima	PROPN	0	169	9	PF prende quatro pessoas por tráfico de drogas em Roraima
PF	PROPN	1	170	0	PF participa de visita a entidades estadunidenses responsáveis pelo combate ao tráfico de madeiras
participa	VERB	0	170	1	PF participa de visita a entidades estadunidenses responsáveis pelo combate ao tráfico de madeiras
de	ADP	0	170	2	PF participa de visita a entidades estadunidenses responsáveis pelo combate ao tráfico de madeiras
visita	NOUN	0	170	3	PF participa de visita a entidades estadunidenses responsáveis pelo combate ao tráfico de madeiras
a	ADP	0	170	4	PF participa de visita a entidades estadunidenses responsáveis pelo combate ao tráfico de madeiras
entidades	NOUN	0	170	5	PF participa de visita a entidades estadunidenses responsáveis pelo combate ao tráfico de madeiras
estadunidenses	ADJ	0	170	6	PF participa de visita a entidades estadunidenses responsáveis pelo combate ao tráfico de madeiras
responsáveis	ADJ	0	170	7	PF participa de visita a entidades estadunidenses responsáveis pelo combate ao tráfico de madeiras
pelo	ADP	0	170	8	PF participa de visita a entidades estadunidenses responsáveis pelo combate ao tráfico de madeiras
combate	NOUN	0	170	9	PF participa de visita a entidades estadunidenses responsáveis pelo combate ao tráfico de madeiras
ao	ADP	0	170	10	PF participa de visita a entidades estadunidenses responsáveis pelo combate ao tráfico de madeiras
tráfico	NOUN	0	170	11	PF participa de visita a entidades estadunidenses responsáveis pelo combate ao tráfico de madeiras
de	ADP	0	170	12	PF participa de visita a entidades estadunidenses responsáveis pelo combate ao tráfico de madeiras
madeiras	NOUN	1	170	13	PF participa de visita a entidades estadunidenses responsáveis pelo combate ao tráfico de madeiras
PF	PROPN	1	171	0	PF apreende embarcação preparada para o transporte de ilícitos
apreende	VERB	1	171	1	PF apreende embarcação preparada para o transporte de ilícitos
embarcação	NOUN	0	171	2	PF apreende embarcação preparada para o transporte de ilícitos
preparada	VERB	1	171	3	PF apreende embarcação preparada para o transporte de ilícitos
para	ADP	0	171	4	PF apreende embarcação preparada para o transporte de ilícitos
o	DET	0	171	5	PF apreende embarcação preparada para o transporte de ilícitos
transporte	NOUN	0	171	6	PF apreende embarcação preparada para o transporte de ilícitos
de	ADP	0	171	7	PF apreende embarcação preparada para o transporte de ilícitos
ilícitos	NOUN	1	171	8	PF apreende embarcação preparada para o transporte de ilícitos
OPERA	PROPN	1	172	0	OPERA O H RUS PF apreende aproximadamente 250 mil maços de cigarros contrabandeados no Paraná
O	DET	0	172	1	OPERA O H RUS PF apreende aproximadamente 250 mil maços de cigarros contrabandeados no Paraná
H	NOUN	0	172	2	OPERA O H RUS PF apreende aproximadamente 250 mil maços de cigarros contrabandeados no Paraná
RUS	PROPN	1	172	3	OPERA O H RUS PF apreende aproximadamente 250 mil maços de cigarros contrabandeados no Paraná
PF	PROPN	1	172	4	OPERA O H RUS PF apreende aproximadamente 250 mil maços de cigarros contrabandeados no Paraná
apreende	VERB	1	172	5	OPERA O H RUS PF apreende aproximadamente 250 mil maços de cigarros contrabandeados no Paraná
aproximadamente	ADV	0	172	6	OPERA O H RUS PF apreende aproximadamente 250 mil maços de cigarros contrabandeados no Paraná
250	NUM	0	172	7	OPERA O H RUS PF apreende aproximadamente 250 mil maços de cigarros contrabandeados no Paraná
mil	NUM	0	172	8	OPERA O H RUS PF apreende aproximadamente 250 mil maços de cigarros contrabandeados no Paraná
maços	NOUN	1	172	9	OPERA O H RUS PF apreende aproximadamente 250 mil maços de cigarros contrabandeados no Paraná
de	ADP	0	172	10	OPERA O H RUS PF apreende aproximadamente 250 mil maços de cigarros contrabandeados no Paraná
cigarros	NOUN	1	172	11	OPERA O H RUS PF apreende aproximadamente 250 mil maços de cigarros contrabandeados no Paraná
contrabandeados	VERB	1	172	12	OPERA O H RUS PF apreende aproximadamente 250 mil maços de cigarros contrabandeados no Paraná
no	ADP	0	172	13	OPERA O H RUS PF apreende aproximadamente 250 mil maços de cigarros contrabandeados no Paraná
Paraná	PROPN	0	172	14	OPERA O H RUS PF apreende aproximadamente 250 mil maços de cigarros contrabandeados no Paraná
PF	PROPN	1	173	0	PF deflagra operação Tantos no combate ao crime de compra de votos no Ceará
deflagra	VERB	1	173	1	PF deflagra operação Tantos no combate ao crime de compra de votos no Ceará
operação	NOUN	0	173	2	PF deflagra operação Tantos no combate ao crime de compra de votos no Ceará
Tantos	PRON	1	173	3	PF deflagra operação Tantos no combate ao crime de compra de votos no Ceará
no	ADP	0	173	4	PF deflagra operação Tantos no combate ao crime de compra de votos no Ceará
combate	NOUN	0	173	5	PF deflagra operação Tantos no combate ao crime de compra de votos no Ceará
ao	ADP	0	173	6	PF deflagra operação Tantos no combate ao crime de compra de votos no Ceará
crime	NOUN	0	173	7	PF deflagra operação Tantos no combate ao crime de compra de votos no Ceará
de	ADP	0	173	8	PF deflagra operação Tantos no combate ao crime de compra de votos no Ceará
compra	NOUN	0	173	9	PF deflagra operação Tantos no combate ao crime de compra de votos no Ceará
de	ADP	0	173	10	PF deflagra operação Tantos no combate ao crime de compra de votos no Ceará
votos	NOUN	0	173	11	PF deflagra operação Tantos no combate ao crime de compra de votos no Ceará
no	ADP	0	173	12	PF deflagra operação Tantos no combate ao crime de compra de votos no Ceará
Ceará	PROPN	0	173	13	PF deflagra operação Tantos no combate ao crime de compra de votos no Ceará
PF	PROPN	1	174	0	PF apreende uma tonelada de maconha no Paraná
apreende	VERB	1	174	1	PF apreende uma tonelada de maconha no Paraná
uma	DET	0	174	2	PF apreende uma tonelada de maconha no Paraná
tonelada	NOUN	1	174	3	PF apreende uma tonelada de maconha no Paraná
de	ADP	0	174	4	PF apreende uma tonelada de maconha no Paraná
maconha	NOUN	1	174	5	PF apreende uma tonelada de maconha no Paraná
no	ADP	0	174	6	PF apreende uma tonelada de maconha no Paraná
Paraná	PROPN	0	174	7	PF apreende uma tonelada de maconha no Paraná
PF	PROPN	1	175	0	PF cumpre mandado de prisão temporária de distribuidor de células falsas
cumpre	VERB	1	175	1	PF cumpre mandado de prisão temporária de distribuidor de células falsas
mandado	VERB	0	175	2	PF cumpre mandado de prisão temporária de distribuidor de células falsas
de	ADP	0	175	3	PF cumpre mandado de prisão temporária de distribuidor de células falsas
prisão	NOUN	0	175	4	PF cumpre mandado de prisão temporária de distribuidor de células falsas
temporária	ADJ	0	175	5	PF cumpre mandado de prisão temporária de distribuidor de células falsas
de	ADP	0	175	6	PF cumpre mandado de prisão temporária de distribuidor de células falsas
distribuidor	NOUN	1	175	7	PF cumpre mandado de prisão temporária de distribuidor de células falsas
de	ADP	0	175	8	PF cumpre mandado de prisão temporária de distribuidor de células falsas
células	NOUN	0	175	9	PF cumpre mandado de prisão temporária de distribuidor de células falsas
falsas	ADJ	0	175	10	PF cumpre mandado de prisão temporária de distribuidor de células falsas
Polícia	PROPN	0	176	0	Polícia Federal realiza extradição de cidadão paraguaio , com destino à cidade de Buenos Aires Argentina
Federal	PROPN	0	176	1	Polícia Federal realiza extradição de cidadão paraguaio , com destino à cidade de Buenos Aires Argentina
realiza	VERB	0	176	2	Polícia Federal realiza extradição de cidadão paraguaio , com destino à cidade de Buenos Aires Argentina
extradição	NOUN	1	176	3	Polícia Federal realiza extradição de cidadão paraguaio , com destino à cidade de Buenos Aires Argentina
de	ADP	0	176	4	Polícia Federal realiza extradição de cidadão paraguaio , com destino à cidade de Buenos Aires Argentina
cidadão	NOUN	0	176	5	Polícia Federal realiza extradição de cidadão paraguaio , com destino à cidade de Buenos Aires Argentina
paraguaio	ADJ	1	176	6	Polícia Federal realiza extradição de cidadão paraguaio , com destino à cidade de Buenos Aires Argentina
,	PUNCT	0	176	7	Polícia Federal realiza extradição de cidadão paraguaio , com destino à cidade de Buenos Aires Argentina
com	ADP	0	176	8	Polícia Federal realiza extradição de cidadão paraguaio , com destino à cidade de Buenos Aires Argentina
destino	NOUN	0	176	9	Polícia Federal realiza extradição de cidadão paraguaio , com destino à cidade de Buenos Aires Argentina
à	ADP	0	176	10	Polícia Federal realiza extradição de cidadão paraguaio , com destino à cidade de Buenos Aires Argentina
cidade	NOUN	0	176	11	Polícia Federal realiza extradição de cidadão paraguaio , com destino à cidade de Buenos Aires Argentina
de	ADP	0	176	12	Polícia Federal realiza extradição de cidadão paraguaio , com destino à cidade de Buenos Aires Argentina
Buenos	PROPN	0	176	13	Polícia Federal realiza extradição de cidadão paraguaio , com destino à cidade de Buenos Aires Argentina
Aires	PROPN	0	176	14	Polícia Federal realiza extradição de cidadão paraguaio , com destino à cidade de Buenos Aires Argentina
Argentina	PROPN	0	176	15	Polícia Federal realiza extradição de cidadão paraguaio , com destino à cidade de Buenos Aires Argentina
Polícia	PROPN	0	177	0	Polícia Federal realiza primeira apreensão de cocaína do ano de 2021 no aeroporto internacional dos Guararapes
Federal	PROPN	0	177	1	Polícia Federal realiza primeira apreensão de cocaína do ano de 2021 no aeroporto internacional dos Guararapes
realiza	VERB	0	177	2	Polícia Federal realiza primeira apreensão de cocaína do ano de 2021 no aeroporto internacional dos Guararapes
primeira	ADJ	0	177	3	Polícia Federal realiza primeira apreensão de cocaína do ano de 2021 no aeroporto internacional dos Guararapes
apreensão	NOUN	1	177	4	Polícia Federal realiza primeira apreensão de cocaína do ano de 2021 no aeroporto internacional dos Guararapes
de	ADP	0	177	5	Polícia Federal realiza primeira apreensão de cocaína do ano de 2021 no aeroporto internacional dos Guararapes
cocaína	NOUN	1	177	6	Polícia Federal realiza primeira apreensão de cocaína do ano de 2021 no aeroporto internacional dos Guararapes
do	ADP	0	177	7	Polícia Federal realiza primeira apreensão de cocaína do ano de 2021 no aeroporto internacional dos Guararapes
ano	NOUN	0	177	8	Polícia Federal realiza primeira apreensão de cocaína do ano de 2021 no aeroporto internacional dos Guararapes
de	ADP	0	177	9	Polícia Federal realiza primeira apreensão de cocaína do ano de 2021 no aeroporto internacional dos Guararapes
2021	NUM	1	177	10	Polícia Federal realiza primeira apreensão de cocaína do ano de 2021 no aeroporto internacional dos Guararapes
no	ADP	0	177	11	Polícia Federal realiza primeira apreensão de cocaína do ano de 2021 no aeroporto internacional dos Guararapes
aeroporto	NOUN	0	177	12	Polícia Federal realiza primeira apreensão de cocaína do ano de 2021 no aeroporto internacional dos Guararapes
internacional	ADJ	0	177	13	Polícia Federal realiza primeira apreensão de cocaína do ano de 2021 no aeroporto internacional dos Guararapes
dos	ADP	0	177	14	Polícia Federal realiza primeira apreensão de cocaína do ano de 2021 no aeroporto internacional dos Guararapes
Guararapes	PROPN	1	177	15	Polícia Federal realiza primeira apreensão de cocaína do ano de 2021 no aeroporto internacional dos Guararapes
PF	PROPN	1	178	0	PF participa da Operação Concórdia para combater tráfico de drogas e armas no Rio Grande do Norte
participa	VERB	0	178	1	PF participa da Operação Concórdia para combater tráfico de drogas e armas no Rio Grande do Norte
da	ADP	0	178	2	PF participa da Operação Concórdia para combater tráfico de drogas e armas no Rio Grande do Norte
Operação	PROPN	0	178	3	PF participa da Operação Concórdia para combater tráfico de drogas e armas no Rio Grande do Norte
Concórdia	PROPN	1	178	4	PF participa da Operação Concórdia para combater tráfico de drogas e armas no Rio Grande do Norte
para	SCONJ	0	178	5	PF participa da Operação Concórdia para combater tráfico de drogas e armas no Rio Grande do Norte
combater	VERB	0	178	6	PF participa da Operação Concórdia para combater tráfico de drogas e armas no Rio Grande do Norte
tráfico	NOUN	0	178	7	PF participa da Operação Concórdia para combater tráfico de drogas e armas no Rio Grande do Norte
de	ADP	0	178	8	PF participa da Operação Concórdia para combater tráfico de drogas e armas no Rio Grande do Norte
drogas	NOUN	0	178	9	PF participa da Operação Concórdia para combater tráfico de drogas e armas no Rio Grande do Norte
e	CCONJ	0	178	10	PF participa da Operação Concórdia para combater tráfico de drogas e armas no Rio Grande do Norte
armas	NOUN	0	178	11	PF participa da Operação Concórdia para combater tráfico de drogas e armas no Rio Grande do Norte
no	ADP	0	178	12	PF participa da Operação Concórdia para combater tráfico de drogas e armas no Rio Grande do Norte
Rio	PROPN	0	178	13	PF participa da Operação Concórdia para combater tráfico de drogas e armas no Rio Grande do Norte
Grande	PROPN	0	178	14	PF participa da Operação Concórdia para combater tráfico de drogas e armas no Rio Grande do Norte
do	ADP	0	178	15	PF participa da Operação Concórdia para combater tráfico de drogas e armas no Rio Grande do Norte
Norte	PROPN	0	178	16	PF participa da Operação Concórdia para combater tráfico de drogas e armas no Rio Grande do Norte
PF	PROPN	1	179	0	PF apreende mais de uma tonelada de maconha
apreende	VERB	1	179	1	PF apreende mais de uma tonelada de maconha
mais	ADV	0	179	2	PF apreende mais de uma tonelada de maconha
de	ADP	0	179	3	PF apreende mais de uma tonelada de maconha
uma	DET	0	179	4	PF apreende mais de uma tonelada de maconha
tonelada	NOUN	1	179	5	PF apreende mais de uma tonelada de maconha
de	ADP	0	179	6	PF apreende mais de uma tonelada de maconha
maconha	NOUN	1	179	7	PF apreende mais de uma tonelada de maconha
PF	PROPN	1	180	0	PF e BPFRON apreendem dois veículos carregados com cigarros paraguaios
e	CCONJ	0	180	1	PF e BPFRON apreendem dois veículos carregados com cigarros paraguaios
BPFRON	PROPN	1	180	2	PF e BPFRON apreendem dois veículos carregados com cigarros paraguaios
apreendem	VERB	1	180	3	PF e BPFRON apreendem dois veículos carregados com cigarros paraguaios
dois	NUM	0	180	4	PF e BPFRON apreendem dois veículos carregados com cigarros paraguaios
veículos	NOUN	0	180	5	PF e BPFRON apreendem dois veículos carregados com cigarros paraguaios
carregados	VERB	1	180	6	PF e BPFRON apreendem dois veículos carregados com cigarros paraguaios
com	ADP	0	180	7	PF e BPFRON apreendem dois veículos carregados com cigarros paraguaios
cigarros	NOUN	1	180	8	PF e BPFRON apreendem dois veículos carregados com cigarros paraguaios
paraguaios	ADJ	1	180	9	PF e BPFRON apreendem dois veículos carregados com cigarros paraguaios
PF	PROPN	1	181	0	PF e BPFRON apreendem carreta bi - trem carregada com cigarros contrabandeados
e	CCONJ	0	181	1	PF e BPFRON apreendem carreta bi - trem carregada com cigarros contrabandeados
BPFRON	PROPN	1	181	2	PF e BPFRON apreendem carreta bi - trem carregada com cigarros contrabandeados
apreendem	VERB	1	181	3	PF e BPFRON apreendem carreta bi - trem carregada com cigarros contrabandeados
carreta	NOUN	1	181	4	PF e BPFRON apreendem carreta bi - trem carregada com cigarros contrabandeados
bi	PROPN	0	181	5	PF e BPFRON apreendem carreta bi - trem carregada com cigarros contrabandeados
-	PUNCT	0	181	6	PF e BPFRON apreendem carreta bi - trem carregada com cigarros contrabandeados
trem	NOUN	0	181	7	PF e BPFRON apreendem carreta bi - trem carregada com cigarros contrabandeados
carregada	VERB	1	181	8	PF e BPFRON apreendem carreta bi - trem carregada com cigarros contrabandeados
com	ADP	0	181	9	PF e BPFRON apreendem carreta bi - trem carregada com cigarros contrabandeados
cigarros	NOUN	1	181	10	PF e BPFRON apreendem carreta bi - trem carregada com cigarros contrabandeados
contrabandeados	VERB	1	181	11	PF e BPFRON apreendem carreta bi - trem carregada com cigarros contrabandeados
PF	PROPN	1	182	0	PF e BPFRON apreendem três veículos carregados com cigarros paraguaios
e	CCONJ	0	182	1	PF e BPFRON apreendem três veículos carregados com cigarros paraguaios
BPFRON	PROPN	1	182	2	PF e BPFRON apreendem três veículos carregados com cigarros paraguaios
apreendem	VERB	1	182	3	PF e BPFRON apreendem três veículos carregados com cigarros paraguaios
três	NUM	0	182	4	PF e BPFRON apreendem três veículos carregados com cigarros paraguaios
veículos	NOUN	0	182	5	PF e BPFRON apreendem três veículos carregados com cigarros paraguaios
carregados	VERB	1	182	6	PF e BPFRON apreendem três veículos carregados com cigarros paraguaios
com	ADP	0	182	7	PF e BPFRON apreendem três veículos carregados com cigarros paraguaios
cigarros	NOUN	1	182	8	PF e BPFRON apreendem três veículos carregados com cigarros paraguaios
paraguaios	ADJ	1	182	9	PF e BPFRON apreendem três veículos carregados com cigarros paraguaios
PF	PROPN	1	183	0	PF apreende droga despachada pelos Correios
apreende	VERB	1	183	1	PF apreende droga despachada pelos Correios
droga	NOUN	0	183	2	PF apreende droga despachada pelos Correios
despachada	VERB	1	183	3	PF apreende droga despachada pelos Correios
pelos	ADP	0	183	4	PF apreende droga despachada pelos Correios
Correios	NOUN	1	183	5	PF apreende droga despachada pelos Correios
PF	PROPN	1	184	0	PF prende foragido da Justiça em Redenção PA
prende	VERB	1	184	1	PF prende foragido da Justiça em Redenção PA
foragido	NOUN	1	184	2	PF prende foragido da Justiça em Redenção PA
da	ADP	0	184	3	PF prende foragido da Justiça em Redenção PA
Justiça	NOUN	0	184	4	PF prende foragido da Justiça em Redenção PA
em	ADP	0	184	5	PF prende foragido da Justiça em Redenção PA
Redenção	PROPN	1	184	6	PF prende foragido da Justiça em Redenção PA
PA	PROPN	0	184	7	PF prende foragido da Justiça em Redenção PA
PF	PROPN	1	185	0	PF prende passageiros com droga fixada ao corpo e dentro de embalagens de produtos
prende	VERB	1	185	1	PF prende passageiros com droga fixada ao corpo e dentro de embalagens de produtos
passageiros	NOUN	0	185	2	PF prende passageiros com droga fixada ao corpo e dentro de embalagens de produtos
com	ADP	0	185	3	PF prende passageiros com droga fixada ao corpo e dentro de embalagens de produtos
droga	NOUN	0	185	4	PF prende passageiros com droga fixada ao corpo e dentro de embalagens de produtos
fixada	VERB	1	185	5	PF prende passageiros com droga fixada ao corpo e dentro de embalagens de produtos
ao	ADP	0	185	6	PF prende passageiros com droga fixada ao corpo e dentro de embalagens de produtos
corpo	NOUN	0	185	7	PF prende passageiros com droga fixada ao corpo e dentro de embalagens de produtos
e	CCONJ	0	185	8	PF prende passageiros com droga fixada ao corpo e dentro de embalagens de produtos
dentro	ADV	0	185	9	PF prende passageiros com droga fixada ao corpo e dentro de embalagens de produtos
de	ADP	0	185	10	PF prende passageiros com droga fixada ao corpo e dentro de embalagens de produtos
embalagens	NOUN	1	185	11	PF prende passageiros com droga fixada ao corpo e dentro de embalagens de produtos
de	ADP	0	185	12	PF prende passageiros com droga fixada ao corpo e dentro de embalagens de produtos
produtos	NOUN	0	185	13	PF prende passageiros com droga fixada ao corpo e dentro de embalagens de produtos
PF	PROPN	1	186	0	PF e BPFRON apreendem carregamento de cigarros contrabandeados em Terra Roxa PR
e	CCONJ	0	186	1	PF e BPFRON apreendem carregamento de cigarros contrabandeados em Terra Roxa PR
BPFRON	PROPN	1	186	2	PF e BPFRON apreendem carregamento de cigarros contrabandeados em Terra Roxa PR
apreendem	VERB	1	186	3	PF e BPFRON apreendem carregamento de cigarros contrabandeados em Terra Roxa PR
carregamento	NOUN	1	186	4	PF e BPFRON apreendem carregamento de cigarros contrabandeados em Terra Roxa PR
de	ADP	0	186	5	PF e BPFRON apreendem carregamento de cigarros contrabandeados em Terra Roxa PR
cigarros	NOUN	1	186	6	PF e BPFRON apreendem carregamento de cigarros contrabandeados em Terra Roxa PR
contrabandeados	VERB	1	186	7	PF e BPFRON apreendem carregamento de cigarros contrabandeados em Terra Roxa PR
em	ADP	0	186	8	PF e BPFRON apreendem carregamento de cigarros contrabandeados em Terra Roxa PR
Terra	PROPN	0	186	9	PF e BPFRON apreendem carregamento de cigarros contrabandeados em Terra Roxa PR
Roxa	PROPN	1	186	10	PF e BPFRON apreendem carregamento de cigarros contrabandeados em Terra Roxa PR
PR	PROPN	0	186	11	PF e BPFRON apreendem carregamento de cigarros contrabandeados em Terra Roxa PR
PF	PROPN	1	187	0	PF prende passageiro com droga oculta em fundo falso de mala
prende	VERB	1	187	1	PF prende passageiro com droga oculta em fundo falso de mala
passageiro	NOUN	1	187	2	PF prende passageiro com droga oculta em fundo falso de mala
com	ADP	0	187	3	PF prende passageiro com droga oculta em fundo falso de mala
droga	NOUN	0	187	4	PF prende passageiro com droga oculta em fundo falso de mala
oculta	VERB	1	187	5	PF prende passageiro com droga oculta em fundo falso de mala
em	ADP	0	187	6	PF prende passageiro com droga oculta em fundo falso de mala
fundo	NOUN	0	187	7	PF prende passageiro com droga oculta em fundo falso de mala
falso	ADJ	0	187	8	PF prende passageiro com droga oculta em fundo falso de mala
de	ADP	0	187	9	PF prende passageiro com droga oculta em fundo falso de mala
mala	NOUN	0	187	10	PF prende passageiro com droga oculta em fundo falso de mala
PF	PROPN	1	188	0	PF deflagra a Operação Hermano para apurar esquema de corrupção em Iracema RR
deflagra	VERB	1	188	1	PF deflagra a Operação Hermano para apurar esquema de corrupção em Iracema RR
a	DET	0	188	2	PF deflagra a Operação Hermano para apurar esquema de corrupção em Iracema RR
Operação	PROPN	0	188	3	PF deflagra a Operação Hermano para apurar esquema de corrupção em Iracema RR
Hermano	PROPN	1	188	4	PF deflagra a Operação Hermano para apurar esquema de corrupção em Iracema RR
para	SCONJ	0	188	5	PF deflagra a Operação Hermano para apurar esquema de corrupção em Iracema RR
apurar	VERB	1	188	6	PF deflagra a Operação Hermano para apurar esquema de corrupção em Iracema RR
esquema	NOUN	0	188	7	PF deflagra a Operação Hermano para apurar esquema de corrupção em Iracema RR
de	ADP	0	188	8	PF deflagra a Operação Hermano para apurar esquema de corrupção em Iracema RR
corrupção	NOUN	0	188	9	PF deflagra a Operação Hermano para apurar esquema de corrupção em Iracema RR
em	ADP	0	188	10	PF deflagra a Operação Hermano para apurar esquema de corrupção em Iracema RR
Iracema	PROPN	1	188	11	PF deflagra a Operação Hermano para apurar esquema de corrupção em Iracema RR
RR	PROPN	1	188	12	PF deflagra a Operação Hermano para apurar esquema de corrupção em Iracema RR
Polícia	PROPN	0	189	0	Polícia Federal combate crime de aquisição de moeda falsa em Alagoas
Federal	PROPN	0	189	1	Polícia Federal combate crime de aquisição de moeda falsa em Alagoas
combate	VERB	0	189	2	Polícia Federal combate crime de aquisição de moeda falsa em Alagoas
crime	NOUN	0	189	3	Polícia Federal combate crime de aquisição de moeda falsa em Alagoas
de	ADP	0	189	4	Polícia Federal combate crime de aquisição de moeda falsa em Alagoas
aquisição	NOUN	0	189	5	Polícia Federal combate crime de aquisição de moeda falsa em Alagoas
de	ADP	0	189	6	Polícia Federal combate crime de aquisição de moeda falsa em Alagoas
moeda	NOUN	0	189	7	Polícia Federal combate crime de aquisição de moeda falsa em Alagoas
falsa	ADJ	0	189	8	Polícia Federal combate crime de aquisição de moeda falsa em Alagoas
em	ADP	0	189	9	Polícia Federal combate crime de aquisição de moeda falsa em Alagoas
Alagoas	PROPN	0	189	10	Polícia Federal combate crime de aquisição de moeda falsa em Alagoas
Policiais	NOUN	1	190	0	Policiais apreendem veículo carregado com eletrônicos em Foz do Iguaçu PR
apreendem	VERB	1	190	1	Policiais apreendem veículo carregado com eletrônicos em Foz do Iguaçu PR
veículo	NOUN	0	190	2	Policiais apreendem veículo carregado com eletrônicos em Foz do Iguaçu PR
carregado	VERB	0	190	3	Policiais apreendem veículo carregado com eletrônicos em Foz do Iguaçu PR
com	ADP	0	190	4	Policiais apreendem veículo carregado com eletrônicos em Foz do Iguaçu PR
eletrônicos	NOUN	0	190	5	Policiais apreendem veículo carregado com eletrônicos em Foz do Iguaçu PR
em	ADP	0	190	6	Policiais apreendem veículo carregado com eletrônicos em Foz do Iguaçu PR
Foz	PROPN	0	190	7	Policiais apreendem veículo carregado com eletrônicos em Foz do Iguaçu PR
do	ADP	0	190	8	Policiais apreendem veículo carregado com eletrônicos em Foz do Iguaçu PR
Iguaçu	PROPN	0	190	9	Policiais apreendem veículo carregado com eletrônicos em Foz do Iguaçu PR
PR	PROPN	0	190	10	Policiais apreendem veículo carregado com eletrônicos em Foz do Iguaçu PR
Polícia	PROPN	0	191	0	Polícia Federal prende homem que adquiriu cédulas falsas em redes sociais
Federal	PROPN	0	191	1	Polícia Federal prende homem que adquiriu cédulas falsas em redes sociais
prende	VERB	1	191	2	Polícia Federal prende homem que adquiriu cédulas falsas em redes sociais
homem	NOUN	0	191	3	Polícia Federal prende homem que adquiriu cédulas falsas em redes sociais
que	PRON	0	191	4	Polícia Federal prende homem que adquiriu cédulas falsas em redes sociais
adquiriu	VERB	0	191	5	Polícia Federal prende homem que adquiriu cédulas falsas em redes sociais
cédulas	NOUN	1	191	6	Polícia Federal prende homem que adquiriu cédulas falsas em redes sociais
falsas	ADJ	0	191	7	Polícia Federal prende homem que adquiriu cédulas falsas em redes sociais
em	ADP	0	191	8	Polícia Federal prende homem que adquiriu cédulas falsas em redes sociais
redes	NOUN	0	191	9	Polícia Federal prende homem que adquiriu cédulas falsas em redes sociais
sociais	ADJ	0	191	10	Polícia Federal prende homem que adquiriu cédulas falsas em redes sociais
Polícia	PROPN	0	192	0	Polícia Federal e Marinha do Brasil realizam ações de cooperação internacional para interceptar embarcação carregada com cocaína
Federal	PROPN	0	192	1	Polícia Federal e Marinha do Brasil realizam ações de cooperação internacional para interceptar embarcação carregada com cocaína
e	CCONJ	0	192	2	Polícia Federal e Marinha do Brasil realizam ações de cooperação internacional para interceptar embarcação carregada com cocaína
Marinha	PROPN	0	192	3	Polícia Federal e Marinha do Brasil realizam ações de cooperação internacional para interceptar embarcação carregada com cocaína
do	ADP	0	192	4	Polícia Federal e Marinha do Brasil realizam ações de cooperação internacional para interceptar embarcação carregada com cocaína
Brasil	PROPN	0	192	5	Polícia Federal e Marinha do Brasil realizam ações de cooperação internacional para interceptar embarcação carregada com cocaína
realizam	VERB	0	192	6	Polícia Federal e Marinha do Brasil realizam ações de cooperação internacional para interceptar embarcação carregada com cocaína
ações	NOUN	0	192	7	Polícia Federal e Marinha do Brasil realizam ações de cooperação internacional para interceptar embarcação carregada com cocaína
de	ADP	0	192	8	Polícia Federal e Marinha do Brasil realizam ações de cooperação internacional para interceptar embarcação carregada com cocaína
cooperação	NOUN	0	192	9	Polícia Federal e Marinha do Brasil realizam ações de cooperação internacional para interceptar embarcação carregada com cocaína
internacional	ADJ	0	192	10	Polícia Federal e Marinha do Brasil realizam ações de cooperação internacional para interceptar embarcação carregada com cocaína
para	SCONJ	0	192	11	Polícia Federal e Marinha do Brasil realizam ações de cooperação internacional para interceptar embarcação carregada com cocaína
interceptar	VERB	1	192	12	Polícia Federal e Marinha do Brasil realizam ações de cooperação internacional para interceptar embarcação carregada com cocaína
embarcação	NOUN	0	192	13	Polícia Federal e Marinha do Brasil realizam ações de cooperação internacional para interceptar embarcação carregada com cocaína
carregada	VERB	1	192	14	Polícia Federal e Marinha do Brasil realizam ações de cooperação internacional para interceptar embarcação carregada com cocaína
com	ADP	0	192	15	Polícia Federal e Marinha do Brasil realizam ações de cooperação internacional para interceptar embarcação carregada com cocaína
cocaína	NOUN	1	192	16	Polícia Federal e Marinha do Brasil realizam ações de cooperação internacional para interceptar embarcação carregada com cocaína
PF	PROPN	1	193	0	PF prende acusado de homicídio por meio de cooperação policial internacional
prende	VERB	1	193	1	PF prende acusado de homicídio por meio de cooperação policial internacional
acusado	VERB	0	193	2	PF prende acusado de homicídio por meio de cooperação policial internacional
de	ADP	0	193	3	PF prende acusado de homicídio por meio de cooperação policial internacional
homicídio	NOUN	0	193	4	PF prende acusado de homicídio por meio de cooperação policial internacional
por	ADP	0	193	5	PF prende acusado de homicídio por meio de cooperação policial internacional
meio	NOUN	0	193	6	PF prende acusado de homicídio por meio de cooperação policial internacional
de	ADP	0	193	7	PF prende acusado de homicídio por meio de cooperação policial internacional
cooperação	NOUN	0	193	8	PF prende acusado de homicídio por meio de cooperação policial internacional
policial	ADJ	0	193	9	PF prende acusado de homicídio por meio de cooperação policial internacional
internacional	ADJ	0	193	10	PF prende acusado de homicídio por meio de cooperação policial internacional
Polícia	PROPN	0	194	0	Polícia Federal combate o crime de descaminho no Rio Grande do Sul
Federal	PROPN	0	194	1	Polícia Federal combate o crime de descaminho no Rio Grande do Sul
combate	VERB	0	194	2	Polícia Federal combate o crime de descaminho no Rio Grande do Sul
o	DET	0	194	3	Polícia Federal combate o crime de descaminho no Rio Grande do Sul
crime	NOUN	0	194	4	Polícia Federal combate o crime de descaminho no Rio Grande do Sul
de	ADP	0	194	5	Polícia Federal combate o crime de descaminho no Rio Grande do Sul
descaminho	NOUN	1	194	6	Polícia Federal combate o crime de descaminho no Rio Grande do Sul
no	ADP	0	194	7	Polícia Federal combate o crime de descaminho no Rio Grande do Sul
Rio	PROPN	0	194	8	Polícia Federal combate o crime de descaminho no Rio Grande do Sul
Grande	PROPN	0	194	9	Polícia Federal combate o crime de descaminho no Rio Grande do Sul
do	ADP	0	194	10	Polícia Federal combate o crime de descaminho no Rio Grande do Sul
Sul	PROPN	0	194	11	Polícia Federal combate o crime de descaminho no Rio Grande do Sul
Polícia	PROPN	0	195	0	Polícia Federal e BPFRON prendem motorista com caminhão carregado com cigarros paraguaios
Federal	PROPN	0	195	1	Polícia Federal e BPFRON prendem motorista com caminhão carregado com cigarros paraguaios
e	CCONJ	0	195	2	Polícia Federal e BPFRON prendem motorista com caminhão carregado com cigarros paraguaios
BPFRON	PROPN	1	195	3	Polícia Federal e BPFRON prendem motorista com caminhão carregado com cigarros paraguaios
prendem	VERB	1	195	4	Polícia Federal e BPFRON prendem motorista com caminhão carregado com cigarros paraguaios
motorista	NOUN	0	195	5	Polícia Federal e BPFRON prendem motorista com caminhão carregado com cigarros paraguaios
com	ADP	0	195	6	Polícia Federal e BPFRON prendem motorista com caminhão carregado com cigarros paraguaios
caminhão	NOUN	0	195	7	Polícia Federal e BPFRON prendem motorista com caminhão carregado com cigarros paraguaios
carregado	VERB	0	195	8	Polícia Federal e BPFRON prendem motorista com caminhão carregado com cigarros paraguaios
com	ADP	0	195	9	Polícia Federal e BPFRON prendem motorista com caminhão carregado com cigarros paraguaios
cigarros	NOUN	1	195	10	Polícia Federal e BPFRON prendem motorista com caminhão carregado com cigarros paraguaios
paraguaios	ADJ	1	195	11	Polícia Federal e BPFRON prendem motorista com caminhão carregado com cigarros paraguaios
Polícia	PROPN	0	196	0	Polícia Federal e Marinha do Brasil trazem até a costa de Pernambuco veleiro interceptado com drogas no mar territorial brasileiro
Federal	PROPN	0	196	1	Polícia Federal e Marinha do Brasil trazem até a costa de Pernambuco veleiro interceptado com drogas no mar territorial brasileiro
e	CCONJ	0	196	2	Polícia Federal e Marinha do Brasil trazem até a costa de Pernambuco veleiro interceptado com drogas no mar territorial brasileiro
Marinha	PROPN	0	196	3	Polícia Federal e Marinha do Brasil trazem até a costa de Pernambuco veleiro interceptado com drogas no mar territorial brasileiro
do	ADP	0	196	4	Polícia Federal e Marinha do Brasil trazem até a costa de Pernambuco veleiro interceptado com drogas no mar territorial brasileiro
Brasil	PROPN	0	196	5	Polícia Federal e Marinha do Brasil trazem até a costa de Pernambuco veleiro interceptado com drogas no mar territorial brasileiro
trazem	VERB	0	196	6	Polícia Federal e Marinha do Brasil trazem até a costa de Pernambuco veleiro interceptado com drogas no mar territorial brasileiro
até	ADP	0	196	7	Polícia Federal e Marinha do Brasil trazem até a costa de Pernambuco veleiro interceptado com drogas no mar territorial brasileiro
a	DET	0	196	8	Polícia Federal e Marinha do Brasil trazem até a costa de Pernambuco veleiro interceptado com drogas no mar territorial brasileiro
costa	NOUN	0	196	9	Polícia Federal e Marinha do Brasil trazem até a costa de Pernambuco veleiro interceptado com drogas no mar territorial brasileiro
de	ADP	0	196	10	Polícia Federal e Marinha do Brasil trazem até a costa de Pernambuco veleiro interceptado com drogas no mar territorial brasileiro
Pernambuco	PROPN	0	196	11	Polícia Federal e Marinha do Brasil trazem até a costa de Pernambuco veleiro interceptado com drogas no mar territorial brasileiro
veleiro	NOUN	1	196	12	Polícia Federal e Marinha do Brasil trazem até a costa de Pernambuco veleiro interceptado com drogas no mar territorial brasileiro
interceptado	VERB	1	196	13	Polícia Federal e Marinha do Brasil trazem até a costa de Pernambuco veleiro interceptado com drogas no mar territorial brasileiro
com	ADP	0	196	14	Polícia Federal e Marinha do Brasil trazem até a costa de Pernambuco veleiro interceptado com drogas no mar territorial brasileiro
drogas	NOUN	0	196	15	Polícia Federal e Marinha do Brasil trazem até a costa de Pernambuco veleiro interceptado com drogas no mar territorial brasileiro
no	ADP	0	196	16	Polícia Federal e Marinha do Brasil trazem até a costa de Pernambuco veleiro interceptado com drogas no mar territorial brasileiro
mar	NOUN	0	196	17	Polícia Federal e Marinha do Brasil trazem até a costa de Pernambuco veleiro interceptado com drogas no mar territorial brasileiro
territorial	ADJ	0	196	18	Polícia Federal e Marinha do Brasil trazem até a costa de Pernambuco veleiro interceptado com drogas no mar territorial brasileiro
brasileiro	ADJ	0	196	19	Polícia Federal e Marinha do Brasil trazem até a costa de Pernambuco veleiro interceptado com drogas no mar territorial brasileiro
Operação	PROPN	0	197	0	Operação Kambaí combate a prática de crimes ambientais em terra indígena
Kambaí	PROPN	1	197	1	Operação Kambaí combate a prática de crimes ambientais em terra indígena
combate	VERB	0	197	2	Operação Kambaí combate a prática de crimes ambientais em terra indígena
a	DET	0	197	3	Operação Kambaí combate a prática de crimes ambientais em terra indígena
prática	NOUN	0	197	4	Operação Kambaí combate a prática de crimes ambientais em terra indígena
de	ADP	0	197	5	Operação Kambaí combate a prática de crimes ambientais em terra indígena
crimes	NOUN	0	197	6	Operação Kambaí combate a prática de crimes ambientais em terra indígena
ambientais	ADJ	0	197	7	Operação Kambaí combate a prática de crimes ambientais em terra indígena
em	ADP	0	197	8	Operação Kambaí combate a prática de crimes ambientais em terra indígena
terra	NOUN	0	197	9	Operação Kambaí combate a prática de crimes ambientais em terra indígena
indígena	ADJ	0	197	10	Operação Kambaí combate a prática de crimes ambientais em terra indígena
Polícia	PROPN	0	198	0	Polícia Federal apreende cerca de meia tonelada de cocaína em avião no aeroporto de Salvador BA
Federal	PROPN	0	198	1	Polícia Federal apreende cerca de meia tonelada de cocaína em avião no aeroporto de Salvador BA
apreende	VERB	1	198	2	Polícia Federal apreende cerca de meia tonelada de cocaína em avião no aeroporto de Salvador BA
cerca	ADV	0	198	3	Polícia Federal apreende cerca de meia tonelada de cocaína em avião no aeroporto de Salvador BA
de	ADP	0	198	4	Polícia Federal apreende cerca de meia tonelada de cocaína em avião no aeroporto de Salvador BA
meia	NOUN	0	198	5	Polícia Federal apreende cerca de meia tonelada de cocaína em avião no aeroporto de Salvador BA
tonelada	NOUN	1	198	6	Polícia Federal apreende cerca de meia tonelada de cocaína em avião no aeroporto de Salvador BA
de	ADP	0	198	7	Polícia Federal apreende cerca de meia tonelada de cocaína em avião no aeroporto de Salvador BA
cocaína	NOUN	1	198	8	Polícia Federal apreende cerca de meia tonelada de cocaína em avião no aeroporto de Salvador BA
em	ADP	0	198	9	Polícia Federal apreende cerca de meia tonelada de cocaína em avião no aeroporto de Salvador BA
avião	NOUN	0	198	10	Polícia Federal apreende cerca de meia tonelada de cocaína em avião no aeroporto de Salvador BA
no	ADP	0	198	11	Polícia Federal apreende cerca de meia tonelada de cocaína em avião no aeroporto de Salvador BA
aeroporto	NOUN	0	198	12	Polícia Federal apreende cerca de meia tonelada de cocaína em avião no aeroporto de Salvador BA
de	ADP	0	198	13	Polícia Federal apreende cerca de meia tonelada de cocaína em avião no aeroporto de Salvador BA
Salvador	PROPN	0	198	14	Polícia Federal apreende cerca de meia tonelada de cocaína em avião no aeroporto de Salvador BA
BA	PROPN	1	198	15	Polícia Federal apreende cerca de meia tonelada de cocaína em avião no aeroporto de Salvador BA
PF	PROPN	1	199	0	PF incinera 140 kg de droga em Cruzeiro do Sul
incinera	VERB	1	199	1	PF incinera 140 kg de droga em Cruzeiro do Sul
140	NUM	0	199	2	PF incinera 140 kg de droga em Cruzeiro do Sul
kg	NOUN	0	199	3	PF incinera 140 kg de droga em Cruzeiro do Sul
de	ADP	0	199	4	PF incinera 140 kg de droga em Cruzeiro do Sul
droga	NOUN	0	199	5	PF incinera 140 kg de droga em Cruzeiro do Sul
em	ADP	0	199	6	PF incinera 140 kg de droga em Cruzeiro do Sul
Cruzeiro	PROPN	0	199	7	PF incinera 140 kg de droga em Cruzeiro do Sul
do	ADP	0	199	8	PF incinera 140 kg de droga em Cruzeiro do Sul
Sul	PROPN	0	199	9	PF incinera 140 kg de droga em Cruzeiro do Sul
PF	PROPN	1	200	0	PF deflagra Operação Creeper para combater fraudes bancárias no Espírito Santo
deflagra	VERB	1	200	1	PF deflagra Operação Creeper para combater fraudes bancárias no Espírito Santo
Operação	PROPN	0	200	2	PF deflagra Operação Creeper para combater fraudes bancárias no Espírito Santo
Creeper	PROPN	1	200	3	PF deflagra Operação Creeper para combater fraudes bancárias no Espírito Santo
para	SCONJ	0	200	4	PF deflagra Operação Creeper para combater fraudes bancárias no Espírito Santo
combater	VERB	0	200	5	PF deflagra Operação Creeper para combater fraudes bancárias no Espírito Santo
fraudes	NOUN	1	200	6	PF deflagra Operação Creeper para combater fraudes bancárias no Espírito Santo
bancárias	ADJ	1	200	7	PF deflagra Operação Creeper para combater fraudes bancárias no Espírito Santo
no	ADP	0	200	8	PF deflagra Operação Creeper para combater fraudes bancárias no Espírito Santo
Espírito	PROPN	0	200	9	PF deflagra Operação Creeper para combater fraudes bancárias no Espírito Santo
Santo	PROPN	0	200	10	PF deflagra Operação Creeper para combater fraudes bancárias no Espírito Santo
PF	PROPN	1	201	0	PF prendeu homem que recebeu R 1 mil em cédulas falsas pelos Correios
prendeu	VERB	1	201	1	PF prendeu homem que recebeu R 1 mil em cédulas falsas pelos Correios
homem	NOUN	0	201	2	PF prendeu homem que recebeu R 1 mil em cédulas falsas pelos Correios
que	PRON	0	201	3	PF prendeu homem que recebeu R 1 mil em cédulas falsas pelos Correios
recebeu	VERB	0	201	4	PF prendeu homem que recebeu R 1 mil em cédulas falsas pelos Correios
R	NOUN	0	201	5	PF prendeu homem que recebeu R 1 mil em cédulas falsas pelos Correios
1	NUM	0	201	6	PF prendeu homem que recebeu R 1 mil em cédulas falsas pelos Correios
mil	NUM	0	201	7	PF prendeu homem que recebeu R 1 mil em cédulas falsas pelos Correios
em	ADP	0	201	8	PF prendeu homem que recebeu R 1 mil em cédulas falsas pelos Correios
cédulas	NOUN	1	201	9	PF prendeu homem que recebeu R 1 mil em cédulas falsas pelos Correios
falsas	ADJ	0	201	10	PF prendeu homem que recebeu R 1 mil em cédulas falsas pelos Correios
pelos	ADP	0	201	11	PF prendeu homem que recebeu R 1 mil em cédulas falsas pelos Correios
Correios	NOUN	1	201	12	PF prendeu homem que recebeu R 1 mil em cédulas falsas pelos Correios
Polícia	PROPN	0	202	0	Polícia Federal e SENAD reiniciam a Operação Nova Aliança para erradicar cultivos de Cannabis
Federal	PROPN	0	202	1	Polícia Federal e SENAD reiniciam a Operação Nova Aliança para erradicar cultivos de Cannabis
e	CCONJ	0	202	2	Polícia Federal e SENAD reiniciam a Operação Nova Aliança para erradicar cultivos de Cannabis
SENAD	PROPN	1	202	3	Polícia Federal e SENAD reiniciam a Operação Nova Aliança para erradicar cultivos de Cannabis
reiniciam	VERB	1	202	4	Polícia Federal e SENAD reiniciam a Operação Nova Aliança para erradicar cultivos de Cannabis
a	DET	0	202	5	Polícia Federal e SENAD reiniciam a Operação Nova Aliança para erradicar cultivos de Cannabis
Operação	PROPN	0	202	6	Polícia Federal e SENAD reiniciam a Operação Nova Aliança para erradicar cultivos de Cannabis
Nova	PROPN	0	202	7	Polícia Federal e SENAD reiniciam a Operação Nova Aliança para erradicar cultivos de Cannabis
Aliança	PROPN	0	202	8	Polícia Federal e SENAD reiniciam a Operação Nova Aliança para erradicar cultivos de Cannabis
para	SCONJ	0	202	9	Polícia Federal e SENAD reiniciam a Operação Nova Aliança para erradicar cultivos de Cannabis
erradicar	VERB	1	202	10	Polícia Federal e SENAD reiniciam a Operação Nova Aliança para erradicar cultivos de Cannabis
cultivos	NOUN	1	202	11	Polícia Federal e SENAD reiniciam a Operação Nova Aliança para erradicar cultivos de Cannabis
de	ADP	0	202	12	Polícia Federal e SENAD reiniciam a Operação Nova Aliança para erradicar cultivos de Cannabis
Cannabis	PROPN	1	202	13	Polícia Federal e SENAD reiniciam a Operação Nova Aliança para erradicar cultivos de Cannabis
PF	PROPN	1	203	0	PF deflagra Operação Reagente II para apurar desvios de recursos públicos destinados ao enfrentamento à COVID - 19 em Arraial PI e Isaías Coelho PI
deflagra	VERB	1	203	1	PF deflagra Operação Reagente II para apurar desvios de recursos públicos destinados ao enfrentamento à COVID - 19 em Arraial PI e Isaías Coelho PI
Operação	PROPN	0	203	2	PF deflagra Operação Reagente II para apurar desvios de recursos públicos destinados ao enfrentamento à COVID - 19 em Arraial PI e Isaías Coelho PI
Reagente	NOUN	1	203	3	PF deflagra Operação Reagente II para apurar desvios de recursos públicos destinados ao enfrentamento à COVID - 19 em Arraial PI e Isaías Coelho PI
II	ADJ	0	203	4	PF deflagra Operação Reagente II para apurar desvios de recursos públicos destinados ao enfrentamento à COVID - 19 em Arraial PI e Isaías Coelho PI
para	SCONJ	0	203	5	PF deflagra Operação Reagente II para apurar desvios de recursos públicos destinados ao enfrentamento à COVID - 19 em Arraial PI e Isaías Coelho PI
apurar	VERB	1	203	6	PF deflagra Operação Reagente II para apurar desvios de recursos públicos destinados ao enfrentamento à COVID - 19 em Arraial PI e Isaías Coelho PI
desvios	NOUN	1	203	7	PF deflagra Operação Reagente II para apurar desvios de recursos públicos destinados ao enfrentamento à COVID - 19 em Arraial PI e Isaías Coelho PI
de	ADP	0	203	8	PF deflagra Operação Reagente II para apurar desvios de recursos públicos destinados ao enfrentamento à COVID - 19 em Arraial PI e Isaías Coelho PI
recursos	NOUN	0	203	9	PF deflagra Operação Reagente II para apurar desvios de recursos públicos destinados ao enfrentamento à COVID - 19 em Arraial PI e Isaías Coelho PI
públicos	ADJ	0	203	10	PF deflagra Operação Reagente II para apurar desvios de recursos públicos destinados ao enfrentamento à COVID - 19 em Arraial PI e Isaías Coelho PI
destinados	VERB	0	203	11	PF deflagra Operação Reagente II para apurar desvios de recursos públicos destinados ao enfrentamento à COVID - 19 em Arraial PI e Isaías Coelho PI
ao	ADP	0	203	12	PF deflagra Operação Reagente II para apurar desvios de recursos públicos destinados ao enfrentamento à COVID - 19 em Arraial PI e Isaías Coelho PI
enfrentamento	NOUN	1	203	13	PF deflagra Operação Reagente II para apurar desvios de recursos públicos destinados ao enfrentamento à COVID - 19 em Arraial PI e Isaías Coelho PI
à	ADP	0	203	14	PF deflagra Operação Reagente II para apurar desvios de recursos públicos destinados ao enfrentamento à COVID - 19 em Arraial PI e Isaías Coelho PI
COVID	PROPN	1	203	15	PF deflagra Operação Reagente II para apurar desvios de recursos públicos destinados ao enfrentamento à COVID - 19 em Arraial PI e Isaías Coelho PI
-	PUNCT	0	203	16	PF deflagra Operação Reagente II para apurar desvios de recursos públicos destinados ao enfrentamento à COVID - 19 em Arraial PI e Isaías Coelho PI
19	NUM	0	203	17	PF deflagra Operação Reagente II para apurar desvios de recursos públicos destinados ao enfrentamento à COVID - 19 em Arraial PI e Isaías Coelho PI
em	ADP	0	203	18	PF deflagra Operação Reagente II para apurar desvios de recursos públicos destinados ao enfrentamento à COVID - 19 em Arraial PI e Isaías Coelho PI
Arraial	PROPN	1	203	19	PF deflagra Operação Reagente II para apurar desvios de recursos públicos destinados ao enfrentamento à COVID - 19 em Arraial PI e Isaías Coelho PI
PI	PROPN	1	203	20	PF deflagra Operação Reagente II para apurar desvios de recursos públicos destinados ao enfrentamento à COVID - 19 em Arraial PI e Isaías Coelho PI
e	CCONJ	0	203	21	PF deflagra Operação Reagente II para apurar desvios de recursos públicos destinados ao enfrentamento à COVID - 19 em Arraial PI e Isaías Coelho PI
Isaías	PROPN	1	203	22	PF deflagra Operação Reagente II para apurar desvios de recursos públicos destinados ao enfrentamento à COVID - 19 em Arraial PI e Isaías Coelho PI
Coelho	PROPN	0	203	23	PF deflagra Operação Reagente II para apurar desvios de recursos públicos destinados ao enfrentamento à COVID - 19 em Arraial PI e Isaías Coelho PI
PI	PROPN	1	203	24	PF deflagra Operação Reagente II para apurar desvios de recursos públicos destinados ao enfrentamento à COVID - 19 em Arraial PI e Isaías Coelho PI
PF	PROPN	1	204	0	PF investiga pessoa que atuava ilegalmente como psicólogo em Rondônia
investiga	VERB	1	204	1	PF investiga pessoa que atuava ilegalmente como psicólogo em Rondônia
pessoa	NOUN	0	204	2	PF investiga pessoa que atuava ilegalmente como psicólogo em Rondônia
que	PRON	0	204	3	PF investiga pessoa que atuava ilegalmente como psicólogo em Rondônia
atuava	VERB	0	204	4	PF investiga pessoa que atuava ilegalmente como psicólogo em Rondônia
ilegalmente	ADV	1	204	5	PF investiga pessoa que atuava ilegalmente como psicólogo em Rondônia
como	ADP	0	204	6	PF investiga pessoa que atuava ilegalmente como psicólogo em Rondônia
psicólogo	NOUN	1	204	7	PF investiga pessoa que atuava ilegalmente como psicólogo em Rondônia
em	ADP	0	204	8	PF investiga pessoa que atuava ilegalmente como psicólogo em Rondônia
Rondônia	PROPN	0	204	9	PF investiga pessoa que atuava ilegalmente como psicólogo em Rondônia
Polícia	PROPN	0	205	0	Polícia Federal prende mulher com notas falsas
Federal	PROPN	0	205	1	Polícia Federal prende mulher com notas falsas
prende	VERB	1	205	2	Polícia Federal prende mulher com notas falsas
mulher	NOUN	0	205	3	Polícia Federal prende mulher com notas falsas
com	ADP	0	205	4	Polícia Federal prende mulher com notas falsas
notas	NOUN	0	205	5	Polícia Federal prende mulher com notas falsas
falsas	ADJ	0	205	6	Polícia Federal prende mulher com notas falsas
Polícia	PROPN	0	206	0	Polícia Federal cumpre mandados de busca e apreensão em Campo Grande MS
Federal	PROPN	0	206	1	Polícia Federal cumpre mandados de busca e apreensão em Campo Grande MS
cumpre	VERB	1	206	2	Polícia Federal cumpre mandados de busca e apreensão em Campo Grande MS
mandados	NOUN	1	206	3	Polícia Federal cumpre mandados de busca e apreensão em Campo Grande MS
de	ADP	0	206	4	Polícia Federal cumpre mandados de busca e apreensão em Campo Grande MS
busca	NOUN	0	206	5	Polícia Federal cumpre mandados de busca e apreensão em Campo Grande MS
e	CCONJ	0	206	6	Polícia Federal cumpre mandados de busca e apreensão em Campo Grande MS
apreensão	NOUN	1	206	7	Polícia Federal cumpre mandados de busca e apreensão em Campo Grande MS
em	ADP	0	206	8	Polícia Federal cumpre mandados de busca e apreensão em Campo Grande MS
Campo	PROPN	0	206	9	Polícia Federal cumpre mandados de busca e apreensão em Campo Grande MS
Grande	PROPN	0	206	10	Polícia Federal cumpre mandados de busca e apreensão em Campo Grande MS
MS	PROPN	0	206	11	Polícia Federal cumpre mandados de busca e apreensão em Campo Grande MS
PF	PROPN	1	207	0	PF realiza transporte e incineração de mais de 9 mil quilos de drogas
realiza	VERB	0	207	1	PF realiza transporte e incineração de mais de 9 mil quilos de drogas
transporte	NOUN	0	207	2	PF realiza transporte e incineração de mais de 9 mil quilos de drogas
e	CCONJ	0	207	3	PF realiza transporte e incineração de mais de 9 mil quilos de drogas
incineração	NOUN	1	207	4	PF realiza transporte e incineração de mais de 9 mil quilos de drogas
de	ADP	0	207	5	PF realiza transporte e incineração de mais de 9 mil quilos de drogas
mais	ADV	0	207	6	PF realiza transporte e incineração de mais de 9 mil quilos de drogas
de	ADP	0	207	7	PF realiza transporte e incineração de mais de 9 mil quilos de drogas
9	NUM	0	207	8	PF realiza transporte e incineração de mais de 9 mil quilos de drogas
mil	NUM	0	207	9	PF realiza transporte e incineração de mais de 9 mil quilos de drogas
quilos	NOUN	1	207	10	PF realiza transporte e incineração de mais de 9 mil quilos de drogas
de	ADP	0	207	11	PF realiza transporte e incineração de mais de 9 mil quilos de drogas
drogas	NOUN	0	207	12	PF realiza transporte e incineração de mais de 9 mil quilos de drogas
PF	PROPN	1	208	0	PF combate tráfico internacional de drogas no Pará
combate	VERB	0	208	1	PF combate tráfico internacional de drogas no Pará
tráfico	NOUN	0	208	2	PF combate tráfico internacional de drogas no Pará
internacional	ADJ	0	208	3	PF combate tráfico internacional de drogas no Pará
de	ADP	0	208	4	PF combate tráfico internacional de drogas no Pará
drogas	NOUN	0	208	5	PF combate tráfico internacional de drogas no Pará
no	ADP	0	208	6	PF combate tráfico internacional de drogas no Pará
Pará	PROPN	0	208	7	PF combate tráfico internacional de drogas no Pará
Policiais	NOUN	1	209	0	Policiais federais e policiais civis apreendem maconha na região do Lago Itaipu em Entre Rios do Oeste PR
federais	ADJ	0	209	1	Policiais federais e policiais civis apreendem maconha na região do Lago Itaipu em Entre Rios do Oeste PR
e	CCONJ	0	209	2	Policiais federais e policiais civis apreendem maconha na região do Lago Itaipu em Entre Rios do Oeste PR
policiais	NOUN	0	209	3	Policiais federais e policiais civis apreendem maconha na região do Lago Itaipu em Entre Rios do Oeste PR
civis	ADJ	0	209	4	Policiais federais e policiais civis apreendem maconha na região do Lago Itaipu em Entre Rios do Oeste PR
apreendem	VERB	1	209	5	Policiais federais e policiais civis apreendem maconha na região do Lago Itaipu em Entre Rios do Oeste PR
maconha	NOUN	1	209	6	Policiais federais e policiais civis apreendem maconha na região do Lago Itaipu em Entre Rios do Oeste PR
na	ADP	0	209	7	Policiais federais e policiais civis apreendem maconha na região do Lago Itaipu em Entre Rios do Oeste PR
região	NOUN	0	209	8	Policiais federais e policiais civis apreendem maconha na região do Lago Itaipu em Entre Rios do Oeste PR
do	ADP	0	209	9	Policiais federais e policiais civis apreendem maconha na região do Lago Itaipu em Entre Rios do Oeste PR
Lago	PROPN	0	209	10	Policiais federais e policiais civis apreendem maconha na região do Lago Itaipu em Entre Rios do Oeste PR
Itaipu	PROPN	1	209	11	Policiais federais e policiais civis apreendem maconha na região do Lago Itaipu em Entre Rios do Oeste PR
em	ADP	0	209	12	Policiais federais e policiais civis apreendem maconha na região do Lago Itaipu em Entre Rios do Oeste PR
Entre	PROPN	0	209	13	Policiais federais e policiais civis apreendem maconha na região do Lago Itaipu em Entre Rios do Oeste PR
Rios	PROPN	0	209	14	Policiais federais e policiais civis apreendem maconha na região do Lago Itaipu em Entre Rios do Oeste PR
do	ADP	0	209	15	Policiais federais e policiais civis apreendem maconha na região do Lago Itaipu em Entre Rios do Oeste PR
Oeste	PROPN	0	209	16	Policiais federais e policiais civis apreendem maconha na região do Lago Itaipu em Entre Rios do Oeste PR
PR	PROPN	0	209	17	Policiais federais e policiais civis apreendem maconha na região do Lago Itaipu em Entre Rios do Oeste PR
PF	PROPN	1	210	0	PF combate crime organizado na fronteira com a Guiana Francesa
combate	VERB	0	210	1	PF combate crime organizado na fronteira com a Guiana Francesa
crime	NOUN	0	210	2	PF combate crime organizado na fronteira com a Guiana Francesa
organizado	VERB	0	210	3	PF combate crime organizado na fronteira com a Guiana Francesa
na	ADP	0	210	4	PF combate crime organizado na fronteira com a Guiana Francesa
fronteira	NOUN	0	210	5	PF combate crime organizado na fronteira com a Guiana Francesa
com	ADP	0	210	6	PF combate crime organizado na fronteira com a Guiana Francesa
a	DET	0	210	7	PF combate crime organizado na fronteira com a Guiana Francesa
Guiana	PROPN	0	210	8	PF combate crime organizado na fronteira com a Guiana Francesa
Francesa	PROPN	0	210	9	PF combate crime organizado na fronteira com a Guiana Francesa
PF	PROPN	1	211	0	PF e BPFRON apreende mais três caminhões carregados de cigarros contrabandeados em Guaíra PR
e	CCONJ	0	211	1	PF e BPFRON apreende mais três caminhões carregados de cigarros contrabandeados em Guaíra PR
BPFRON	PROPN	1	211	2	PF e BPFRON apreende mais três caminhões carregados de cigarros contrabandeados em Guaíra PR
apreende	VERB	1	211	3	PF e BPFRON apreende mais três caminhões carregados de cigarros contrabandeados em Guaíra PR
mais	ADV	0	211	4	PF e BPFRON apreende mais três caminhões carregados de cigarros contrabandeados em Guaíra PR
três	NUM	0	211	5	PF e BPFRON apreende mais três caminhões carregados de cigarros contrabandeados em Guaíra PR
caminhões	NOUN	0	211	6	PF e BPFRON apreende mais três caminhões carregados de cigarros contrabandeados em Guaíra PR
carregados	VERB	1	211	7	PF e BPFRON apreende mais três caminhões carregados de cigarros contrabandeados em Guaíra PR
de	ADP	0	211	8	PF e BPFRON apreende mais três caminhões carregados de cigarros contrabandeados em Guaíra PR
cigarros	NOUN	1	211	9	PF e BPFRON apreende mais três caminhões carregados de cigarros contrabandeados em Guaíra PR
contrabandeados	VERB	1	211	10	PF e BPFRON apreende mais três caminhões carregados de cigarros contrabandeados em Guaíra PR
em	ADP	0	211	11	PF e BPFRON apreende mais três caminhões carregados de cigarros contrabandeados em Guaíra PR
Guaíra	PROPN	1	211	12	PF e BPFRON apreende mais três caminhões carregados de cigarros contrabandeados em Guaíra PR
PR	PROPN	0	211	13	PF e BPFRON apreende mais três caminhões carregados de cigarros contrabandeados em Guaíra PR
PF	PROPN	1	212	0	PF apreende cocaína dentro de embalagens de creme de cebolas e cumpre mandado de prisão em desfavor de ex - policial
apreende	VERB	1	212	1	PF apreende cocaína dentro de embalagens de creme de cebolas e cumpre mandado de prisão em desfavor de ex - policial
cocaína	NOUN	1	212	2	PF apreende cocaína dentro de embalagens de creme de cebolas e cumpre mandado de prisão em desfavor de ex - policial
dentro	ADV	0	212	3	PF apreende cocaína dentro de embalagens de creme de cebolas e cumpre mandado de prisão em desfavor de ex - policial
de	ADP	0	212	4	PF apreende cocaína dentro de embalagens de creme de cebolas e cumpre mandado de prisão em desfavor de ex - policial
embalagens	NOUN	1	212	5	PF apreende cocaína dentro de embalagens de creme de cebolas e cumpre mandado de prisão em desfavor de ex - policial
de	ADP	0	212	6	PF apreende cocaína dentro de embalagens de creme de cebolas e cumpre mandado de prisão em desfavor de ex - policial
creme	NOUN	1	212	7	PF apreende cocaína dentro de embalagens de creme de cebolas e cumpre mandado de prisão em desfavor de ex - policial
de	ADP	0	212	8	PF apreende cocaína dentro de embalagens de creme de cebolas e cumpre mandado de prisão em desfavor de ex - policial
cebolas	NOUN	1	212	9	PF apreende cocaína dentro de embalagens de creme de cebolas e cumpre mandado de prisão em desfavor de ex - policial
e	CCONJ	0	212	10	PF apreende cocaína dentro de embalagens de creme de cebolas e cumpre mandado de prisão em desfavor de ex - policial
cumpre	VERB	1	212	11	PF apreende cocaína dentro de embalagens de creme de cebolas e cumpre mandado de prisão em desfavor de ex - policial
mandado	VERB	0	212	12	PF apreende cocaína dentro de embalagens de creme de cebolas e cumpre mandado de prisão em desfavor de ex - policial
de	ADP	0	212	13	PF apreende cocaína dentro de embalagens de creme de cebolas e cumpre mandado de prisão em desfavor de ex - policial
prisão	NOUN	0	212	14	PF apreende cocaína dentro de embalagens de creme de cebolas e cumpre mandado de prisão em desfavor de ex - policial
em	ADP	0	212	15	PF apreende cocaína dentro de embalagens de creme de cebolas e cumpre mandado de prisão em desfavor de ex - policial
desfavor	NOUN	1	212	16	PF apreende cocaína dentro de embalagens de creme de cebolas e cumpre mandado de prisão em desfavor de ex - policial
de	ADP	0	212	17	PF apreende cocaína dentro de embalagens de creme de cebolas e cumpre mandado de prisão em desfavor de ex - policial
ex	PROPN	0	212	18	PF apreende cocaína dentro de embalagens de creme de cebolas e cumpre mandado de prisão em desfavor de ex - policial
-	PUNCT	0	212	19	PF apreende cocaína dentro de embalagens de creme de cebolas e cumpre mandado de prisão em desfavor de ex - policial
policial	NOUN	0	212	20	PF apreende cocaína dentro de embalagens de creme de cebolas e cumpre mandado de prisão em desfavor de ex - policial
PF	PROPN	1	213	0	PF apreende mais de cinco quilos de cocaína dentro de casacos e em revestimento de mala
apreende	VERB	1	213	1	PF apreende mais de cinco quilos de cocaína dentro de casacos e em revestimento de mala
mais	ADV	0	213	2	PF apreende mais de cinco quilos de cocaína dentro de casacos e em revestimento de mala
de	ADP	0	213	3	PF apreende mais de cinco quilos de cocaína dentro de casacos e em revestimento de mala
cinco	NUM	0	213	4	PF apreende mais de cinco quilos de cocaína dentro de casacos e em revestimento de mala
quilos	NOUN	1	213	5	PF apreende mais de cinco quilos de cocaína dentro de casacos e em revestimento de mala
de	ADP	0	213	6	PF apreende mais de cinco quilos de cocaína dentro de casacos e em revestimento de mala
cocaína	NOUN	1	213	7	PF apreende mais de cinco quilos de cocaína dentro de casacos e em revestimento de mala
dentro	ADV	0	213	8	PF apreende mais de cinco quilos de cocaína dentro de casacos e em revestimento de mala
de	ADP	0	213	9	PF apreende mais de cinco quilos de cocaína dentro de casacos e em revestimento de mala
casacos	NOUN	1	213	10	PF apreende mais de cinco quilos de cocaína dentro de casacos e em revestimento de mala
e	CCONJ	0	213	11	PF apreende mais de cinco quilos de cocaína dentro de casacos e em revestimento de mala
em	ADP	0	213	12	PF apreende mais de cinco quilos de cocaína dentro de casacos e em revestimento de mala
revestimento	NOUN	0	213	13	PF apreende mais de cinco quilos de cocaína dentro de casacos e em revestimento de mala
de	ADP	0	213	14	PF apreende mais de cinco quilos de cocaína dentro de casacos e em revestimento de mala
mala	NOUN	0	213	15	PF apreende mais de cinco quilos de cocaína dentro de casacos e em revestimento de mala
PF	PROPN	1	214	0	PF combate o tráfico de drogas no Acre
combate	VERB	0	214	1	PF combate o tráfico de drogas no Acre
o	DET	0	214	2	PF combate o tráfico de drogas no Acre
tráfico	NOUN	0	214	3	PF combate o tráfico de drogas no Acre
de	ADP	0	214	4	PF combate o tráfico de drogas no Acre
drogas	NOUN	0	214	5	PF combate o tráfico de drogas no Acre
no	ADP	0	214	6	PF combate o tráfico de drogas no Acre
Acre	PROPN	0	214	7	PF combate o tráfico de drogas no Acre
PF	PROPN	1	215	0	PF combate disseminação de pornografia com conteúdo infantojuvenil
combate	VERB	0	215	1	PF combate disseminação de pornografia com conteúdo infantojuvenil
disseminação	NOUN	1	215	2	PF combate disseminação de pornografia com conteúdo infantojuvenil
de	ADP	0	215	3	PF combate disseminação de pornografia com conteúdo infantojuvenil
pornografia	NOUN	1	215	4	PF combate disseminação de pornografia com conteúdo infantojuvenil
com	ADP	0	215	5	PF combate disseminação de pornografia com conteúdo infantojuvenil
conteúdo	NOUN	0	215	6	PF combate disseminação de pornografia com conteúdo infantojuvenil
infantojuvenil	ADJ	1	215	7	PF combate disseminação de pornografia com conteúdo infantojuvenil
Polícia	PROPN	0	216	0	Polícia Federal deflagra , em Alagoas , mais uma fase de Operação Inocência Compartilhada 2
Federal	PROPN	0	216	1	Polícia Federal deflagra , em Alagoas , mais uma fase de Operação Inocência Compartilhada 2
deflagra	VERB	1	216	2	Polícia Federal deflagra , em Alagoas , mais uma fase de Operação Inocência Compartilhada 2
,	PUNCT	0	216	3	Polícia Federal deflagra , em Alagoas , mais uma fase de Operação Inocência Compartilhada 2
em	ADP	0	216	4	Polícia Federal deflagra , em Alagoas , mais uma fase de Operação Inocência Compartilhada 2
Alagoas	PROPN	0	216	5	Polícia Federal deflagra , em Alagoas , mais uma fase de Operação Inocência Compartilhada 2
,	PUNCT	0	216	6	Polícia Federal deflagra , em Alagoas , mais uma fase de Operação Inocência Compartilhada 2
mais	ADV	0	216	7	Polícia Federal deflagra , em Alagoas , mais uma fase de Operação Inocência Compartilhada 2
uma	NUM	0	216	8	Polícia Federal deflagra , em Alagoas , mais uma fase de Operação Inocência Compartilhada 2
fase	NOUN	0	216	9	Polícia Federal deflagra , em Alagoas , mais uma fase de Operação Inocência Compartilhada 2
de	ADP	0	216	10	Polícia Federal deflagra , em Alagoas , mais uma fase de Operação Inocência Compartilhada 2
Operação	PROPN	0	216	11	Polícia Federal deflagra , em Alagoas , mais uma fase de Operação Inocência Compartilhada 2
Inocência	PROPN	1	216	12	Polícia Federal deflagra , em Alagoas , mais uma fase de Operação Inocência Compartilhada 2
Compartilhada	VERB	1	216	13	Polícia Federal deflagra , em Alagoas , mais uma fase de Operação Inocência Compartilhada 2
2	NUM	0	216	14	Polícia Federal deflagra , em Alagoas , mais uma fase de Operação Inocência Compartilhada 2
Polícia	PROPN	0	217	0	Polícia Federal deflagra Operação UFR GIO para investigar esquema de crimes eleitorais no Rio de Janeiro .
Federal	PROPN	0	217	1	Polícia Federal deflagra Operação UFR GIO para investigar esquema de crimes eleitorais no Rio de Janeiro .
deflagra	VERB	1	217	2	Polícia Federal deflagra Operação UFR GIO para investigar esquema de crimes eleitorais no Rio de Janeiro .
Operação	NOUN	0	217	3	Polícia Federal deflagra Operação UFR GIO para investigar esquema de crimes eleitorais no Rio de Janeiro .
UFR	PROPN	1	217	4	Polícia Federal deflagra Operação UFR GIO para investigar esquema de crimes eleitorais no Rio de Janeiro .
GIO	PROPN	1	217	5	Polícia Federal deflagra Operação UFR GIO para investigar esquema de crimes eleitorais no Rio de Janeiro .
para	SCONJ	0	217	6	Polícia Federal deflagra Operação UFR GIO para investigar esquema de crimes eleitorais no Rio de Janeiro .
investigar	VERB	0	217	7	Polícia Federal deflagra Operação UFR GIO para investigar esquema de crimes eleitorais no Rio de Janeiro .
esquema	NOUN	0	217	8	Polícia Federal deflagra Operação UFR GIO para investigar esquema de crimes eleitorais no Rio de Janeiro .
de	ADP	0	217	9	Polícia Federal deflagra Operação UFR GIO para investigar esquema de crimes eleitorais no Rio de Janeiro .
crimes	NOUN	0	217	10	Polícia Federal deflagra Operação UFR GIO para investigar esquema de crimes eleitorais no Rio de Janeiro .
eleitorais	ADJ	0	217	11	Polícia Federal deflagra Operação UFR GIO para investigar esquema de crimes eleitorais no Rio de Janeiro .
no	ADP	0	217	12	Polícia Federal deflagra Operação UFR GIO para investigar esquema de crimes eleitorais no Rio de Janeiro .
Rio	PROPN	0	217	13	Polícia Federal deflagra Operação UFR GIO para investigar esquema de crimes eleitorais no Rio de Janeiro .
de	ADP	0	217	14	Polícia Federal deflagra Operação UFR GIO para investigar esquema de crimes eleitorais no Rio de Janeiro .
Janeiro	PROPN	0	217	15	Polícia Federal deflagra Operação UFR GIO para investigar esquema de crimes eleitorais no Rio de Janeiro .
.	PUNCT	0	217	16	Polícia Federal deflagra Operação UFR GIO para investigar esquema de crimes eleitorais no Rio de Janeiro .
PF	PROPN	1	218	0	PF desmantela grupo criminoso especializado no contrabando de cigarros de origem paraguaia
desmantela	VERB	1	218	1	PF desmantela grupo criminoso especializado no contrabando de cigarros de origem paraguaia
grupo	NOUN	0	218	2	PF desmantela grupo criminoso especializado no contrabando de cigarros de origem paraguaia
criminoso	ADJ	0	218	3	PF desmantela grupo criminoso especializado no contrabando de cigarros de origem paraguaia
especializado	VERB	0	218	4	PF desmantela grupo criminoso especializado no contrabando de cigarros de origem paraguaia
no	ADP	0	218	5	PF desmantela grupo criminoso especializado no contrabando de cigarros de origem paraguaia
contrabando	NOUN	1	218	6	PF desmantela grupo criminoso especializado no contrabando de cigarros de origem paraguaia
de	ADP	0	218	7	PF desmantela grupo criminoso especializado no contrabando de cigarros de origem paraguaia
cigarros	NOUN	1	218	8	PF desmantela grupo criminoso especializado no contrabando de cigarros de origem paraguaia
de	ADP	0	218	9	PF desmantela grupo criminoso especializado no contrabando de cigarros de origem paraguaia
origem	NOUN	0	218	10	PF desmantela grupo criminoso especializado no contrabando de cigarros de origem paraguaia
paraguaia	ADJ	1	218	11	PF desmantela grupo criminoso especializado no contrabando de cigarros de origem paraguaia
Operação	PROPN	0	219	0	Operação Quinta Coluna reprime célula criminosa envolvida com tráfico de drogas em aeronaves da FAB
Quinta	PROPN	0	219	1	Operação Quinta Coluna reprime célula criminosa envolvida com tráfico de drogas em aeronaves da FAB
Coluna	PROPN	1	219	2	Operação Quinta Coluna reprime célula criminosa envolvida com tráfico de drogas em aeronaves da FAB
reprime	VERB	1	219	3	Operação Quinta Coluna reprime célula criminosa envolvida com tráfico de drogas em aeronaves da FAB
célula	NOUN	0	219	4	Operação Quinta Coluna reprime célula criminosa envolvida com tráfico de drogas em aeronaves da FAB
criminosa	ADJ	1	219	5	Operação Quinta Coluna reprime célula criminosa envolvida com tráfico de drogas em aeronaves da FAB
envolvida	VERB	0	219	6	Operação Quinta Coluna reprime célula criminosa envolvida com tráfico de drogas em aeronaves da FAB
com	ADP	0	219	7	Operação Quinta Coluna reprime célula criminosa envolvida com tráfico de drogas em aeronaves da FAB
tráfico	NOUN	0	219	8	Operação Quinta Coluna reprime célula criminosa envolvida com tráfico de drogas em aeronaves da FAB
de	ADP	0	219	9	Operação Quinta Coluna reprime célula criminosa envolvida com tráfico de drogas em aeronaves da FAB
drogas	NOUN	0	219	10	Operação Quinta Coluna reprime célula criminosa envolvida com tráfico de drogas em aeronaves da FAB
em	ADP	0	219	11	Operação Quinta Coluna reprime célula criminosa envolvida com tráfico de drogas em aeronaves da FAB
aeronaves	NOUN	0	219	12	Operação Quinta Coluna reprime célula criminosa envolvida com tráfico de drogas em aeronaves da FAB
da	ADP	0	219	13	Operação Quinta Coluna reprime célula criminosa envolvida com tráfico de drogas em aeronaves da FAB
FAB	PROPN	1	219	14	Operação Quinta Coluna reprime célula criminosa envolvida com tráfico de drogas em aeronaves da FAB
PF	PROPN	1	220	0	PF em ação conjunta com a Receita apreende droga e petrechos para arma de fogo
em	ADP	0	220	1	PF em ação conjunta com a Receita apreende droga e petrechos para arma de fogo
ação	NOUN	0	220	2	PF em ação conjunta com a Receita apreende droga e petrechos para arma de fogo
conjunta	ADJ	0	220	3	PF em ação conjunta com a Receita apreende droga e petrechos para arma de fogo
com	ADP	0	220	4	PF em ação conjunta com a Receita apreende droga e petrechos para arma de fogo
a	DET	0	220	5	PF em ação conjunta com a Receita apreende droga e petrechos para arma de fogo
Receita	NOUN	1	220	6	PF em ação conjunta com a Receita apreende droga e petrechos para arma de fogo
apreende	VERB	1	220	7	PF em ação conjunta com a Receita apreende droga e petrechos para arma de fogo
droga	NOUN	0	220	8	PF em ação conjunta com a Receita apreende droga e petrechos para arma de fogo
e	CCONJ	0	220	9	PF em ação conjunta com a Receita apreende droga e petrechos para arma de fogo
petrechos	NOUN	1	220	10	PF em ação conjunta com a Receita apreende droga e petrechos para arma de fogo
para	ADP	0	220	11	PF em ação conjunta com a Receita apreende droga e petrechos para arma de fogo
arma	NOUN	0	220	12	PF em ação conjunta com a Receita apreende droga e petrechos para arma de fogo
de	ADP	0	220	13	PF em ação conjunta com a Receita apreende droga e petrechos para arma de fogo
fogo	NOUN	0	220	14	PF em ação conjunta com a Receita apreende droga e petrechos para arma de fogo
PF	PROPN	1	221	0	PF resgata brasileiras vítimas de tráfico humano na Bolívia
resgata	VERB	1	221	1	PF resgata brasileiras vítimas de tráfico humano na Bolívia
brasileiras	ADJ	0	221	2	PF resgata brasileiras vítimas de tráfico humano na Bolívia
vítimas	NOUN	0	221	3	PF resgata brasileiras vítimas de tráfico humano na Bolívia
de	ADP	0	221	4	PF resgata brasileiras vítimas de tráfico humano na Bolívia
tráfico	NOUN	0	221	5	PF resgata brasileiras vítimas de tráfico humano na Bolívia
humano	ADJ	0	221	6	PF resgata brasileiras vítimas de tráfico humano na Bolívia
na	ADP	0	221	7	PF resgata brasileiras vítimas de tráfico humano na Bolívia
Bolívia	PROPN	0	221	8	PF resgata brasileiras vítimas de tráfico humano na Bolívia
Polícia	PROPN	0	222	0	Polícia Federal incinera mais de meia tonelada de drogas em Tabatinga
Federal	PROPN	0	222	1	Polícia Federal incinera mais de meia tonelada de drogas em Tabatinga
incinera	VERB	1	222	2	Polícia Federal incinera mais de meia tonelada de drogas em Tabatinga
mais	ADV	0	222	3	Polícia Federal incinera mais de meia tonelada de drogas em Tabatinga
de	ADP	0	222	4	Polícia Federal incinera mais de meia tonelada de drogas em Tabatinga
meia	NOUN	0	222	5	Polícia Federal incinera mais de meia tonelada de drogas em Tabatinga
tonelada	NOUN	1	222	6	Polícia Federal incinera mais de meia tonelada de drogas em Tabatinga
de	ADP	0	222	7	Polícia Federal incinera mais de meia tonelada de drogas em Tabatinga
drogas	NOUN	0	222	8	Polícia Federal incinera mais de meia tonelada de drogas em Tabatinga
em	ADP	0	222	9	Polícia Federal incinera mais de meia tonelada de drogas em Tabatinga
Tabatinga	PROPN	1	222	10	Polícia Federal incinera mais de meia tonelada de drogas em Tabatinga
Polícia	PROPN	0	223	0	Polícia Federal deflagra Operação Ponto Final II
Federal	PROPN	0	223	1	Polícia Federal deflagra Operação Ponto Final II
deflagra	VERB	1	223	2	Polícia Federal deflagra Operação Ponto Final II
Operação	PROPN	0	223	3	Polícia Federal deflagra Operação Ponto Final II
Ponto	PROPN	0	223	4	Polícia Federal deflagra Operação Ponto Final II
Final	PROPN	0	223	5	Polícia Federal deflagra Operação Ponto Final II
II	ADJ	0	223	6	Polícia Federal deflagra Operação Ponto Final II
Polícia	PROPN	0	224	0	Polícia Federal prende homem com notas falsas
Federal	PROPN	0	224	1	Polícia Federal prende homem com notas falsas
prende	VERB	1	224	2	Polícia Federal prende homem com notas falsas
homem	NOUN	0	224	3	Polícia Federal prende homem com notas falsas
com	ADP	0	224	4	Polícia Federal prende homem com notas falsas
notas	NOUN	0	224	5	Polícia Federal prende homem com notas falsas
falsas	ADJ	0	224	6	Polícia Federal prende homem com notas falsas
PF	PROPN	1	225	0	PF prende mulher em flagrante por tráfico de drogas
prende	VERB	1	225	1	PF prende mulher em flagrante por tráfico de drogas
mulher	NOUN	0	225	2	PF prende mulher em flagrante por tráfico de drogas
em	ADP	0	225	3	PF prende mulher em flagrante por tráfico de drogas
flagrante	NOUN	1	225	4	PF prende mulher em flagrante por tráfico de drogas
por	ADP	0	225	5	PF prende mulher em flagrante por tráfico de drogas
tráfico	NOUN	0	225	6	PF prende mulher em flagrante por tráfico de drogas
de	ADP	0	225	7	PF prende mulher em flagrante por tráfico de drogas
drogas	NOUN	0	225	8	PF prende mulher em flagrante por tráfico de drogas
Polícia	PROPN	0	226	0	Polícia Federal incinera aproximadamente meia tonelada de drogas no Acre
Federal	PROPN	0	226	1	Polícia Federal incinera aproximadamente meia tonelada de drogas no Acre
incinera	VERB	1	226	2	Polícia Federal incinera aproximadamente meia tonelada de drogas no Acre
aproximadamente	ADV	0	226	3	Polícia Federal incinera aproximadamente meia tonelada de drogas no Acre
meia	NUM	0	226	4	Polícia Federal incinera aproximadamente meia tonelada de drogas no Acre
tonelada	NOUN	1	226	5	Polícia Federal incinera aproximadamente meia tonelada de drogas no Acre
de	ADP	0	226	6	Polícia Federal incinera aproximadamente meia tonelada de drogas no Acre
drogas	NOUN	0	226	7	Polícia Federal incinera aproximadamente meia tonelada de drogas no Acre
no	ADP	0	226	8	Polícia Federal incinera aproximadamente meia tonelada de drogas no Acre
Acre	PROPN	0	226	9	Polícia Federal incinera aproximadamente meia tonelada de drogas no Acre
Polícia	PROPN	0	227	0	Polícia Federal combate fraude em licenças minerais e ambientais
Federal	PROPN	0	227	1	Polícia Federal combate fraude em licenças minerais e ambientais
combate	VERB	0	227	2	Polícia Federal combate fraude em licenças minerais e ambientais
fraude	NOUN	0	227	3	Polícia Federal combate fraude em licenças minerais e ambientais
em	ADP	0	227	4	Polícia Federal combate fraude em licenças minerais e ambientais
licenças	NOUN	1	227	5	Polícia Federal combate fraude em licenças minerais e ambientais
minerais	ADJ	0	227	6	Polícia Federal combate fraude em licenças minerais e ambientais
e	CCONJ	0	227	7	Polícia Federal combate fraude em licenças minerais e ambientais
ambientais	ADJ	0	227	8	Polícia Federal combate fraude em licenças minerais e ambientais
Polícia	PROPN	0	228	0	Polícia Federal deflagra Operação Fiscela para reprimir crimes contra a Previdência Social
Federal	PROPN	0	228	1	Polícia Federal deflagra Operação Fiscela para reprimir crimes contra a Previdência Social
deflagra	VERB	1	228	2	Polícia Federal deflagra Operação Fiscela para reprimir crimes contra a Previdência Social
Operação	PROPN	0	228	3	Polícia Federal deflagra Operação Fiscela para reprimir crimes contra a Previdência Social
Fiscela	PROPN	1	228	4	Polícia Federal deflagra Operação Fiscela para reprimir crimes contra a Previdência Social
para	SCONJ	0	228	5	Polícia Federal deflagra Operação Fiscela para reprimir crimes contra a Previdência Social
reprimir	VERB	1	228	6	Polícia Federal deflagra Operação Fiscela para reprimir crimes contra a Previdência Social
crimes	NOUN	0	228	7	Polícia Federal deflagra Operação Fiscela para reprimir crimes contra a Previdência Social
contra	ADP	0	228	8	Polícia Federal deflagra Operação Fiscela para reprimir crimes contra a Previdência Social
a	DET	0	228	9	Polícia Federal deflagra Operação Fiscela para reprimir crimes contra a Previdência Social
Previdência	PROPN	1	228	10	Polícia Federal deflagra Operação Fiscela para reprimir crimes contra a Previdência Social
Social	PROPN	0	228	11	Polícia Federal deflagra Operação Fiscela para reprimir crimes contra a Previdência Social
Polícia	PROPN	0	229	0	Polícia Federal prende quatro pessoas em flagrante por descaminho em Foz do Iguaçu PR
Federal	PROPN	0	229	1	Polícia Federal prende quatro pessoas em flagrante por descaminho em Foz do Iguaçu PR
prende	VERB	1	229	2	Polícia Federal prende quatro pessoas em flagrante por descaminho em Foz do Iguaçu PR
quatro	NUM	0	229	3	Polícia Federal prende quatro pessoas em flagrante por descaminho em Foz do Iguaçu PR
pessoas	NOUN	0	229	4	Polícia Federal prende quatro pessoas em flagrante por descaminho em Foz do Iguaçu PR
em	ADP	0	229	5	Polícia Federal prende quatro pessoas em flagrante por descaminho em Foz do Iguaçu PR
flagrante	NOUN	1	229	6	Polícia Federal prende quatro pessoas em flagrante por descaminho em Foz do Iguaçu PR
por	ADP	0	229	7	Polícia Federal prende quatro pessoas em flagrante por descaminho em Foz do Iguaçu PR
descaminho	NOUN	1	229	8	Polícia Federal prende quatro pessoas em flagrante por descaminho em Foz do Iguaçu PR
em	ADP	0	229	9	Polícia Federal prende quatro pessoas em flagrante por descaminho em Foz do Iguaçu PR
Foz	PROPN	0	229	10	Polícia Federal prende quatro pessoas em flagrante por descaminho em Foz do Iguaçu PR
do	ADP	0	229	11	Polícia Federal prende quatro pessoas em flagrante por descaminho em Foz do Iguaçu PR
Iguaçu	PROPN	0	229	12	Polícia Federal prende quatro pessoas em flagrante por descaminho em Foz do Iguaçu PR
PR	PROPN	0	229	13	Polícia Federal prende quatro pessoas em flagrante por descaminho em Foz do Iguaçu PR
PF	PROPN	1	230	0	PF e BPFRON apreendem veículos e cigarro contrabandeado
e	CCONJ	0	230	1	PF e BPFRON apreendem veículos e cigarro contrabandeado
BPFRON	PROPN	1	230	2	PF e BPFRON apreendem veículos e cigarro contrabandeado
apreendem	VERB	1	230	3	PF e BPFRON apreendem veículos e cigarro contrabandeado
veículos	NOUN	0	230	4	PF e BPFRON apreendem veículos e cigarro contrabandeado
e	CCONJ	0	230	5	PF e BPFRON apreendem veículos e cigarro contrabandeado
cigarro	NOUN	1	230	6	PF e BPFRON apreendem veículos e cigarro contrabandeado
contrabandeado	VERB	1	230	7	PF e BPFRON apreendem veículos e cigarro contrabandeado
Polícia	PROPN	0	231	0	Polícia Federal e GEFRON AC realizaram apreensão de mais de R 60 mil
Federal	PROPN	0	231	1	Polícia Federal e GEFRON AC realizaram apreensão de mais de R 60 mil
e	CCONJ	0	231	2	Polícia Federal e GEFRON AC realizaram apreensão de mais de R 60 mil
GEFRON	PROPN	1	231	3	Polícia Federal e GEFRON AC realizaram apreensão de mais de R 60 mil
AC	PROPN	0	231	4	Polícia Federal e GEFRON AC realizaram apreensão de mais de R 60 mil
realizaram	VERB	0	231	5	Polícia Federal e GEFRON AC realizaram apreensão de mais de R 60 mil
apreensão	NOUN	1	231	6	Polícia Federal e GEFRON AC realizaram apreensão de mais de R 60 mil
de	ADP	0	231	7	Polícia Federal e GEFRON AC realizaram apreensão de mais de R 60 mil
mais	ADV	0	231	8	Polícia Federal e GEFRON AC realizaram apreensão de mais de R 60 mil
de	ADP	0	231	9	Polícia Federal e GEFRON AC realizaram apreensão de mais de R 60 mil
R	SYM	0	231	10	Polícia Federal e GEFRON AC realizaram apreensão de mais de R 60 mil
60	NUM	0	231	11	Polícia Federal e GEFRON AC realizaram apreensão de mais de R 60 mil
mil	NUM	0	231	12	Polícia Federal e GEFRON AC realizaram apreensão de mais de R 60 mil
PF	PROPN	1	232	0	PF e BPFRON apreendem um veículo carregado com cigarros de origem paraguaia
e	CCONJ	0	232	1	PF e BPFRON apreendem um veículo carregado com cigarros de origem paraguaia
BPFRON	PROPN	1	232	2	PF e BPFRON apreendem um veículo carregado com cigarros de origem paraguaia
apreendem	VERB	1	232	3	PF e BPFRON apreendem um veículo carregado com cigarros de origem paraguaia
um	DET	0	232	4	PF e BPFRON apreendem um veículo carregado com cigarros de origem paraguaia
veículo	NOUN	0	232	5	PF e BPFRON apreendem um veículo carregado com cigarros de origem paraguaia
carregado	VERB	0	232	6	PF e BPFRON apreendem um veículo carregado com cigarros de origem paraguaia
com	ADP	0	232	7	PF e BPFRON apreendem um veículo carregado com cigarros de origem paraguaia
cigarros	NOUN	1	232	8	PF e BPFRON apreendem um veículo carregado com cigarros de origem paraguaia
de	ADP	0	232	9	PF e BPFRON apreendem um veículo carregado com cigarros de origem paraguaia
origem	NOUN	0	232	10	PF e BPFRON apreendem um veículo carregado com cigarros de origem paraguaia
paraguaia	ADJ	1	232	11	PF e BPFRON apreendem um veículo carregado com cigarros de origem paraguaia
Polícia	PROPN	0	233	0	Polícia Federal prende quatro pessoas por promoção de migração ilegal na fronteira com a Guiana .
Federal	PROPN	0	233	1	Polícia Federal prende quatro pessoas por promoção de migração ilegal na fronteira com a Guiana .
prende	VERB	1	233	2	Polícia Federal prende quatro pessoas por promoção de migração ilegal na fronteira com a Guiana .
quatro	NUM	0	233	3	Polícia Federal prende quatro pessoas por promoção de migração ilegal na fronteira com a Guiana .
pessoas	NOUN	0	233	4	Polícia Federal prende quatro pessoas por promoção de migração ilegal na fronteira com a Guiana .
por	ADP	0	233	5	Polícia Federal prende quatro pessoas por promoção de migração ilegal na fronteira com a Guiana .
promoção	NOUN	0	233	6	Polícia Federal prende quatro pessoas por promoção de migração ilegal na fronteira com a Guiana .
de	ADP	0	233	7	Polícia Federal prende quatro pessoas por promoção de migração ilegal na fronteira com a Guiana .
migração	NOUN	0	233	8	Polícia Federal prende quatro pessoas por promoção de migração ilegal na fronteira com a Guiana .
ilegal	ADJ	0	233	9	Polícia Federal prende quatro pessoas por promoção de migração ilegal na fronteira com a Guiana .
na	ADP	0	233	10	Polícia Federal prende quatro pessoas por promoção de migração ilegal na fronteira com a Guiana .
fronteira	NOUN	0	233	11	Polícia Federal prende quatro pessoas por promoção de migração ilegal na fronteira com a Guiana .
com	ADP	0	233	12	Polícia Federal prende quatro pessoas por promoção de migração ilegal na fronteira com a Guiana .
a	DET	0	233	13	Polícia Federal prende quatro pessoas por promoção de migração ilegal na fronteira com a Guiana .
Guiana	PROPN	0	233	14	Polícia Federal prende quatro pessoas por promoção de migração ilegal na fronteira com a Guiana .
.	PUNCT	0	233	15	Polícia Federal prende quatro pessoas por promoção de migração ilegal na fronteira com a Guiana .
Polícia	PROPN	0	234	0	Polícia Federal reprime invasão de terras no Amapá
Federal	PROPN	0	234	1	Polícia Federal reprime invasão de terras no Amapá
reprime	VERB	1	234	2	Polícia Federal reprime invasão de terras no Amapá
invasão	NOUN	0	234	3	Polícia Federal reprime invasão de terras no Amapá
de	ADP	0	234	4	Polícia Federal reprime invasão de terras no Amapá
terras	NOUN	0	234	5	Polícia Federal reprime invasão de terras no Amapá
no	ADP	0	234	6	Polícia Federal reprime invasão de terras no Amapá
Amapá	PROPN	0	234	7	Polícia Federal reprime invasão de terras no Amapá
Nota	NOUN	0	235	0	Nota à imprensa
à	ADP	0	235	1	Nota à imprensa
imprensa	NOUN	0	235	2	Nota à imprensa
Polícia	PROPN	0	236	0	Polícia Federal combate crime de moeda falsa em Bagé RS
Federal	PROPN	0	236	1	Polícia Federal combate crime de moeda falsa em Bagé RS
combate	VERB	0	236	2	Polícia Federal combate crime de moeda falsa em Bagé RS
crime	NOUN	0	236	3	Polícia Federal combate crime de moeda falsa em Bagé RS
de	ADP	0	236	4	Polícia Federal combate crime de moeda falsa em Bagé RS
moeda	NOUN	0	236	5	Polícia Federal combate crime de moeda falsa em Bagé RS
falsa	ADJ	0	236	6	Polícia Federal combate crime de moeda falsa em Bagé RS
em	ADP	0	236	7	Polícia Federal combate crime de moeda falsa em Bagé RS
Bagé	PROPN	1	236	8	Polícia Federal combate crime de moeda falsa em Bagé RS
RS	PROPN	0	236	9	Polícia Federal combate crime de moeda falsa em Bagé RS
PF	PROPN	1	237	0	PF deflagra Operação Hydra para investigar obtenção fraudulenta de benefício social
deflagra	VERB	1	237	1	PF deflagra Operação Hydra para investigar obtenção fraudulenta de benefício social
Operação	PROPN	0	237	2	PF deflagra Operação Hydra para investigar obtenção fraudulenta de benefício social
Hydra	PROPN	1	237	3	PF deflagra Operação Hydra para investigar obtenção fraudulenta de benefício social
para	SCONJ	0	237	4	PF deflagra Operação Hydra para investigar obtenção fraudulenta de benefício social
investigar	VERB	0	237	5	PF deflagra Operação Hydra para investigar obtenção fraudulenta de benefício social
obtenção	NOUN	0	237	6	PF deflagra Operação Hydra para investigar obtenção fraudulenta de benefício social
fraudulenta	ADJ	1	237	7	PF deflagra Operação Hydra para investigar obtenção fraudulenta de benefício social
de	ADP	0	237	8	PF deflagra Operação Hydra para investigar obtenção fraudulenta de benefício social
benefício	NOUN	0	237	9	PF deflagra Operação Hydra para investigar obtenção fraudulenta de benefício social
social	ADJ	0	237	10	PF deflagra Operação Hydra para investigar obtenção fraudulenta de benefício social
Policiais	NOUN	1	238	0	Policiais prendem em flagrante duas pessoas , na rodoviária de Céu Azul PR , com fuzis e carregadores
prendem	VERB	1	238	1	Policiais prendem em flagrante duas pessoas , na rodoviária de Céu Azul PR , com fuzis e carregadores
em	ADP	0	238	2	Policiais prendem em flagrante duas pessoas , na rodoviária de Céu Azul PR , com fuzis e carregadores
flagrante	NOUN	1	238	3	Policiais prendem em flagrante duas pessoas , na rodoviária de Céu Azul PR , com fuzis e carregadores
duas	NUM	0	238	4	Policiais prendem em flagrante duas pessoas , na rodoviária de Céu Azul PR , com fuzis e carregadores
pessoas	NOUN	0	238	5	Policiais prendem em flagrante duas pessoas , na rodoviária de Céu Azul PR , com fuzis e carregadores
,	PUNCT	0	238	6	Policiais prendem em flagrante duas pessoas , na rodoviária de Céu Azul PR , com fuzis e carregadores
na	ADP	0	238	7	Policiais prendem em flagrante duas pessoas , na rodoviária de Céu Azul PR , com fuzis e carregadores
rodoviária	NOUN	1	238	8	Policiais prendem em flagrante duas pessoas , na rodoviária de Céu Azul PR , com fuzis e carregadores
de	ADP	0	238	9	Policiais prendem em flagrante duas pessoas , na rodoviária de Céu Azul PR , com fuzis e carregadores
Céu	PROPN	0	238	10	Policiais prendem em flagrante duas pessoas , na rodoviária de Céu Azul PR , com fuzis e carregadores
Azul	PROPN	0	238	11	Policiais prendem em flagrante duas pessoas , na rodoviária de Céu Azul PR , com fuzis e carregadores
PR	PROPN	0	238	12	Policiais prendem em flagrante duas pessoas , na rodoviária de Céu Azul PR , com fuzis e carregadores
,	PUNCT	0	238	13	Policiais prendem em flagrante duas pessoas , na rodoviária de Céu Azul PR , com fuzis e carregadores
com	ADP	0	238	14	Policiais prendem em flagrante duas pessoas , na rodoviária de Céu Azul PR , com fuzis e carregadores
fuzis	NOUN	1	238	15	Policiais prendem em flagrante duas pessoas , na rodoviária de Céu Azul PR , com fuzis e carregadores
e	CCONJ	0	238	16	Policiais prendem em flagrante duas pessoas , na rodoviária de Céu Azul PR , com fuzis e carregadores
carregadores	NOUN	1	238	17	Policiais prendem em flagrante duas pessoas , na rodoviária de Céu Azul PR , com fuzis e carregadores
A	DET	0	239	0	A Polícia Federal desarticula esquema de desvios de Recursos do Fundo Municipal de Saúde em Araguaína TO .
Polícia	PROPN	0	239	1	A Polícia Federal desarticula esquema de desvios de Recursos do Fundo Municipal de Saúde em Araguaína TO .
Federal	PROPN	0	239	2	A Polícia Federal desarticula esquema de desvios de Recursos do Fundo Municipal de Saúde em Araguaína TO .
desarticula	VERB	1	239	3	A Polícia Federal desarticula esquema de desvios de Recursos do Fundo Municipal de Saúde em Araguaína TO .
esquema	NOUN	0	239	4	A Polícia Federal desarticula esquema de desvios de Recursos do Fundo Municipal de Saúde em Araguaína TO .
de	ADP	0	239	5	A Polícia Federal desarticula esquema de desvios de Recursos do Fundo Municipal de Saúde em Araguaína TO .
desvios	NOUN	1	239	6	A Polícia Federal desarticula esquema de desvios de Recursos do Fundo Municipal de Saúde em Araguaína TO .
de	ADP	0	239	7	A Polícia Federal desarticula esquema de desvios de Recursos do Fundo Municipal de Saúde em Araguaína TO .
Recursos	NOUN	0	239	8	A Polícia Federal desarticula esquema de desvios de Recursos do Fundo Municipal de Saúde em Araguaína TO .
do	ADP	0	239	9	A Polícia Federal desarticula esquema de desvios de Recursos do Fundo Municipal de Saúde em Araguaína TO .
Fundo	PROPN	0	239	10	A Polícia Federal desarticula esquema de desvios de Recursos do Fundo Municipal de Saúde em Araguaína TO .
Municipal	PROPN	0	239	11	A Polícia Federal desarticula esquema de desvios de Recursos do Fundo Municipal de Saúde em Araguaína TO .
de	ADP	0	239	12	A Polícia Federal desarticula esquema de desvios de Recursos do Fundo Municipal de Saúde em Araguaína TO .
Saúde	PROPN	0	239	13	A Polícia Federal desarticula esquema de desvios de Recursos do Fundo Municipal de Saúde em Araguaína TO .
em	ADP	0	239	14	A Polícia Federal desarticula esquema de desvios de Recursos do Fundo Municipal de Saúde em Araguaína TO .
Araguaína	PROPN	1	239	15	A Polícia Federal desarticula esquema de desvios de Recursos do Fundo Municipal de Saúde em Araguaína TO .
TO	PROPN	1	239	16	A Polícia Federal desarticula esquema de desvios de Recursos do Fundo Municipal de Saúde em Araguaína TO .
.	PUNCT	0	239	17	A Polícia Federal desarticula esquema de desvios de Recursos do Fundo Municipal de Saúde em Araguaína TO .
PF	PROPN	1	240	0	PF apura extravio de respiradores da Santa Casa de Montes Claros MG
apura	VERB	0	240	1	PF apura extravio de respiradores da Santa Casa de Montes Claros MG
extravio	NOUN	1	240	2	PF apura extravio de respiradores da Santa Casa de Montes Claros MG
de	ADP	0	240	3	PF apura extravio de respiradores da Santa Casa de Montes Claros MG
respiradores	NOUN	1	240	4	PF apura extravio de respiradores da Santa Casa de Montes Claros MG
da	ADP	0	240	5	PF apura extravio de respiradores da Santa Casa de Montes Claros MG
Santa	PROPN	0	240	6	PF apura extravio de respiradores da Santa Casa de Montes Claros MG
Casa	PROPN	0	240	7	PF apura extravio de respiradores da Santa Casa de Montes Claros MG
de	ADP	0	240	8	PF apura extravio de respiradores da Santa Casa de Montes Claros MG
Montes	PROPN	0	240	9	PF apura extravio de respiradores da Santa Casa de Montes Claros MG
Claros	PROPN	1	240	10	PF apura extravio de respiradores da Santa Casa de Montes Claros MG
MG	PROPN	0	240	11	PF apura extravio de respiradores da Santa Casa de Montes Claros MG
Polícia	PROPN	0	241	0	Polícia Federal já prendeu doze procurados internacionais em 2021
Federal	PROPN	0	241	1	Polícia Federal já prendeu doze procurados internacionais em 2021
já	ADV	0	241	2	Polícia Federal já prendeu doze procurados internacionais em 2021
prendeu	VERB	1	241	3	Polícia Federal já prendeu doze procurados internacionais em 2021
doze	NUM	0	241	4	Polícia Federal já prendeu doze procurados internacionais em 2021
procurados	VERB	1	241	5	Polícia Federal já prendeu doze procurados internacionais em 2021
internacionais	ADJ	0	241	6	Polícia Federal já prendeu doze procurados internacionais em 2021
em	ADP	0	241	7	Polícia Federal já prendeu doze procurados internacionais em 2021
2021	NUM	1	241	8	Polícia Federal já prendeu doze procurados internacionais em 2021
PF	PROPN	1	242	0	PF deflagra a Operação Papel Branco e desarticula esquema de emissão de laudos fraudulentos em Minas Gerais
deflagra	VERB	1	242	1	PF deflagra a Operação Papel Branco e desarticula esquema de emissão de laudos fraudulentos em Minas Gerais
a	DET	0	242	2	PF deflagra a Operação Papel Branco e desarticula esquema de emissão de laudos fraudulentos em Minas Gerais
Operação	PROPN	0	242	3	PF deflagra a Operação Papel Branco e desarticula esquema de emissão de laudos fraudulentos em Minas Gerais
Papel	PROPN	1	242	4	PF deflagra a Operação Papel Branco e desarticula esquema de emissão de laudos fraudulentos em Minas Gerais
Branco	PROPN	0	242	5	PF deflagra a Operação Papel Branco e desarticula esquema de emissão de laudos fraudulentos em Minas Gerais
e	CCONJ	0	242	6	PF deflagra a Operação Papel Branco e desarticula esquema de emissão de laudos fraudulentos em Minas Gerais
desarticula	VERB	1	242	7	PF deflagra a Operação Papel Branco e desarticula esquema de emissão de laudos fraudulentos em Minas Gerais
esquema	NOUN	0	242	8	PF deflagra a Operação Papel Branco e desarticula esquema de emissão de laudos fraudulentos em Minas Gerais
de	ADP	0	242	9	PF deflagra a Operação Papel Branco e desarticula esquema de emissão de laudos fraudulentos em Minas Gerais
emissão	NOUN	0	242	10	PF deflagra a Operação Papel Branco e desarticula esquema de emissão de laudos fraudulentos em Minas Gerais
de	ADP	0	242	11	PF deflagra a Operação Papel Branco e desarticula esquema de emissão de laudos fraudulentos em Minas Gerais
laudos	NOUN	1	242	12	PF deflagra a Operação Papel Branco e desarticula esquema de emissão de laudos fraudulentos em Minas Gerais
fraudulentos	ADJ	1	242	13	PF deflagra a Operação Papel Branco e desarticula esquema de emissão de laudos fraudulentos em Minas Gerais
em	ADP	0	242	14	PF deflagra a Operação Papel Branco e desarticula esquema de emissão de laudos fraudulentos em Minas Gerais
Minas	PROPN	0	242	15	PF deflagra a Operação Papel Branco e desarticula esquema de emissão de laudos fraudulentos em Minas Gerais
Gerais	PROPN	0	242	16	PF deflagra a Operação Papel Branco e desarticula esquema de emissão de laudos fraudulentos em Minas Gerais
PF	PROPN	1	243	0	PF prende foragido da Justiça em Minas Gerais
prende	VERB	1	243	1	PF prende foragido da Justiça em Minas Gerais
foragido	NOUN	1	243	2	PF prende foragido da Justiça em Minas Gerais
da	ADP	0	243	3	PF prende foragido da Justiça em Minas Gerais
Justiça	NOUN	0	243	4	PF prende foragido da Justiça em Minas Gerais
em	ADP	0	243	5	PF prende foragido da Justiça em Minas Gerais
Minas	PROPN	0	243	6	PF prende foragido da Justiça em Minas Gerais
Gerais	PROPN	0	243	7	PF prende foragido da Justiça em Minas Gerais
Polícia	PROPN	0	244	0	Polícia Federal e Polícia Militar de São Paulo realizam a apreensão de mais de 180 quilos de pasta base de cocaína
Federal	PROPN	0	244	1	Polícia Federal e Polícia Militar de São Paulo realizam a apreensão de mais de 180 quilos de pasta base de cocaína
e	CCONJ	0	244	2	Polícia Federal e Polícia Militar de São Paulo realizam a apreensão de mais de 180 quilos de pasta base de cocaína
Polícia	PROPN	0	244	3	Polícia Federal e Polícia Militar de São Paulo realizam a apreensão de mais de 180 quilos de pasta base de cocaína
Militar	PROPN	0	244	4	Polícia Federal e Polícia Militar de São Paulo realizam a apreensão de mais de 180 quilos de pasta base de cocaína
de	ADP	0	244	5	Polícia Federal e Polícia Militar de São Paulo realizam a apreensão de mais de 180 quilos de pasta base de cocaína
São	PROPN	0	244	6	Polícia Federal e Polícia Militar de São Paulo realizam a apreensão de mais de 180 quilos de pasta base de cocaína
Paulo	PROPN	0	244	7	Polícia Federal e Polícia Militar de São Paulo realizam a apreensão de mais de 180 quilos de pasta base de cocaína
realizam	VERB	0	244	8	Polícia Federal e Polícia Militar de São Paulo realizam a apreensão de mais de 180 quilos de pasta base de cocaína
a	DET	0	244	9	Polícia Federal e Polícia Militar de São Paulo realizam a apreensão de mais de 180 quilos de pasta base de cocaína
apreensão	NOUN	1	244	10	Polícia Federal e Polícia Militar de São Paulo realizam a apreensão de mais de 180 quilos de pasta base de cocaína
de	ADP	0	244	11	Polícia Federal e Polícia Militar de São Paulo realizam a apreensão de mais de 180 quilos de pasta base de cocaína
mais	ADV	0	244	12	Polícia Federal e Polícia Militar de São Paulo realizam a apreensão de mais de 180 quilos de pasta base de cocaína
de	ADP	0	244	13	Polícia Federal e Polícia Militar de São Paulo realizam a apreensão de mais de 180 quilos de pasta base de cocaína
180	NUM	0	244	14	Polícia Federal e Polícia Militar de São Paulo realizam a apreensão de mais de 180 quilos de pasta base de cocaína
quilos	NOUN	1	244	15	Polícia Federal e Polícia Militar de São Paulo realizam a apreensão de mais de 180 quilos de pasta base de cocaína
de	ADP	0	244	16	Polícia Federal e Polícia Militar de São Paulo realizam a apreensão de mais de 180 quilos de pasta base de cocaína
pasta	NOUN	0	244	17	Polícia Federal e Polícia Militar de São Paulo realizam a apreensão de mais de 180 quilos de pasta base de cocaína
base	NOUN	0	244	18	Polícia Federal e Polícia Militar de São Paulo realizam a apreensão de mais de 180 quilos de pasta base de cocaína
de	ADP	0	244	19	Polícia Federal e Polícia Militar de São Paulo realizam a apreensão de mais de 180 quilos de pasta base de cocaína
cocaína	NOUN	1	244	20	Polícia Federal e Polícia Militar de São Paulo realizam a apreensão de mais de 180 quilos de pasta base de cocaína
PF	PROPN	1	245	0	PF recupera peças arqueológicas estrangeiras
recupera	VERB	0	245	1	PF recupera peças arqueológicas estrangeiras
peças	NOUN	0	245	2	PF recupera peças arqueológicas estrangeiras
arqueológicas	ADJ	1	245	3	PF recupera peças arqueológicas estrangeiras
estrangeiras	ADJ	0	245	4	PF recupera peças arqueológicas estrangeiras
PF	PROPN	1	246	0	PF desarticula organização criminosa voltada ao tráfico de drogas e crimes violentos nos estados do Acre e Mato Grosso do Sul
desarticula	VERB	1	246	1	PF desarticula organização criminosa voltada ao tráfico de drogas e crimes violentos nos estados do Acre e Mato Grosso do Sul
organização	NOUN	0	246	2	PF desarticula organização criminosa voltada ao tráfico de drogas e crimes violentos nos estados do Acre e Mato Grosso do Sul
criminosa	ADJ	1	246	3	PF desarticula organização criminosa voltada ao tráfico de drogas e crimes violentos nos estados do Acre e Mato Grosso do Sul
voltada	VERB	0	246	4	PF desarticula organização criminosa voltada ao tráfico de drogas e crimes violentos nos estados do Acre e Mato Grosso do Sul
ao	ADP	0	246	5	PF desarticula organização criminosa voltada ao tráfico de drogas e crimes violentos nos estados do Acre e Mato Grosso do Sul
tráfico	NOUN	0	246	6	PF desarticula organização criminosa voltada ao tráfico de drogas e crimes violentos nos estados do Acre e Mato Grosso do Sul
de	ADP	0	246	7	PF desarticula organização criminosa voltada ao tráfico de drogas e crimes violentos nos estados do Acre e Mato Grosso do Sul
drogas	NOUN	0	246	8	PF desarticula organização criminosa voltada ao tráfico de drogas e crimes violentos nos estados do Acre e Mato Grosso do Sul
e	CCONJ	0	246	9	PF desarticula organização criminosa voltada ao tráfico de drogas e crimes violentos nos estados do Acre e Mato Grosso do Sul
crimes	NOUN	0	246	10	PF desarticula organização criminosa voltada ao tráfico de drogas e crimes violentos nos estados do Acre e Mato Grosso do Sul
violentos	ADJ	0	246	11	PF desarticula organização criminosa voltada ao tráfico de drogas e crimes violentos nos estados do Acre e Mato Grosso do Sul
nos	ADP	0	246	12	PF desarticula organização criminosa voltada ao tráfico de drogas e crimes violentos nos estados do Acre e Mato Grosso do Sul
estados	NOUN	0	246	13	PF desarticula organização criminosa voltada ao tráfico de drogas e crimes violentos nos estados do Acre e Mato Grosso do Sul
do	ADP	0	246	14	PF desarticula organização criminosa voltada ao tráfico de drogas e crimes violentos nos estados do Acre e Mato Grosso do Sul
Acre	PROPN	0	246	15	PF desarticula organização criminosa voltada ao tráfico de drogas e crimes violentos nos estados do Acre e Mato Grosso do Sul
e	CCONJ	0	246	16	PF desarticula organização criminosa voltada ao tráfico de drogas e crimes violentos nos estados do Acre e Mato Grosso do Sul
Mato	PROPN	0	246	17	PF desarticula organização criminosa voltada ao tráfico de drogas e crimes violentos nos estados do Acre e Mato Grosso do Sul
Grosso	PROPN	0	246	18	PF desarticula organização criminosa voltada ao tráfico de drogas e crimes violentos nos estados do Acre e Mato Grosso do Sul
do	ADP	0	246	19	PF desarticula organização criminosa voltada ao tráfico de drogas e crimes violentos nos estados do Acre e Mato Grosso do Sul
Sul	PROPN	0	246	20	PF desarticula organização criminosa voltada ao tráfico de drogas e crimes violentos nos estados do Acre e Mato Grosso do Sul
PF	PROPN	1	247	0	PF deflagra operação Desmascarados para apurar possíveis fraudes em licitação no RJ
deflagra	VERB	1	247	1	PF deflagra operação Desmascarados para apurar possíveis fraudes em licitação no RJ
operação	NOUN	0	247	2	PF deflagra operação Desmascarados para apurar possíveis fraudes em licitação no RJ
Desmascarados	PROPN	1	247	3	PF deflagra operação Desmascarados para apurar possíveis fraudes em licitação no RJ
para	SCONJ	0	247	4	PF deflagra operação Desmascarados para apurar possíveis fraudes em licitação no RJ
apurar	VERB	1	247	5	PF deflagra operação Desmascarados para apurar possíveis fraudes em licitação no RJ
possíveis	ADJ	0	247	6	PF deflagra operação Desmascarados para apurar possíveis fraudes em licitação no RJ
fraudes	NOUN	1	247	7	PF deflagra operação Desmascarados para apurar possíveis fraudes em licitação no RJ
em	ADP	0	247	8	PF deflagra operação Desmascarados para apurar possíveis fraudes em licitação no RJ
licitação	NOUN	1	247	9	PF deflagra operação Desmascarados para apurar possíveis fraudes em licitação no RJ
no	ADP	0	247	10	PF deflagra operação Desmascarados para apurar possíveis fraudes em licitação no RJ
RJ	PROPN	0	247	11	PF deflagra operação Desmascarados para apurar possíveis fraudes em licitação no RJ
PF	PROPN	1	248	0	PF apreende droga dentro de latas de compota de frutas
apreende	VERB	1	248	1	PF apreende droga dentro de latas de compota de frutas
droga	NOUN	0	248	2	PF apreende droga dentro de latas de compota de frutas
dentro	ADV	0	248	3	PF apreende droga dentro de latas de compota de frutas
de	ADP	0	248	4	PF apreende droga dentro de latas de compota de frutas
latas	NOUN	1	248	5	PF apreende droga dentro de latas de compota de frutas
de	ADP	0	248	6	PF apreende droga dentro de latas de compota de frutas
compota	NOUN	1	248	7	PF apreende droga dentro de latas de compota de frutas
de	ADP	0	248	8	PF apreende droga dentro de latas de compota de frutas
frutas	NOUN	0	248	9	PF apreende droga dentro de latas de compota de frutas
PF	PROPN	1	249	0	PF combate fraude fundiária no Amapá
combate	VERB	0	249	1	PF combate fraude fundiária no Amapá
fraude	NOUN	0	249	2	PF combate fraude fundiária no Amapá
fundiária	ADJ	1	249	3	PF combate fraude fundiária no Amapá
no	ADP	0	249	4	PF combate fraude fundiária no Amapá
Amapá	PROPN	0	249	5	PF combate fraude fundiária no Amapá
PF	PROPN	1	250	0	PF e TIGRE PCPR apreendem três embarcações no Rio Paraná
e	CCONJ	0	250	1	PF e TIGRE PCPR apreendem três embarcações no Rio Paraná
TIGRE	PROPN	1	250	2	PF e TIGRE PCPR apreendem três embarcações no Rio Paraná
PCPR	PROPN	1	250	3	PF e TIGRE PCPR apreendem três embarcações no Rio Paraná
apreendem	VERB	1	250	4	PF e TIGRE PCPR apreendem três embarcações no Rio Paraná
três	NUM	0	250	5	PF e TIGRE PCPR apreendem três embarcações no Rio Paraná
embarcações	NOUN	0	250	6	PF e TIGRE PCPR apreendem três embarcações no Rio Paraná
no	ADP	0	250	7	PF e TIGRE PCPR apreendem três embarcações no Rio Paraná
Rio	PROPN	0	250	8	PF e TIGRE PCPR apreendem três embarcações no Rio Paraná
Paraná	PROPN	0	250	9	PF e TIGRE PCPR apreendem três embarcações no Rio Paraná
PF	PROPN	1	251	0	PF prende homem quando recebia cocaína via Correios em Natal RN
prende	VERB	1	251	1	PF prende homem quando recebia cocaína via Correios em Natal RN
homem	NOUN	0	251	2	PF prende homem quando recebia cocaína via Correios em Natal RN
quando	ADV	0	251	3	PF prende homem quando recebia cocaína via Correios em Natal RN
recebia	VERB	0	251	4	PF prende homem quando recebia cocaína via Correios em Natal RN
cocaína	NOUN	1	251	5	PF prende homem quando recebia cocaína via Correios em Natal RN
via	VERB	0	251	6	PF prende homem quando recebia cocaína via Correios em Natal RN
Correios	NOUN	1	251	7	PF prende homem quando recebia cocaína via Correios em Natal RN
em	ADP	0	251	8	PF prende homem quando recebia cocaína via Correios em Natal RN
Natal	PROPN	0	251	9	PF prende homem quando recebia cocaína via Correios em Natal RN
RN	PROPN	1	251	10	PF prende homem quando recebia cocaína via Correios em Natal RN
PF	PROPN	1	252	0	PF deflagra a terceira fase da Operação Bad Trip
deflagra	VERB	1	252	1	PF deflagra a terceira fase da Operação Bad Trip
a	DET	0	252	2	PF deflagra a terceira fase da Operação Bad Trip
terceira	ADJ	0	252	3	PF deflagra a terceira fase da Operação Bad Trip
fase	NOUN	0	252	4	PF deflagra a terceira fase da Operação Bad Trip
da	ADP	0	252	5	PF deflagra a terceira fase da Operação Bad Trip
Operação	PROPN	0	252	6	PF deflagra a terceira fase da Operação Bad Trip
Bad	PROPN	0	252	7	PF deflagra a terceira fase da Operação Bad Trip
Trip	PROPN	1	252	8	PF deflagra a terceira fase da Operação Bad Trip
PF	PROPN	1	253	0	PF combate fraudes em licitações , corrupção e desvios de recursos públicos em prefeitura do RN
combate	VERB	0	253	1	PF combate fraudes em licitações , corrupção e desvios de recursos públicos em prefeitura do RN
fraudes	NOUN	1	253	2	PF combate fraudes em licitações , corrupção e desvios de recursos públicos em prefeitura do RN
em	ADP	0	253	3	PF combate fraudes em licitações , corrupção e desvios de recursos públicos em prefeitura do RN
licitações	NOUN	1	253	4	PF combate fraudes em licitações , corrupção e desvios de recursos públicos em prefeitura do RN
,	PUNCT	0	253	5	PF combate fraudes em licitações , corrupção e desvios de recursos públicos em prefeitura do RN
corrupção	NOUN	0	253	6	PF combate fraudes em licitações , corrupção e desvios de recursos públicos em prefeitura do RN
e	CCONJ	0	253	7	PF combate fraudes em licitações , corrupção e desvios de recursos públicos em prefeitura do RN
desvios	NOUN	1	253	8	PF combate fraudes em licitações , corrupção e desvios de recursos públicos em prefeitura do RN
de	ADP	0	253	9	PF combate fraudes em licitações , corrupção e desvios de recursos públicos em prefeitura do RN
recursos	NOUN	0	253	10	PF combate fraudes em licitações , corrupção e desvios de recursos públicos em prefeitura do RN
públicos	ADJ	0	253	11	PF combate fraudes em licitações , corrupção e desvios de recursos públicos em prefeitura do RN
em	ADP	0	253	12	PF combate fraudes em licitações , corrupção e desvios de recursos públicos em prefeitura do RN
prefeitura	NOUN	0	253	13	PF combate fraudes em licitações , corrupção e desvios de recursos públicos em prefeitura do RN
do	ADP	0	253	14	PF combate fraudes em licitações , corrupção e desvios de recursos públicos em prefeitura do RN
RN	PROPN	1	253	15	PF combate fraudes em licitações , corrupção e desvios de recursos públicos em prefeitura do RN
Polícia	PROPN	0	254	0	Polícia Federal e Interpol prendem foragidos da Operação Enterprise
Federal	PROPN	0	254	1	Polícia Federal e Interpol prendem foragidos da Operação Enterprise
e	CCONJ	0	254	2	Polícia Federal e Interpol prendem foragidos da Operação Enterprise
Interpol	PROPN	1	254	3	Polícia Federal e Interpol prendem foragidos da Operação Enterprise
prendem	VERB	1	254	4	Polícia Federal e Interpol prendem foragidos da Operação Enterprise
foragidos	NOUN	1	254	5	Polícia Federal e Interpol prendem foragidos da Operação Enterprise
da	ADP	0	254	6	Polícia Federal e Interpol prendem foragidos da Operação Enterprise
Operação	PROPN	0	254	7	Polícia Federal e Interpol prendem foragidos da Operação Enterprise
Enterprise	PROPN	1	254	8	Polícia Federal e Interpol prendem foragidos da Operação Enterprise
PF	PROPN	1	255	0	PF apreendeu 32 quilos de cocaína dentro de prumos de construção
apreendeu	VERB	1	255	1	PF apreendeu 32 quilos de cocaína dentro de prumos de construção
32	NUM	0	255	2	PF apreendeu 32 quilos de cocaína dentro de prumos de construção
quilos	NOUN	1	255	3	PF apreendeu 32 quilos de cocaína dentro de prumos de construção
de	ADP	0	255	4	PF apreendeu 32 quilos de cocaína dentro de prumos de construção
cocaína	NOUN	1	255	5	PF apreendeu 32 quilos de cocaína dentro de prumos de construção
dentro	ADV	0	255	6	PF apreendeu 32 quilos de cocaína dentro de prumos de construção
de	ADP	0	255	7	PF apreendeu 32 quilos de cocaína dentro de prumos de construção
prumos	NOUN	1	255	8	PF apreendeu 32 quilos de cocaína dentro de prumos de construção
de	ADP	0	255	9	PF apreendeu 32 quilos de cocaína dentro de prumos de construção
construção	NOUN	0	255	10	PF apreendeu 32 quilos de cocaína dentro de prumos de construção
PF	PROPN	1	256	0	PF e BPFRON apreendem carregadores de arma de fogo em Santa Terezinha de Itaipu PR , no âmbito da Operação Hórus e Programa VIGIA
e	CCONJ	0	256	1	PF e BPFRON apreendem carregadores de arma de fogo em Santa Terezinha de Itaipu PR , no âmbito da Operação Hórus e Programa VIGIA
BPFRON	PROPN	1	256	2	PF e BPFRON apreendem carregadores de arma de fogo em Santa Terezinha de Itaipu PR , no âmbito da Operação Hórus e Programa VIGIA
apreendem	VERB	1	256	3	PF e BPFRON apreendem carregadores de arma de fogo em Santa Terezinha de Itaipu PR , no âmbito da Operação Hórus e Programa VIGIA
carregadores	NOUN	1	256	4	PF e BPFRON apreendem carregadores de arma de fogo em Santa Terezinha de Itaipu PR , no âmbito da Operação Hórus e Programa VIGIA
de	ADP	0	256	5	PF e BPFRON apreendem carregadores de arma de fogo em Santa Terezinha de Itaipu PR , no âmbito da Operação Hórus e Programa VIGIA
arma	NOUN	0	256	6	PF e BPFRON apreendem carregadores de arma de fogo em Santa Terezinha de Itaipu PR , no âmbito da Operação Hórus e Programa VIGIA
de	ADP	0	256	7	PF e BPFRON apreendem carregadores de arma de fogo em Santa Terezinha de Itaipu PR , no âmbito da Operação Hórus e Programa VIGIA
fogo	NOUN	0	256	8	PF e BPFRON apreendem carregadores de arma de fogo em Santa Terezinha de Itaipu PR , no âmbito da Operação Hórus e Programa VIGIA
em	ADP	0	256	9	PF e BPFRON apreendem carregadores de arma de fogo em Santa Terezinha de Itaipu PR , no âmbito da Operação Hórus e Programa VIGIA
Santa	PROPN	0	256	10	PF e BPFRON apreendem carregadores de arma de fogo em Santa Terezinha de Itaipu PR , no âmbito da Operação Hórus e Programa VIGIA
Terezinha	PROPN	1	256	11	PF e BPFRON apreendem carregadores de arma de fogo em Santa Terezinha de Itaipu PR , no âmbito da Operação Hórus e Programa VIGIA
de	ADP	0	256	12	PF e BPFRON apreendem carregadores de arma de fogo em Santa Terezinha de Itaipu PR , no âmbito da Operação Hórus e Programa VIGIA
Itaipu	PROPN	1	256	13	PF e BPFRON apreendem carregadores de arma de fogo em Santa Terezinha de Itaipu PR , no âmbito da Operação Hórus e Programa VIGIA
PR	PROPN	0	256	14	PF e BPFRON apreendem carregadores de arma de fogo em Santa Terezinha de Itaipu PR , no âmbito da Operação Hórus e Programa VIGIA
,	PUNCT	0	256	15	PF e BPFRON apreendem carregadores de arma de fogo em Santa Terezinha de Itaipu PR , no âmbito da Operação Hórus e Programa VIGIA
no	ADP	0	256	16	PF e BPFRON apreendem carregadores de arma de fogo em Santa Terezinha de Itaipu PR , no âmbito da Operação Hórus e Programa VIGIA
âmbito	NOUN	0	256	17	PF e BPFRON apreendem carregadores de arma de fogo em Santa Terezinha de Itaipu PR , no âmbito da Operação Hórus e Programa VIGIA
da	ADP	0	256	18	PF e BPFRON apreendem carregadores de arma de fogo em Santa Terezinha de Itaipu PR , no âmbito da Operação Hórus e Programa VIGIA
Operação	PROPN	0	256	19	PF e BPFRON apreendem carregadores de arma de fogo em Santa Terezinha de Itaipu PR , no âmbito da Operação Hórus e Programa VIGIA
Hórus	PROPN	1	256	20	PF e BPFRON apreendem carregadores de arma de fogo em Santa Terezinha de Itaipu PR , no âmbito da Operação Hórus e Programa VIGIA
e	CCONJ	0	256	21	PF e BPFRON apreendem carregadores de arma de fogo em Santa Terezinha de Itaipu PR , no âmbito da Operação Hórus e Programa VIGIA
Programa	PROPN	0	256	22	PF e BPFRON apreendem carregadores de arma de fogo em Santa Terezinha de Itaipu PR , no âmbito da Operação Hórus e Programa VIGIA
VIGIA	PROPN	1	256	23	PF e BPFRON apreendem carregadores de arma de fogo em Santa Terezinha de Itaipu PR , no âmbito da Operação Hórus e Programa VIGIA
PF	PROPN	1	257	0	PF , em ação integrada , combate o tráfico de drogas em Roraima
,	PUNCT	0	257	1	PF , em ação integrada , combate o tráfico de drogas em Roraima
em	ADP	0	257	2	PF , em ação integrada , combate o tráfico de drogas em Roraima
ação	NOUN	0	257	3	PF , em ação integrada , combate o tráfico de drogas em Roraima
integrada	VERB	0	257	4	PF , em ação integrada , combate o tráfico de drogas em Roraima
,	PUNCT	0	257	5	PF , em ação integrada , combate o tráfico de drogas em Roraima
combate	VERB	0	257	6	PF , em ação integrada , combate o tráfico de drogas em Roraima
o	DET	0	257	7	PF , em ação integrada , combate o tráfico de drogas em Roraima
tráfico	NOUN	0	257	8	PF , em ação integrada , combate o tráfico de drogas em Roraima
de	ADP	0	257	9	PF , em ação integrada , combate o tráfico de drogas em Roraima
drogas	NOUN	0	257	10	PF , em ação integrada , combate o tráfico de drogas em Roraima
em	ADP	0	257	11	PF , em ação integrada , combate o tráfico de drogas em Roraima
Roraima	PROPN	0	257	12	PF , em ação integrada , combate o tráfico de drogas em Roraima
PF	PROPN	1	258	0	PF combate fraude em auxílios emergenciais
combate	VERB	0	258	1	PF combate fraude em auxílios emergenciais
fraude	NOUN	0	258	2	PF combate fraude em auxílios emergenciais
em	ADP	0	258	3	PF combate fraude em auxílios emergenciais
auxílios	NOUN	1	258	4	PF combate fraude em auxílios emergenciais
emergenciais	ADJ	1	258	5	PF combate fraude em auxílios emergenciais
PF	PROPN	1	259	0	PF combate a comercialização de cigarros contrabandeados
combate	VERB	0	259	1	PF combate a comercialização de cigarros contrabandeados
a	DET	0	259	2	PF combate a comercialização de cigarros contrabandeados
comercialização	NOUN	0	259	3	PF combate a comercialização de cigarros contrabandeados
de	ADP	0	259	4	PF combate a comercialização de cigarros contrabandeados
cigarros	NOUN	1	259	5	PF combate a comercialização de cigarros contrabandeados
contrabandeados	VERB	1	259	6	PF combate a comercialização de cigarros contrabandeados
Polícia	PROPN	0	260	0	Polícia Federal , em ação conjunta com a Polícia Militar , apreendeu mais de 3 kg de cocaína
Federal	PROPN	0	260	1	Polícia Federal , em ação conjunta com a Polícia Militar , apreendeu mais de 3 kg de cocaína
,	PUNCT	0	260	2	Polícia Federal , em ação conjunta com a Polícia Militar , apreendeu mais de 3 kg de cocaína
em	ADP	0	260	3	Polícia Federal , em ação conjunta com a Polícia Militar , apreendeu mais de 3 kg de cocaína
ação	NOUN	0	260	4	Polícia Federal , em ação conjunta com a Polícia Militar , apreendeu mais de 3 kg de cocaína
conjunta	ADJ	0	260	5	Polícia Federal , em ação conjunta com a Polícia Militar , apreendeu mais de 3 kg de cocaína
com	ADP	0	260	6	Polícia Federal , em ação conjunta com a Polícia Militar , apreendeu mais de 3 kg de cocaína
a	DET	0	260	7	Polícia Federal , em ação conjunta com a Polícia Militar , apreendeu mais de 3 kg de cocaína
Polícia	PROPN	0	260	8	Polícia Federal , em ação conjunta com a Polícia Militar , apreendeu mais de 3 kg de cocaína
Militar	PROPN	0	260	9	Polícia Federal , em ação conjunta com a Polícia Militar , apreendeu mais de 3 kg de cocaína
,	PUNCT	0	260	10	Polícia Federal , em ação conjunta com a Polícia Militar , apreendeu mais de 3 kg de cocaína
apreendeu	VERB	1	260	11	Polícia Federal , em ação conjunta com a Polícia Militar , apreendeu mais de 3 kg de cocaína
mais	ADV	0	260	12	Polícia Federal , em ação conjunta com a Polícia Militar , apreendeu mais de 3 kg de cocaína
de	ADP	0	260	13	Polícia Federal , em ação conjunta com a Polícia Militar , apreendeu mais de 3 kg de cocaína
3	NUM	0	260	14	Polícia Federal , em ação conjunta com a Polícia Militar , apreendeu mais de 3 kg de cocaína
kg	NOUN	0	260	15	Polícia Federal , em ação conjunta com a Polícia Militar , apreendeu mais de 3 kg de cocaína
de	ADP	0	260	16	Polícia Federal , em ação conjunta com a Polícia Militar , apreendeu mais de 3 kg de cocaína
cocaína	NOUN	1	260	17	Polícia Federal , em ação conjunta com a Polícia Militar , apreendeu mais de 3 kg de cocaína
PF	PROPN	1	261	0	PF , em operação conjunta com a Polícia Militar BEPI realiza erradicação de 1 . 600 pés de maconha na zona rural do município de Orocó PE
,	PUNCT	0	261	1	PF , em operação conjunta com a Polícia Militar BEPI realiza erradicação de 1 . 600 pés de maconha na zona rural do município de Orocó PE
em	ADP	0	261	2	PF , em operação conjunta com a Polícia Militar BEPI realiza erradicação de 1 . 600 pés de maconha na zona rural do município de Orocó PE
operação	NOUN	0	261	3	PF , em operação conjunta com a Polícia Militar BEPI realiza erradicação de 1 . 600 pés de maconha na zona rural do município de Orocó PE
conjunta	ADJ	0	261	4	PF , em operação conjunta com a Polícia Militar BEPI realiza erradicação de 1 . 600 pés de maconha na zona rural do município de Orocó PE
com	ADP	0	261	5	PF , em operação conjunta com a Polícia Militar BEPI realiza erradicação de 1 . 600 pés de maconha na zona rural do município de Orocó PE
a	DET	0	261	6	PF , em operação conjunta com a Polícia Militar BEPI realiza erradicação de 1 . 600 pés de maconha na zona rural do município de Orocó PE
Polícia	PROPN	0	261	7	PF , em operação conjunta com a Polícia Militar BEPI realiza erradicação de 1 . 600 pés de maconha na zona rural do município de Orocó PE
Militar	PROPN	0	261	8	PF , em operação conjunta com a Polícia Militar BEPI realiza erradicação de 1 . 600 pés de maconha na zona rural do município de Orocó PE
BEPI	PROPN	1	261	9	PF , em operação conjunta com a Polícia Militar BEPI realiza erradicação de 1 . 600 pés de maconha na zona rural do município de Orocó PE
realiza	VERB	0	261	10	PF , em operação conjunta com a Polícia Militar BEPI realiza erradicação de 1 . 600 pés de maconha na zona rural do município de Orocó PE
erradicação	NOUN	1	261	11	PF , em operação conjunta com a Polícia Militar BEPI realiza erradicação de 1 . 600 pés de maconha na zona rural do município de Orocó PE
de	ADP	0	261	12	PF , em operação conjunta com a Polícia Militar BEPI realiza erradicação de 1 . 600 pés de maconha na zona rural do município de Orocó PE
1	NUM	0	261	13	PF , em operação conjunta com a Polícia Militar BEPI realiza erradicação de 1 . 600 pés de maconha na zona rural do município de Orocó PE
.	PUNCT	0	261	14	PF , em operação conjunta com a Polícia Militar BEPI realiza erradicação de 1 . 600 pés de maconha na zona rural do município de Orocó PE
600	NUM	0	261	15	PF , em operação conjunta com a Polícia Militar BEPI realiza erradicação de 1 . 600 pés de maconha na zona rural do município de Orocó PE
pés	NOUN	0	261	16	PF , em operação conjunta com a Polícia Militar BEPI realiza erradicação de 1 . 600 pés de maconha na zona rural do município de Orocó PE
de	ADP	0	261	17	PF , em operação conjunta com a Polícia Militar BEPI realiza erradicação de 1 . 600 pés de maconha na zona rural do município de Orocó PE
maconha	NOUN	1	261	18	PF , em operação conjunta com a Polícia Militar BEPI realiza erradicação de 1 . 600 pés de maconha na zona rural do município de Orocó PE
na	ADP	0	261	19	PF , em operação conjunta com a Polícia Militar BEPI realiza erradicação de 1 . 600 pés de maconha na zona rural do município de Orocó PE
zona	NOUN	0	261	20	PF , em operação conjunta com a Polícia Militar BEPI realiza erradicação de 1 . 600 pés de maconha na zona rural do município de Orocó PE
rural	ADJ	0	261	21	PF , em operação conjunta com a Polícia Militar BEPI realiza erradicação de 1 . 600 pés de maconha na zona rural do município de Orocó PE
do	ADP	0	261	22	PF , em operação conjunta com a Polícia Militar BEPI realiza erradicação de 1 . 600 pés de maconha na zona rural do município de Orocó PE
município	NOUN	0	261	23	PF , em operação conjunta com a Polícia Militar BEPI realiza erradicação de 1 . 600 pés de maconha na zona rural do município de Orocó PE
de	ADP	0	261	24	PF , em operação conjunta com a Polícia Militar BEPI realiza erradicação de 1 . 600 pés de maconha na zona rural do município de Orocó PE
Orocó	PROPN	1	261	25	PF , em operação conjunta com a Polícia Militar BEPI realiza erradicação de 1 . 600 pés de maconha na zona rural do município de Orocó PE
PE	PROPN	1	261	26	PF , em operação conjunta com a Polícia Militar BEPI realiza erradicação de 1 . 600 pés de maconha na zona rural do município de Orocó PE
PF	PROPN	1	262	0	PF desarticula organização criminosa volta à lavagem de dinheiro oriundo do tráfico de drogas
desarticula	VERB	1	262	1	PF desarticula organização criminosa volta à lavagem de dinheiro oriundo do tráfico de drogas
organização	NOUN	0	262	2	PF desarticula organização criminosa volta à lavagem de dinheiro oriundo do tráfico de drogas
criminosa	ADJ	1	262	3	PF desarticula organização criminosa volta à lavagem de dinheiro oriundo do tráfico de drogas
volta	VERB	0	262	4	PF desarticula organização criminosa volta à lavagem de dinheiro oriundo do tráfico de drogas
à	ADP	0	262	5	PF desarticula organização criminosa volta à lavagem de dinheiro oriundo do tráfico de drogas
lavagem	NOUN	0	262	6	PF desarticula organização criminosa volta à lavagem de dinheiro oriundo do tráfico de drogas
de	ADP	0	262	7	PF desarticula organização criminosa volta à lavagem de dinheiro oriundo do tráfico de drogas
dinheiro	NOUN	0	262	8	PF desarticula organização criminosa volta à lavagem de dinheiro oriundo do tráfico de drogas
oriundo	ADJ	1	262	9	PF desarticula organização criminosa volta à lavagem de dinheiro oriundo do tráfico de drogas
do	ADP	0	262	10	PF desarticula organização criminosa volta à lavagem de dinheiro oriundo do tráfico de drogas
tráfico	NOUN	0	262	11	PF desarticula organização criminosa volta à lavagem de dinheiro oriundo do tráfico de drogas
de	ADP	0	262	12	PF desarticula organização criminosa volta à lavagem de dinheiro oriundo do tráfico de drogas
drogas	NOUN	0	262	13	PF desarticula organização criminosa volta à lavagem de dinheiro oriundo do tráfico de drogas
PF	PROPN	1	263	0	PF deflagra Operação A - 21 para combater a disseminação de pornografia infantojuvenil
deflagra	VERB	1	263	1	PF deflagra Operação A - 21 para combater a disseminação de pornografia infantojuvenil
Operação	NOUN	0	263	2	PF deflagra Operação A - 21 para combater a disseminação de pornografia infantojuvenil
A	PROPN	0	263	3	PF deflagra Operação A - 21 para combater a disseminação de pornografia infantojuvenil
-	PUNCT	0	263	4	PF deflagra Operação A - 21 para combater a disseminação de pornografia infantojuvenil
21	NUM	0	263	5	PF deflagra Operação A - 21 para combater a disseminação de pornografia infantojuvenil
para	SCONJ	0	263	6	PF deflagra Operação A - 21 para combater a disseminação de pornografia infantojuvenil
combater	VERB	0	263	7	PF deflagra Operação A - 21 para combater a disseminação de pornografia infantojuvenil
a	DET	0	263	8	PF deflagra Operação A - 21 para combater a disseminação de pornografia infantojuvenil
disseminação	NOUN	1	263	9	PF deflagra Operação A - 21 para combater a disseminação de pornografia infantojuvenil
de	ADP	0	263	10	PF deflagra Operação A - 21 para combater a disseminação de pornografia infantojuvenil
pornografia	NOUN	1	263	11	PF deflagra Operação A - 21 para combater a disseminação de pornografia infantojuvenil
infantojuvenil	ADJ	1	263	12	PF deflagra Operação A - 21 para combater a disseminação de pornografia infantojuvenil
PF	PROPN	1	264	0	PF deflagra Operação Faraó para combater tráfico de drogas sintéticas no Espírito Santo
deflagra	VERB	1	264	1	PF deflagra Operação Faraó para combater tráfico de drogas sintéticas no Espírito Santo
Operação	NOUN	0	264	2	PF deflagra Operação Faraó para combater tráfico de drogas sintéticas no Espírito Santo
Faraó	PROPN	1	264	3	PF deflagra Operação Faraó para combater tráfico de drogas sintéticas no Espírito Santo
para	SCONJ	0	264	4	PF deflagra Operação Faraó para combater tráfico de drogas sintéticas no Espírito Santo
combater	VERB	0	264	5	PF deflagra Operação Faraó para combater tráfico de drogas sintéticas no Espírito Santo
tráfico	NOUN	0	264	6	PF deflagra Operação Faraó para combater tráfico de drogas sintéticas no Espírito Santo
de	ADP	0	264	7	PF deflagra Operação Faraó para combater tráfico de drogas sintéticas no Espírito Santo
drogas	NOUN	0	264	8	PF deflagra Operação Faraó para combater tráfico de drogas sintéticas no Espírito Santo
sintéticas	ADJ	1	264	9	PF deflagra Operação Faraó para combater tráfico de drogas sintéticas no Espírito Santo
no	ADP	0	264	10	PF deflagra Operação Faraó para combater tráfico de drogas sintéticas no Espírito Santo
Espírito	PROPN	0	264	11	PF deflagra Operação Faraó para combater tráfico de drogas sintéticas no Espírito Santo
Santo	PROPN	0	264	12	PF deflagra Operação Faraó para combater tráfico de drogas sintéticas no Espírito Santo
Polícia	PROPN	0	265	0	Polícia Federal deflagra Operação Lavaggio para apurar crime de lavagem de dinheiro decorrente de tráfico internacional de drogas
Federal	PROPN	0	265	1	Polícia Federal deflagra Operação Lavaggio para apurar crime de lavagem de dinheiro decorrente de tráfico internacional de drogas
deflagra	VERB	1	265	2	Polícia Federal deflagra Operação Lavaggio para apurar crime de lavagem de dinheiro decorrente de tráfico internacional de drogas
Operação	PROPN	0	265	3	Polícia Federal deflagra Operação Lavaggio para apurar crime de lavagem de dinheiro decorrente de tráfico internacional de drogas
Lavaggio	PROPN	1	265	4	Polícia Federal deflagra Operação Lavaggio para apurar crime de lavagem de dinheiro decorrente de tráfico internacional de drogas
para	SCONJ	0	265	5	Polícia Federal deflagra Operação Lavaggio para apurar crime de lavagem de dinheiro decorrente de tráfico internacional de drogas
apurar	VERB	1	265	6	Polícia Federal deflagra Operação Lavaggio para apurar crime de lavagem de dinheiro decorrente de tráfico internacional de drogas
crime	NOUN	0	265	7	Polícia Federal deflagra Operação Lavaggio para apurar crime de lavagem de dinheiro decorrente de tráfico internacional de drogas
de	ADP	0	265	8	Polícia Federal deflagra Operação Lavaggio para apurar crime de lavagem de dinheiro decorrente de tráfico internacional de drogas
lavagem	NOUN	0	265	9	Polícia Federal deflagra Operação Lavaggio para apurar crime de lavagem de dinheiro decorrente de tráfico internacional de drogas
de	ADP	0	265	10	Polícia Federal deflagra Operação Lavaggio para apurar crime de lavagem de dinheiro decorrente de tráfico internacional de drogas
dinheiro	NOUN	0	265	11	Polícia Federal deflagra Operação Lavaggio para apurar crime de lavagem de dinheiro decorrente de tráfico internacional de drogas
decorrente	ADJ	1	265	12	Polícia Federal deflagra Operação Lavaggio para apurar crime de lavagem de dinheiro decorrente de tráfico internacional de drogas
de	ADP	0	265	13	Polícia Federal deflagra Operação Lavaggio para apurar crime de lavagem de dinheiro decorrente de tráfico internacional de drogas
tráfico	NOUN	0	265	14	Polícia Federal deflagra Operação Lavaggio para apurar crime de lavagem de dinheiro decorrente de tráfico internacional de drogas
internacional	ADJ	0	265	15	Polícia Federal deflagra Operação Lavaggio para apurar crime de lavagem de dinheiro decorrente de tráfico internacional de drogas
de	ADP	0	265	16	Polícia Federal deflagra Operação Lavaggio para apurar crime de lavagem de dinheiro decorrente de tráfico internacional de drogas
drogas	NOUN	0	265	17	Polícia Federal deflagra Operação Lavaggio para apurar crime de lavagem de dinheiro decorrente de tráfico internacional de drogas
PF	PROPN	1	266	0	PF , em ação integrada , apreende caminhão carregado com cigarros contrabandeados
,	PUNCT	0	266	1	PF , em ação integrada , apreende caminhão carregado com cigarros contrabandeados
em	ADP	0	266	2	PF , em ação integrada , apreende caminhão carregado com cigarros contrabandeados
ação	NOUN	0	266	3	PF , em ação integrada , apreende caminhão carregado com cigarros contrabandeados
integrada	VERB	0	266	4	PF , em ação integrada , apreende caminhão carregado com cigarros contrabandeados
,	PUNCT	0	266	5	PF , em ação integrada , apreende caminhão carregado com cigarros contrabandeados
apreende	VERB	1	266	6	PF , em ação integrada , apreende caminhão carregado com cigarros contrabandeados
caminhão	NOUN	0	266	7	PF , em ação integrada , apreende caminhão carregado com cigarros contrabandeados
carregado	VERB	0	266	8	PF , em ação integrada , apreende caminhão carregado com cigarros contrabandeados
com	ADP	0	266	9	PF , em ação integrada , apreende caminhão carregado com cigarros contrabandeados
cigarros	NOUN	1	266	10	PF , em ação integrada , apreende caminhão carregado com cigarros contrabandeados
contrabandeados	VERB	1	266	11	PF , em ação integrada , apreende caminhão carregado com cigarros contrabandeados
Polícia	PROPN	0	267	0	Polícia Federal cumpre mandado de prisão em Pernambuco contra um foragido italiano
Federal	PROPN	0	267	1	Polícia Federal cumpre mandado de prisão em Pernambuco contra um foragido italiano
cumpre	VERB	1	267	2	Polícia Federal cumpre mandado de prisão em Pernambuco contra um foragido italiano
mandado	VERB	0	267	3	Polícia Federal cumpre mandado de prisão em Pernambuco contra um foragido italiano
de	ADP	0	267	4	Polícia Federal cumpre mandado de prisão em Pernambuco contra um foragido italiano
prisão	NOUN	0	267	5	Polícia Federal cumpre mandado de prisão em Pernambuco contra um foragido italiano
em	ADP	0	267	6	Polícia Federal cumpre mandado de prisão em Pernambuco contra um foragido italiano
Pernambuco	PROPN	0	267	7	Polícia Federal cumpre mandado de prisão em Pernambuco contra um foragido italiano
contra	ADP	0	267	8	Polícia Federal cumpre mandado de prisão em Pernambuco contra um foragido italiano
um	DET	0	267	9	Polícia Federal cumpre mandado de prisão em Pernambuco contra um foragido italiano
foragido	NOUN	1	267	10	Polícia Federal cumpre mandado de prisão em Pernambuco contra um foragido italiano
italiano	ADJ	0	267	11	Polícia Federal cumpre mandado de prisão em Pernambuco contra um foragido italiano
PF	PROPN	1	268	0	PF deflagra operação para investigar desvios de verbas do SUS em Timbaúba PE
deflagra	VERB	1	268	1	PF deflagra operação para investigar desvios de verbas do SUS em Timbaúba PE
operação	NOUN	0	268	2	PF deflagra operação para investigar desvios de verbas do SUS em Timbaúba PE
para	SCONJ	0	268	3	PF deflagra operação para investigar desvios de verbas do SUS em Timbaúba PE
investigar	VERB	0	268	4	PF deflagra operação para investigar desvios de verbas do SUS em Timbaúba PE
desvios	NOUN	1	268	5	PF deflagra operação para investigar desvios de verbas do SUS em Timbaúba PE
de	ADP	0	268	6	PF deflagra operação para investigar desvios de verbas do SUS em Timbaúba PE
verbas	NOUN	1	268	7	PF deflagra operação para investigar desvios de verbas do SUS em Timbaúba PE
do	ADP	0	268	8	PF deflagra operação para investigar desvios de verbas do SUS em Timbaúba PE
SUS	PROPN	1	268	9	PF deflagra operação para investigar desvios de verbas do SUS em Timbaúba PE
em	ADP	0	268	10	PF deflagra operação para investigar desvios de verbas do SUS em Timbaúba PE
Timbaúba	PROPN	1	268	11	PF deflagra operação para investigar desvios de verbas do SUS em Timbaúba PE
PE	PROPN	1	268	12	PF deflagra operação para investigar desvios de verbas do SUS em Timbaúba PE
PF	PROPN	1	269	0	PF apreende cerca de 170 de cocaína no Porto de Paranaguá
apreende	VERB	1	269	1	PF apreende cerca de 170 de cocaína no Porto de Paranaguá
cerca	ADV	0	269	2	PF apreende cerca de 170 de cocaína no Porto de Paranaguá
de	ADP	0	269	3	PF apreende cerca de 170 de cocaína no Porto de Paranaguá
170	NUM	0	269	4	PF apreende cerca de 170 de cocaína no Porto de Paranaguá
de	ADP	0	269	5	PF apreende cerca de 170 de cocaína no Porto de Paranaguá
cocaína	NOUN	1	269	6	PF apreende cerca de 170 de cocaína no Porto de Paranaguá
no	ADP	0	269	7	PF apreende cerca de 170 de cocaína no Porto de Paranaguá
Porto	PROPN	0	269	8	PF apreende cerca de 170 de cocaína no Porto de Paranaguá
de	ADP	0	269	9	PF apreende cerca de 170 de cocaína no Porto de Paranaguá
Paranaguá	PROPN	1	269	10	PF apreende cerca de 170 de cocaína no Porto de Paranaguá
PF	PROPN	1	270	0	PF e BPFRON apreende carregamento de cigarros paraguaios .
e	CCONJ	0	270	1	PF e BPFRON apreende carregamento de cigarros paraguaios .
BPFRON	PROPN	1	270	2	PF e BPFRON apreende carregamento de cigarros paraguaios .
apreende	VERB	1	270	3	PF e BPFRON apreende carregamento de cigarros paraguaios .
carregamento	NOUN	1	270	4	PF e BPFRON apreende carregamento de cigarros paraguaios .
de	ADP	0	270	5	PF e BPFRON apreende carregamento de cigarros paraguaios .
cigarros	NOUN	1	270	6	PF e BPFRON apreende carregamento de cigarros paraguaios .
paraguaios	ADJ	1	270	7	PF e BPFRON apreende carregamento de cigarros paraguaios .
.	PUNCT	0	270	8	PF e BPFRON apreende carregamento de cigarros paraguaios .
PF	PROPN	1	271	0	PF , em parceria com a FICCO Uberaba e PMRE Iturama - MG , realiza apreensão de aproximadamente uma tonelada de maconha
,	PUNCT	0	271	1	PF , em parceria com a FICCO Uberaba e PMRE Iturama - MG , realiza apreensão de aproximadamente uma tonelada de maconha
em	ADP	0	271	2	PF , em parceria com a FICCO Uberaba e PMRE Iturama - MG , realiza apreensão de aproximadamente uma tonelada de maconha
parceria	NOUN	0	271	3	PF , em parceria com a FICCO Uberaba e PMRE Iturama - MG , realiza apreensão de aproximadamente uma tonelada de maconha
com	ADP	0	271	4	PF , em parceria com a FICCO Uberaba e PMRE Iturama - MG , realiza apreensão de aproximadamente uma tonelada de maconha
a	DET	0	271	5	PF , em parceria com a FICCO Uberaba e PMRE Iturama - MG , realiza apreensão de aproximadamente uma tonelada de maconha
FICCO	PROPN	1	271	6	PF , em parceria com a FICCO Uberaba e PMRE Iturama - MG , realiza apreensão de aproximadamente uma tonelada de maconha
Uberaba	PROPN	1	271	7	PF , em parceria com a FICCO Uberaba e PMRE Iturama - MG , realiza apreensão de aproximadamente uma tonelada de maconha
e	CCONJ	0	271	8	PF , em parceria com a FICCO Uberaba e PMRE Iturama - MG , realiza apreensão de aproximadamente uma tonelada de maconha
PMRE	PROPN	1	271	9	PF , em parceria com a FICCO Uberaba e PMRE Iturama - MG , realiza apreensão de aproximadamente uma tonelada de maconha
Iturama	PROPN	1	271	10	PF , em parceria com a FICCO Uberaba e PMRE Iturama - MG , realiza apreensão de aproximadamente uma tonelada de maconha
-	PUNCT	0	271	11	PF , em parceria com a FICCO Uberaba e PMRE Iturama - MG , realiza apreensão de aproximadamente uma tonelada de maconha
MG	PROPN	0	271	12	PF , em parceria com a FICCO Uberaba e PMRE Iturama - MG , realiza apreensão de aproximadamente uma tonelada de maconha
,	PUNCT	0	271	13	PF , em parceria com a FICCO Uberaba e PMRE Iturama - MG , realiza apreensão de aproximadamente uma tonelada de maconha
realiza	VERB	0	271	14	PF , em parceria com a FICCO Uberaba e PMRE Iturama - MG , realiza apreensão de aproximadamente uma tonelada de maconha
apreensão	NOUN	1	271	15	PF , em parceria com a FICCO Uberaba e PMRE Iturama - MG , realiza apreensão de aproximadamente uma tonelada de maconha
de	ADP	0	271	16	PF , em parceria com a FICCO Uberaba e PMRE Iturama - MG , realiza apreensão de aproximadamente uma tonelada de maconha
aproximadamente	ADV	0	271	17	PF , em parceria com a FICCO Uberaba e PMRE Iturama - MG , realiza apreensão de aproximadamente uma tonelada de maconha
uma	NUM	0	271	18	PF , em parceria com a FICCO Uberaba e PMRE Iturama - MG , realiza apreensão de aproximadamente uma tonelada de maconha
tonelada	NOUN	1	271	19	PF , em parceria com a FICCO Uberaba e PMRE Iturama - MG , realiza apreensão de aproximadamente uma tonelada de maconha
de	ADP	0	271	20	PF , em parceria com a FICCO Uberaba e PMRE Iturama - MG , realiza apreensão de aproximadamente uma tonelada de maconha
maconha	NOUN	1	271	21	PF , em parceria com a FICCO Uberaba e PMRE Iturama - MG , realiza apreensão de aproximadamente uma tonelada de maconha
Polícia	PROPN	0	272	0	Polícia Federal apreende caminhão com grande carga de crack
Federal	PROPN	0	272	1	Polícia Federal apreende caminhão com grande carga de crack
apreende	VERB	1	272	2	Polícia Federal apreende caminhão com grande carga de crack
caminhão	NOUN	0	272	3	Polícia Federal apreende caminhão com grande carga de crack
com	ADP	0	272	4	Polícia Federal apreende caminhão com grande carga de crack
grande	ADJ	0	272	5	Polícia Federal apreende caminhão com grande carga de crack
carga	NOUN	0	272	6	Polícia Federal apreende caminhão com grande carga de crack
de	ADP	0	272	7	Polícia Federal apreende caminhão com grande carga de crack
crack	NOUN	1	272	8	Polícia Federal apreende caminhão com grande carga de crack
PF	PROPN	1	273	0	PF apreende 6 kg de droga em frascos de perfumes
apreende	VERB	1	273	1	PF apreende 6 kg de droga em frascos de perfumes
6	NUM	0	273	2	PF apreende 6 kg de droga em frascos de perfumes
kg	NOUN	0	273	3	PF apreende 6 kg de droga em frascos de perfumes
de	ADP	0	273	4	PF apreende 6 kg de droga em frascos de perfumes
droga	NOUN	0	273	5	PF apreende 6 kg de droga em frascos de perfumes
em	ADP	0	273	6	PF apreende 6 kg de droga em frascos de perfumes
frascos	NOUN	1	273	7	PF apreende 6 kg de droga em frascos de perfumes
de	ADP	0	273	8	PF apreende 6 kg de droga em frascos de perfumes
perfumes	NOUN	1	273	9	PF apreende 6 kg de droga em frascos de perfumes
PF	PROPN	1	274	0	PF e BPFRON apreendem um veículo carregado com contrabando
e	CCONJ	0	274	1	PF e BPFRON apreendem um veículo carregado com contrabando
BPFRON	PROPN	1	274	2	PF e BPFRON apreendem um veículo carregado com contrabando
apreendem	VERB	1	274	3	PF e BPFRON apreendem um veículo carregado com contrabando
um	DET	0	274	4	PF e BPFRON apreendem um veículo carregado com contrabando
veículo	NOUN	0	274	5	PF e BPFRON apreendem um veículo carregado com contrabando
carregado	VERB	0	274	6	PF e BPFRON apreendem um veículo carregado com contrabando
com	ADP	0	274	7	PF e BPFRON apreendem um veículo carregado com contrabando
contrabando	NOUN	1	274	8	PF e BPFRON apreendem um veículo carregado com contrabando
PF	PROPN	1	275	0	PF combate crime de moeda falsa no Acre
combate	VERB	0	275	1	PF combate crime de moeda falsa no Acre
crime	NOUN	0	275	2	PF combate crime de moeda falsa no Acre
de	ADP	0	275	3	PF combate crime de moeda falsa no Acre
moeda	NOUN	0	275	4	PF combate crime de moeda falsa no Acre
falsa	ADJ	0	275	5	PF combate crime de moeda falsa no Acre
no	ADP	0	275	6	PF combate crime de moeda falsa no Acre
Acre	PROPN	0	275	7	PF combate crime de moeda falsa no Acre
PF	PROPN	1	276	0	PF apreende 600 kg de maconha em Campo Grande MS
apreende	VERB	1	276	1	PF apreende 600 kg de maconha em Campo Grande MS
600	NUM	0	276	2	PF apreende 600 kg de maconha em Campo Grande MS
kg	NOUN	0	276	3	PF apreende 600 kg de maconha em Campo Grande MS
de	ADP	0	276	4	PF apreende 600 kg de maconha em Campo Grande MS
maconha	NOUN	1	276	5	PF apreende 600 kg de maconha em Campo Grande MS
em	ADP	0	276	6	PF apreende 600 kg de maconha em Campo Grande MS
Campo	PROPN	0	276	7	PF apreende 600 kg de maconha em Campo Grande MS
Grande	PROPN	0	276	8	PF apreende 600 kg de maconha em Campo Grande MS
MS	PROPN	0	276	9	PF apreende 600 kg de maconha em Campo Grande MS
PF	PROPN	1	277	0	PF deflagra Operação Veneza em São Paulo
deflagra	VERB	1	277	1	PF deflagra Operação Veneza em São Paulo
Operação	PROPN	0	277	2	PF deflagra Operação Veneza em São Paulo
Veneza	PROPN	0	277	3	PF deflagra Operação Veneza em São Paulo
em	ADP	0	277	4	PF deflagra Operação Veneza em São Paulo
São	PROPN	0	277	5	PF deflagra Operação Veneza em São Paulo
Paulo	PROPN	0	277	6	PF deflagra Operação Veneza em São Paulo
PF	PROPN	1	278	0	PF combate fraudes bancárias no Pará
combate	VERB	0	278	1	PF combate fraudes bancárias no Pará
fraudes	NOUN	1	278	2	PF combate fraudes bancárias no Pará
bancárias	ADJ	1	278	3	PF combate fraudes bancárias no Pará
no	ADP	0	278	4	PF combate fraudes bancárias no Pará
Pará	PROPN	0	278	5	PF combate fraudes bancárias no Pará
PF	PROPN	1	279	0	PF e BPFRON apreende dois veículos carregados com cigarros paraguaios
e	CCONJ	0	279	1	PF e BPFRON apreende dois veículos carregados com cigarros paraguaios
BPFRON	PROPN	1	279	2	PF e BPFRON apreende dois veículos carregados com cigarros paraguaios
apreende	VERB	1	279	3	PF e BPFRON apreende dois veículos carregados com cigarros paraguaios
dois	NUM	0	279	4	PF e BPFRON apreende dois veículos carregados com cigarros paraguaios
veículos	NOUN	0	279	5	PF e BPFRON apreende dois veículos carregados com cigarros paraguaios
carregados	VERB	1	279	6	PF e BPFRON apreende dois veículos carregados com cigarros paraguaios
com	ADP	0	279	7	PF e BPFRON apreende dois veículos carregados com cigarros paraguaios
cigarros	NOUN	1	279	8	PF e BPFRON apreende dois veículos carregados com cigarros paraguaios
paraguaios	ADJ	1	279	9	PF e BPFRON apreende dois veículos carregados com cigarros paraguaios
Polícia	PROPN	0	280	0	Polícia Federal prende mulher com notas falsas
Federal	PROPN	0	280	1	Polícia Federal prende mulher com notas falsas
prende	VERB	1	280	2	Polícia Federal prende mulher com notas falsas
mulher	NOUN	0	280	3	Polícia Federal prende mulher com notas falsas
com	ADP	0	280	4	Polícia Federal prende mulher com notas falsas
notas	NOUN	0	280	5	Polícia Federal prende mulher com notas falsas
falsas	ADJ	0	280	6	Polícia Federal prende mulher com notas falsas
PF	PROPN	1	281	0	PF e BPFRON apreendem quatro veículos carregados com cigarros paraguaios
e	CCONJ	0	281	1	PF e BPFRON apreendem quatro veículos carregados com cigarros paraguaios
BPFRON	PROPN	1	281	2	PF e BPFRON apreendem quatro veículos carregados com cigarros paraguaios
apreendem	VERB	1	281	3	PF e BPFRON apreendem quatro veículos carregados com cigarros paraguaios
quatro	NUM	0	281	4	PF e BPFRON apreendem quatro veículos carregados com cigarros paraguaios
veículos	NOUN	0	281	5	PF e BPFRON apreendem quatro veículos carregados com cigarros paraguaios
carregados	VERB	1	281	6	PF e BPFRON apreendem quatro veículos carregados com cigarros paraguaios
com	ADP	0	281	7	PF e BPFRON apreendem quatro veículos carregados com cigarros paraguaios
cigarros	NOUN	1	281	8	PF e BPFRON apreendem quatro veículos carregados com cigarros paraguaios
paraguaios	ADJ	1	281	9	PF e BPFRON apreendem quatro veículos carregados com cigarros paraguaios
PF	PROPN	1	282	0	PF , em ação integrada , apreende cerca de 50 mil maços de cigarros paraguaios
,	PUNCT	0	282	1	PF , em ação integrada , apreende cerca de 50 mil maços de cigarros paraguaios
em	ADP	0	282	2	PF , em ação integrada , apreende cerca de 50 mil maços de cigarros paraguaios
ação	NOUN	0	282	3	PF , em ação integrada , apreende cerca de 50 mil maços de cigarros paraguaios
integrada	VERB	0	282	4	PF , em ação integrada , apreende cerca de 50 mil maços de cigarros paraguaios
,	PUNCT	0	282	5	PF , em ação integrada , apreende cerca de 50 mil maços de cigarros paraguaios
apreende	VERB	1	282	6	PF , em ação integrada , apreende cerca de 50 mil maços de cigarros paraguaios
cerca	ADV	0	282	7	PF , em ação integrada , apreende cerca de 50 mil maços de cigarros paraguaios
de	ADP	0	282	8	PF , em ação integrada , apreende cerca de 50 mil maços de cigarros paraguaios
50	NUM	0	282	9	PF , em ação integrada , apreende cerca de 50 mil maços de cigarros paraguaios
mil	NUM	0	282	10	PF , em ação integrada , apreende cerca de 50 mil maços de cigarros paraguaios
maços	NOUN	1	282	11	PF , em ação integrada , apreende cerca de 50 mil maços de cigarros paraguaios
de	ADP	0	282	12	PF , em ação integrada , apreende cerca de 50 mil maços de cigarros paraguaios
cigarros	NOUN	1	282	13	PF , em ação integrada , apreende cerca de 50 mil maços de cigarros paraguaios
paraguaios	ADJ	1	282	14	PF , em ação integrada , apreende cerca de 50 mil maços de cigarros paraguaios
PF	PROPN	1	283	0	PF e BPFRON apreendem oito veículos carregados com cigarros paraguaios
e	CCONJ	0	283	1	PF e BPFRON apreendem oito veículos carregados com cigarros paraguaios
BPFRON	PROPN	1	283	2	PF e BPFRON apreendem oito veículos carregados com cigarros paraguaios
apreendem	VERB	1	283	3	PF e BPFRON apreendem oito veículos carregados com cigarros paraguaios
oito	NUM	0	283	4	PF e BPFRON apreendem oito veículos carregados com cigarros paraguaios
veículos	NOUN	0	283	5	PF e BPFRON apreendem oito veículos carregados com cigarros paraguaios
carregados	VERB	1	283	6	PF e BPFRON apreendem oito veículos carregados com cigarros paraguaios
com	ADP	0	283	7	PF e BPFRON apreendem oito veículos carregados com cigarros paraguaios
cigarros	NOUN	1	283	8	PF e BPFRON apreendem oito veículos carregados com cigarros paraguaios
paraguaios	ADJ	1	283	9	PF e BPFRON apreendem oito veículos carregados com cigarros paraguaios
PF	PROPN	1	284	0	PF e BPFRON apreendem dois veículos carregados com cigarros paraguaios
e	CCONJ	0	284	1	PF e BPFRON apreendem dois veículos carregados com cigarros paraguaios
BPFRON	PROPN	1	284	2	PF e BPFRON apreendem dois veículos carregados com cigarros paraguaios
apreendem	VERB	1	284	3	PF e BPFRON apreendem dois veículos carregados com cigarros paraguaios
dois	NUM	0	284	4	PF e BPFRON apreendem dois veículos carregados com cigarros paraguaios
veículos	NOUN	0	284	5	PF e BPFRON apreendem dois veículos carregados com cigarros paraguaios
carregados	VERB	1	284	6	PF e BPFRON apreendem dois veículos carregados com cigarros paraguaios
com	ADP	0	284	7	PF e BPFRON apreendem dois veículos carregados com cigarros paraguaios
cigarros	NOUN	1	284	8	PF e BPFRON apreendem dois veículos carregados com cigarros paraguaios
paraguaios	ADJ	1	284	9	PF e BPFRON apreendem dois veículos carregados com cigarros paraguaios
PF	PROPN	1	285	0	PF incinera mais de 8 mil quilos de drogas apreendidas na circunscrição de Araraquara SP
incinera	VERB	1	285	1	PF incinera mais de 8 mil quilos de drogas apreendidas na circunscrição de Araraquara SP
mais	ADV	0	285	2	PF incinera mais de 8 mil quilos de drogas apreendidas na circunscrição de Araraquara SP
de	ADP	0	285	3	PF incinera mais de 8 mil quilos de drogas apreendidas na circunscrição de Araraquara SP
8	NUM	0	285	4	PF incinera mais de 8 mil quilos de drogas apreendidas na circunscrição de Araraquara SP
mil	NUM	0	285	5	PF incinera mais de 8 mil quilos de drogas apreendidas na circunscrição de Araraquara SP
quilos	NOUN	1	285	6	PF incinera mais de 8 mil quilos de drogas apreendidas na circunscrição de Araraquara SP
de	ADP	0	285	7	PF incinera mais de 8 mil quilos de drogas apreendidas na circunscrição de Araraquara SP
drogas	NOUN	0	285	8	PF incinera mais de 8 mil quilos de drogas apreendidas na circunscrição de Araraquara SP
apreendidas	VERB	1	285	9	PF incinera mais de 8 mil quilos de drogas apreendidas na circunscrição de Araraquara SP
na	ADP	0	285	10	PF incinera mais de 8 mil quilos de drogas apreendidas na circunscrição de Araraquara SP
circunscrição	NOUN	1	285	11	PF incinera mais de 8 mil quilos de drogas apreendidas na circunscrição de Araraquara SP
de	ADP	0	285	12	PF incinera mais de 8 mil quilos de drogas apreendidas na circunscrição de Araraquara SP
Araraquara	PROPN	1	285	13	PF incinera mais de 8 mil quilos de drogas apreendidas na circunscrição de Araraquara SP
SP	PROPN	0	285	14	PF incinera mais de 8 mil quilos de drogas apreendidas na circunscrição de Araraquara SP
PF	PROPN	1	286	0	PF investiga crime de usurpação de cargo público em Sorocaba SP
investiga	VERB	1	286	1	PF investiga crime de usurpação de cargo público em Sorocaba SP
crime	NOUN	0	286	2	PF investiga crime de usurpação de cargo público em Sorocaba SP
de	ADP	0	286	3	PF investiga crime de usurpação de cargo público em Sorocaba SP
usurpação	NOUN	1	286	4	PF investiga crime de usurpação de cargo público em Sorocaba SP
de	ADP	0	286	5	PF investiga crime de usurpação de cargo público em Sorocaba SP
cargo	NOUN	0	286	6	PF investiga crime de usurpação de cargo público em Sorocaba SP
público	ADJ	0	286	7	PF investiga crime de usurpação de cargo público em Sorocaba SP
em	ADP	0	286	8	PF investiga crime de usurpação de cargo público em Sorocaba SP
Sorocaba	PROPN	0	286	9	PF investiga crime de usurpação de cargo público em Sorocaba SP
SP	PROPN	0	286	10	PF investiga crime de usurpação de cargo público em Sorocaba SP
Polícia	PROPN	0	287	0	Polícia Federal deflagra a maior ação de combate a fraudes contra benefícios emergenciais
Federal	PROPN	0	287	1	Polícia Federal deflagra a maior ação de combate a fraudes contra benefícios emergenciais
deflagra	VERB	1	287	2	Polícia Federal deflagra a maior ação de combate a fraudes contra benefícios emergenciais
a	DET	0	287	3	Polícia Federal deflagra a maior ação de combate a fraudes contra benefícios emergenciais
maior	ADJ	0	287	4	Polícia Federal deflagra a maior ação de combate a fraudes contra benefícios emergenciais
ação	NOUN	0	287	5	Polícia Federal deflagra a maior ação de combate a fraudes contra benefícios emergenciais
de	ADP	0	287	6	Polícia Federal deflagra a maior ação de combate a fraudes contra benefícios emergenciais
combate	NOUN	0	287	7	Polícia Federal deflagra a maior ação de combate a fraudes contra benefícios emergenciais
a	ADP	0	287	8	Polícia Federal deflagra a maior ação de combate a fraudes contra benefícios emergenciais
fraudes	NOUN	1	287	9	Polícia Federal deflagra a maior ação de combate a fraudes contra benefícios emergenciais
contra	ADP	0	287	10	Polícia Federal deflagra a maior ação de combate a fraudes contra benefícios emergenciais
benefícios	NOUN	0	287	11	Polícia Federal deflagra a maior ação de combate a fraudes contra benefícios emergenciais
emergenciais	ADJ	1	287	12	Polícia Federal deflagra a maior ação de combate a fraudes contra benefícios emergenciais
PF	PROPN	1	288	0	PF apreende carga de 220 kg de cocaína no Porto de Paranaguá
apreende	VERB	1	288	1	PF apreende carga de 220 kg de cocaína no Porto de Paranaguá
carga	NOUN	0	288	2	PF apreende carga de 220 kg de cocaína no Porto de Paranaguá
de	ADP	0	288	3	PF apreende carga de 220 kg de cocaína no Porto de Paranaguá
220	NUM	1	288	4	PF apreende carga de 220 kg de cocaína no Porto de Paranaguá
kg	NOUN	0	288	5	PF apreende carga de 220 kg de cocaína no Porto de Paranaguá
de	ADP	0	288	6	PF apreende carga de 220 kg de cocaína no Porto de Paranaguá
cocaína	NOUN	1	288	7	PF apreende carga de 220 kg de cocaína no Porto de Paranaguá
no	ADP	0	288	8	PF apreende carga de 220 kg de cocaína no Porto de Paranaguá
Porto	PROPN	0	288	9	PF apreende carga de 220 kg de cocaína no Porto de Paranaguá
de	ADP	0	288	10	PF apreende carga de 220 kg de cocaína no Porto de Paranaguá
Paranaguá	PROPN	1	288	11	PF apreende carga de 220 kg de cocaína no Porto de Paranaguá
PF	PROPN	1	289	0	PF apreende grande quantidade de cocaína na Zona Norte do Rio de Janeiro
apreende	VERB	1	289	1	PF apreende grande quantidade de cocaína na Zona Norte do Rio de Janeiro
grande	ADJ	0	289	2	PF apreende grande quantidade de cocaína na Zona Norte do Rio de Janeiro
quantidade	NOUN	0	289	3	PF apreende grande quantidade de cocaína na Zona Norte do Rio de Janeiro
de	ADP	0	289	4	PF apreende grande quantidade de cocaína na Zona Norte do Rio de Janeiro
cocaína	NOUN	1	289	5	PF apreende grande quantidade de cocaína na Zona Norte do Rio de Janeiro
na	ADP	0	289	6	PF apreende grande quantidade de cocaína na Zona Norte do Rio de Janeiro
Zona	PROPN	0	289	7	PF apreende grande quantidade de cocaína na Zona Norte do Rio de Janeiro
Norte	PROPN	0	289	8	PF apreende grande quantidade de cocaína na Zona Norte do Rio de Janeiro
do	ADP	0	289	9	PF apreende grande quantidade de cocaína na Zona Norte do Rio de Janeiro
Rio	PROPN	0	289	10	PF apreende grande quantidade de cocaína na Zona Norte do Rio de Janeiro
de	ADP	0	289	11	PF apreende grande quantidade de cocaína na Zona Norte do Rio de Janeiro
Janeiro	PROPN	0	289	12	PF apreende grande quantidade de cocaína na Zona Norte do Rio de Janeiro
Polícia	PROPN	0	290	0	Polícia Federal deflagra 80 Fase da Operação Lava Jato - Operação PSEUDEIA
Federal	PROPN	0	290	1	Polícia Federal deflagra 80 Fase da Operação Lava Jato - Operação PSEUDEIA
deflagra	VERB	1	290	2	Polícia Federal deflagra 80 Fase da Operação Lava Jato - Operação PSEUDEIA
80	NUM	0	290	3	Polícia Federal deflagra 80 Fase da Operação Lava Jato - Operação PSEUDEIA
Fase	PROPN	0	290	4	Polícia Federal deflagra 80 Fase da Operação Lava Jato - Operação PSEUDEIA
da	ADP	0	290	5	Polícia Federal deflagra 80 Fase da Operação Lava Jato - Operação PSEUDEIA
Operação	NOUN	0	290	6	Polícia Federal deflagra 80 Fase da Operação Lava Jato - Operação PSEUDEIA
Lava	PROPN	0	290	7	Polícia Federal deflagra 80 Fase da Operação Lava Jato - Operação PSEUDEIA
Jato	PROPN	0	290	8	Polícia Federal deflagra 80 Fase da Operação Lava Jato - Operação PSEUDEIA
-	PUNCT	0	290	9	Polícia Federal deflagra 80 Fase da Operação Lava Jato - Operação PSEUDEIA
Operação	NOUN	0	290	10	Polícia Federal deflagra 80 Fase da Operação Lava Jato - Operação PSEUDEIA
PSEUDEIA	PROPN	1	290	11	Polícia Federal deflagra 80 Fase da Operação Lava Jato - Operação PSEUDEIA
PF	PROPN	1	291	0	PF combate esquema de fraudes contra o sistema previdenciário em MT
combate	VERB	0	291	1	PF combate esquema de fraudes contra o sistema previdenciário em MT
esquema	NOUN	0	291	2	PF combate esquema de fraudes contra o sistema previdenciário em MT
de	ADP	0	291	3	PF combate esquema de fraudes contra o sistema previdenciário em MT
fraudes	NOUN	1	291	4	PF combate esquema de fraudes contra o sistema previdenciário em MT
contra	ADP	0	291	5	PF combate esquema de fraudes contra o sistema previdenciário em MT
o	DET	0	291	6	PF combate esquema de fraudes contra o sistema previdenciário em MT
sistema	NOUN	0	291	7	PF combate esquema de fraudes contra o sistema previdenciário em MT
previdenciário	ADJ	1	291	8	PF combate esquema de fraudes contra o sistema previdenciário em MT
em	ADP	0	291	9	PF combate esquema de fraudes contra o sistema previdenciário em MT
MT	PROPN	1	291	10	PF combate esquema de fraudes contra o sistema previdenciário em MT
PF	PROPN	1	292	0	PF , em ação integrada combate fraudes em receitas médicas
,	PUNCT	0	292	1	PF , em ação integrada combate fraudes em receitas médicas
em	ADP	0	292	2	PF , em ação integrada combate fraudes em receitas médicas
ação	NOUN	0	292	3	PF , em ação integrada combate fraudes em receitas médicas
integrada	VERB	0	292	4	PF , em ação integrada combate fraudes em receitas médicas
combate	NOUN	0	292	5	PF , em ação integrada combate fraudes em receitas médicas
fraudes	NOUN	1	292	6	PF , em ação integrada combate fraudes em receitas médicas
em	ADP	0	292	7	PF , em ação integrada combate fraudes em receitas médicas
receitas	NOUN	0	292	8	PF , em ação integrada combate fraudes em receitas médicas
médicas	ADJ	0	292	9	PF , em ação integrada combate fraudes em receitas médicas
PF	PROPN	1	293	0	PF desarticula associação voltada à prática do crime de tráfico de drogas
desarticula	VERB	1	293	1	PF desarticula associação voltada à prática do crime de tráfico de drogas
associação	NOUN	0	293	2	PF desarticula associação voltada à prática do crime de tráfico de drogas
voltada	VERB	0	293	3	PF desarticula associação voltada à prática do crime de tráfico de drogas
à	ADP	0	293	4	PF desarticula associação voltada à prática do crime de tráfico de drogas
prática	NOUN	0	293	5	PF desarticula associação voltada à prática do crime de tráfico de drogas
do	ADP	0	293	6	PF desarticula associação voltada à prática do crime de tráfico de drogas
crime	NOUN	0	293	7	PF desarticula associação voltada à prática do crime de tráfico de drogas
de	ADP	0	293	8	PF desarticula associação voltada à prática do crime de tráfico de drogas
tráfico	NOUN	0	293	9	PF desarticula associação voltada à prática do crime de tráfico de drogas
de	ADP	0	293	10	PF desarticula associação voltada à prática do crime de tráfico de drogas
drogas	NOUN	0	293	11	PF desarticula associação voltada à prática do crime de tráfico de drogas
Polícia	PROPN	0	294	0	Polícia Federal deflagra Operação Pronta Emergência para combater desvios de recursos públicos no Rio de Janeiro
Federal	PROPN	0	294	1	Polícia Federal deflagra Operação Pronta Emergência para combater desvios de recursos públicos no Rio de Janeiro
deflagra	VERB	1	294	2	Polícia Federal deflagra Operação Pronta Emergência para combater desvios de recursos públicos no Rio de Janeiro
Operação	NOUN	0	294	3	Polícia Federal deflagra Operação Pronta Emergência para combater desvios de recursos públicos no Rio de Janeiro
Pronta	ADJ	1	294	4	Polícia Federal deflagra Operação Pronta Emergência para combater desvios de recursos públicos no Rio de Janeiro
Emergência	NOUN	1	294	5	Polícia Federal deflagra Operação Pronta Emergência para combater desvios de recursos públicos no Rio de Janeiro
para	SCONJ	0	294	6	Polícia Federal deflagra Operação Pronta Emergência para combater desvios de recursos públicos no Rio de Janeiro
combater	VERB	0	294	7	Polícia Federal deflagra Operação Pronta Emergência para combater desvios de recursos públicos no Rio de Janeiro
desvios	NOUN	1	294	8	Polícia Federal deflagra Operação Pronta Emergência para combater desvios de recursos públicos no Rio de Janeiro
de	ADP	0	294	9	Polícia Federal deflagra Operação Pronta Emergência para combater desvios de recursos públicos no Rio de Janeiro
recursos	NOUN	0	294	10	Polícia Federal deflagra Operação Pronta Emergência para combater desvios de recursos públicos no Rio de Janeiro
públicos	ADJ	0	294	11	Polícia Federal deflagra Operação Pronta Emergência para combater desvios de recursos públicos no Rio de Janeiro
no	ADP	0	294	12	Polícia Federal deflagra Operação Pronta Emergência para combater desvios de recursos públicos no Rio de Janeiro
Rio	PROPN	0	294	13	Polícia Federal deflagra Operação Pronta Emergência para combater desvios de recursos públicos no Rio de Janeiro
de	ADP	0	294	14	Polícia Federal deflagra Operação Pronta Emergência para combater desvios de recursos públicos no Rio de Janeiro
Janeiro	PROPN	0	294	15	Polícia Federal deflagra Operação Pronta Emergência para combater desvios de recursos públicos no Rio de Janeiro
PF	PROPN	1	295	0	PF combate a prática de crimes eleitorais em Campina Grande PB
combate	VERB	0	295	1	PF combate a prática de crimes eleitorais em Campina Grande PB
a	DET	0	295	2	PF combate a prática de crimes eleitorais em Campina Grande PB
prática	NOUN	0	295	3	PF combate a prática de crimes eleitorais em Campina Grande PB
de	ADP	0	295	4	PF combate a prática de crimes eleitorais em Campina Grande PB
crimes	NOUN	0	295	5	PF combate a prática de crimes eleitorais em Campina Grande PB
eleitorais	ADJ	0	295	6	PF combate a prática de crimes eleitorais em Campina Grande PB
em	ADP	0	295	7	PF combate a prática de crimes eleitorais em Campina Grande PB
Campina	PROPN	0	295	8	PF combate a prática de crimes eleitorais em Campina Grande PB
Grande	PROPN	0	295	9	PF combate a prática de crimes eleitorais em Campina Grande PB
PB	PROPN	1	295	10	PF combate a prática de crimes eleitorais em Campina Grande PB
PF	PROPN	1	296	0	PF realiza operação de combate a fraudes em licitações e desvio de verbas públicas no Sudoeste baiano
realiza	VERB	0	296	1	PF realiza operação de combate a fraudes em licitações e desvio de verbas públicas no Sudoeste baiano
operação	NOUN	0	296	2	PF realiza operação de combate a fraudes em licitações e desvio de verbas públicas no Sudoeste baiano
de	ADP	0	296	3	PF realiza operação de combate a fraudes em licitações e desvio de verbas públicas no Sudoeste baiano
combate	NOUN	0	296	4	PF realiza operação de combate a fraudes em licitações e desvio de verbas públicas no Sudoeste baiano
a	ADP	0	296	5	PF realiza operação de combate a fraudes em licitações e desvio de verbas públicas no Sudoeste baiano
fraudes	NOUN	1	296	6	PF realiza operação de combate a fraudes em licitações e desvio de verbas públicas no Sudoeste baiano
em	ADP	0	296	7	PF realiza operação de combate a fraudes em licitações e desvio de verbas públicas no Sudoeste baiano
licitações	NOUN	1	296	8	PF realiza operação de combate a fraudes em licitações e desvio de verbas públicas no Sudoeste baiano
e	CCONJ	0	296	9	PF realiza operação de combate a fraudes em licitações e desvio de verbas públicas no Sudoeste baiano
desvio	NOUN	0	296	10	PF realiza operação de combate a fraudes em licitações e desvio de verbas públicas no Sudoeste baiano
de	ADP	0	296	11	PF realiza operação de combate a fraudes em licitações e desvio de verbas públicas no Sudoeste baiano
verbas	NOUN	1	296	12	PF realiza operação de combate a fraudes em licitações e desvio de verbas públicas no Sudoeste baiano
públicas	ADJ	0	296	13	PF realiza operação de combate a fraudes em licitações e desvio de verbas públicas no Sudoeste baiano
no	ADP	0	296	14	PF realiza operação de combate a fraudes em licitações e desvio de verbas públicas no Sudoeste baiano
Sudoeste	NOUN	1	296	15	PF realiza operação de combate a fraudes em licitações e desvio de verbas públicas no Sudoeste baiano
baiano	ADJ	0	296	16	PF realiza operação de combate a fraudes em licitações e desvio de verbas públicas no Sudoeste baiano
PF	PROPN	1	297	0	PF apreende droga dentro de frascos de medicamento
apreende	VERB	1	297	1	PF apreende droga dentro de frascos de medicamento
droga	NOUN	0	297	2	PF apreende droga dentro de frascos de medicamento
dentro	ADV	0	297	3	PF apreende droga dentro de frascos de medicamento
de	ADP	0	297	4	PF apreende droga dentro de frascos de medicamento
frascos	NOUN	1	297	5	PF apreende droga dentro de frascos de medicamento
de	ADP	0	297	6	PF apreende droga dentro de frascos de medicamento
medicamento	NOUN	1	297	7	PF apreende droga dentro de frascos de medicamento
Polícia	PROPN	0	298	0	Polícia Federal incinera 7 , 3 toneladas de drogas em Três Lagoas MS
Federal	PROPN	0	298	1	Polícia Federal incinera 7 , 3 toneladas de drogas em Três Lagoas MS
incinera	VERB	1	298	2	Polícia Federal incinera 7 , 3 toneladas de drogas em Três Lagoas MS
7	NUM	0	298	3	Polícia Federal incinera 7 , 3 toneladas de drogas em Três Lagoas MS
,	PUNCT	0	298	4	Polícia Federal incinera 7 , 3 toneladas de drogas em Três Lagoas MS
3	NUM	0	298	5	Polícia Federal incinera 7 , 3 toneladas de drogas em Três Lagoas MS
toneladas	NOUN	0	298	6	Polícia Federal incinera 7 , 3 toneladas de drogas em Três Lagoas MS
de	ADP	0	298	7	Polícia Federal incinera 7 , 3 toneladas de drogas em Três Lagoas MS
drogas	NOUN	0	298	8	Polícia Federal incinera 7 , 3 toneladas de drogas em Três Lagoas MS
em	ADP	0	298	9	Polícia Federal incinera 7 , 3 toneladas de drogas em Três Lagoas MS
Três	PROPN	0	298	10	Polícia Federal incinera 7 , 3 toneladas de drogas em Três Lagoas MS
Lagoas	PROPN	1	298	11	Polícia Federal incinera 7 , 3 toneladas de drogas em Três Lagoas MS
MS	PROPN	0	298	12	Polícia Federal incinera 7 , 3 toneladas de drogas em Três Lagoas MS
PF	PROPN	1	299	0	PF e Força Integrada deflagram Operação Fronteira Fechada contra o tráfico de drogas no Acre
e	CCONJ	0	299	1	PF e Força Integrada deflagram Operação Fronteira Fechada contra o tráfico de drogas no Acre
Força	PROPN	0	299	2	PF e Força Integrada deflagram Operação Fronteira Fechada contra o tráfico de drogas no Acre
Integrada	PROPN	1	299	3	PF e Força Integrada deflagram Operação Fronteira Fechada contra o tráfico de drogas no Acre
deflagram	VERB	1	299	4	PF e Força Integrada deflagram Operação Fronteira Fechada contra o tráfico de drogas no Acre
Operação	PROPN	0	299	5	PF e Força Integrada deflagram Operação Fronteira Fechada contra o tráfico de drogas no Acre
Fronteira	PROPN	1	299	6	PF e Força Integrada deflagram Operação Fronteira Fechada contra o tráfico de drogas no Acre
Fechada	VERB	1	299	7	PF e Força Integrada deflagram Operação Fronteira Fechada contra o tráfico de drogas no Acre
contra	ADP	0	299	8	PF e Força Integrada deflagram Operação Fronteira Fechada contra o tráfico de drogas no Acre
o	DET	0	299	9	PF e Força Integrada deflagram Operação Fronteira Fechada contra o tráfico de drogas no Acre
tráfico	NOUN	0	299	10	PF e Força Integrada deflagram Operação Fronteira Fechada contra o tráfico de drogas no Acre
de	ADP	0	299	11	PF e Força Integrada deflagram Operação Fronteira Fechada contra o tráfico de drogas no Acre
drogas	NOUN	0	299	12	PF e Força Integrada deflagram Operação Fronteira Fechada contra o tráfico de drogas no Acre
no	ADP	0	299	13	PF e Força Integrada deflagram Operação Fronteira Fechada contra o tráfico de drogas no Acre
Acre	PROPN	0	299	14	PF e Força Integrada deflagram Operação Fronteira Fechada contra o tráfico de drogas no Acre
PF	PROPN	1	300	0	PF , em ação integrada , desarticula organização criminosa voltada ao tráfico de drogas
,	PUNCT	0	300	1	PF , em ação integrada , desarticula organização criminosa voltada ao tráfico de drogas
em	ADP	0	300	2	PF , em ação integrada , desarticula organização criminosa voltada ao tráfico de drogas
ação	NOUN	0	300	3	PF , em ação integrada , desarticula organização criminosa voltada ao tráfico de drogas
integrada	VERB	0	300	4	PF , em ação integrada , desarticula organização criminosa voltada ao tráfico de drogas
,	PUNCT	0	300	5	PF , em ação integrada , desarticula organização criminosa voltada ao tráfico de drogas
desarticula	VERB	1	300	6	PF , em ação integrada , desarticula organização criminosa voltada ao tráfico de drogas
organização	NOUN	0	300	7	PF , em ação integrada , desarticula organização criminosa voltada ao tráfico de drogas
criminosa	ADJ	1	300	8	PF , em ação integrada , desarticula organização criminosa voltada ao tráfico de drogas
voltada	VERB	0	300	9	PF , em ação integrada , desarticula organização criminosa voltada ao tráfico de drogas
ao	ADP	0	300	10	PF , em ação integrada , desarticula organização criminosa voltada ao tráfico de drogas
tráfico	NOUN	0	300	11	PF , em ação integrada , desarticula organização criminosa voltada ao tráfico de drogas
de	ADP	0	300	12	PF , em ação integrada , desarticula organização criminosa voltada ao tráfico de drogas
drogas	NOUN	0	300	13	PF , em ação integrada , desarticula organização criminosa voltada ao tráfico de drogas
PF	PROPN	1	301	0	PF realiza a primeira incineração de drogas do ano em Guaíra PR
realiza	VERB	0	301	1	PF realiza a primeira incineração de drogas do ano em Guaíra PR
a	DET	0	301	2	PF realiza a primeira incineração de drogas do ano em Guaíra PR
primeira	ADJ	0	301	3	PF realiza a primeira incineração de drogas do ano em Guaíra PR
incineração	NOUN	1	301	4	PF realiza a primeira incineração de drogas do ano em Guaíra PR
de	ADP	0	301	5	PF realiza a primeira incineração de drogas do ano em Guaíra PR
drogas	NOUN	0	301	6	PF realiza a primeira incineração de drogas do ano em Guaíra PR
do	ADP	0	301	7	PF realiza a primeira incineração de drogas do ano em Guaíra PR
ano	NOUN	0	301	8	PF realiza a primeira incineração de drogas do ano em Guaíra PR
em	ADP	0	301	9	PF realiza a primeira incineração de drogas do ano em Guaíra PR
Guaíra	PROPN	1	301	10	PF realiza a primeira incineração de drogas do ano em Guaíra PR
PR	PROPN	0	301	11	PF realiza a primeira incineração de drogas do ano em Guaíra PR
PF	PROPN	1	302	0	PF investiga possível crime de comércio ilegal de pedras preciosas
investiga	VERB	1	302	1	PF investiga possível crime de comércio ilegal de pedras preciosas
possível	ADJ	0	302	2	PF investiga possível crime de comércio ilegal de pedras preciosas
crime	NOUN	0	302	3	PF investiga possível crime de comércio ilegal de pedras preciosas
de	ADP	0	302	4	PF investiga possível crime de comércio ilegal de pedras preciosas
comércio	NOUN	0	302	5	PF investiga possível crime de comércio ilegal de pedras preciosas
ilegal	ADJ	0	302	6	PF investiga possível crime de comércio ilegal de pedras preciosas
de	ADP	0	302	7	PF investiga possível crime de comércio ilegal de pedras preciosas
pedras	NOUN	0	302	8	PF investiga possível crime de comércio ilegal de pedras preciosas
preciosas	ADJ	1	302	9	PF investiga possível crime de comércio ilegal de pedras preciosas
PF	PROPN	1	303	0	PF e BPFRON apreendem embarcação abandonada no Rio Iguaçu , no âmbito da Operação Hórus e Programa VIGIA
e	CCONJ	0	303	1	PF e BPFRON apreendem embarcação abandonada no Rio Iguaçu , no âmbito da Operação Hórus e Programa VIGIA
BPFRON	PROPN	1	303	2	PF e BPFRON apreendem embarcação abandonada no Rio Iguaçu , no âmbito da Operação Hórus e Programa VIGIA
apreendem	VERB	1	303	3	PF e BPFRON apreendem embarcação abandonada no Rio Iguaçu , no âmbito da Operação Hórus e Programa VIGIA
embarcação	NOUN	0	303	4	PF e BPFRON apreendem embarcação abandonada no Rio Iguaçu , no âmbito da Operação Hórus e Programa VIGIA
abandonada	VERB	0	303	5	PF e BPFRON apreendem embarcação abandonada no Rio Iguaçu , no âmbito da Operação Hórus e Programa VIGIA
no	ADP	0	303	6	PF e BPFRON apreendem embarcação abandonada no Rio Iguaçu , no âmbito da Operação Hórus e Programa VIGIA
Rio	PROPN	0	303	7	PF e BPFRON apreendem embarcação abandonada no Rio Iguaçu , no âmbito da Operação Hórus e Programa VIGIA
Iguaçu	PROPN	0	303	8	PF e BPFRON apreendem embarcação abandonada no Rio Iguaçu , no âmbito da Operação Hórus e Programa VIGIA
,	PUNCT	0	303	9	PF e BPFRON apreendem embarcação abandonada no Rio Iguaçu , no âmbito da Operação Hórus e Programa VIGIA
no	ADP	0	303	10	PF e BPFRON apreendem embarcação abandonada no Rio Iguaçu , no âmbito da Operação Hórus e Programa VIGIA
âmbito	NOUN	0	303	11	PF e BPFRON apreendem embarcação abandonada no Rio Iguaçu , no âmbito da Operação Hórus e Programa VIGIA
da	ADP	0	303	12	PF e BPFRON apreendem embarcação abandonada no Rio Iguaçu , no âmbito da Operação Hórus e Programa VIGIA
Operação	PROPN	0	303	13	PF e BPFRON apreendem embarcação abandonada no Rio Iguaçu , no âmbito da Operação Hórus e Programa VIGIA
Hórus	PROPN	1	303	14	PF e BPFRON apreendem embarcação abandonada no Rio Iguaçu , no âmbito da Operação Hórus e Programa VIGIA
e	CCONJ	0	303	15	PF e BPFRON apreendem embarcação abandonada no Rio Iguaçu , no âmbito da Operação Hórus e Programa VIGIA
Programa	PROPN	0	303	16	PF e BPFRON apreendem embarcação abandonada no Rio Iguaçu , no âmbito da Operação Hórus e Programa VIGIA
VIGIA	PROPN	1	303	17	PF e BPFRON apreendem embarcação abandonada no Rio Iguaçu , no âmbito da Operação Hórus e Programa VIGIA
Operação	PROPN	0	304	0	Operação Palha Grande desarticula esquema de fraudes contra o INSS no Recôncavo Baiano
Palha	PROPN	1	304	1	Operação Palha Grande desarticula esquema de fraudes contra o INSS no Recôncavo Baiano
Grande	PROPN	0	304	2	Operação Palha Grande desarticula esquema de fraudes contra o INSS no Recôncavo Baiano
desarticula	VERB	1	304	3	Operação Palha Grande desarticula esquema de fraudes contra o INSS no Recôncavo Baiano
esquema	NOUN	0	304	4	Operação Palha Grande desarticula esquema de fraudes contra o INSS no Recôncavo Baiano
de	ADP	0	304	5	Operação Palha Grande desarticula esquema de fraudes contra o INSS no Recôncavo Baiano
fraudes	NOUN	1	304	6	Operação Palha Grande desarticula esquema de fraudes contra o INSS no Recôncavo Baiano
contra	ADP	0	304	7	Operação Palha Grande desarticula esquema de fraudes contra o INSS no Recôncavo Baiano
o	DET	0	304	8	Operação Palha Grande desarticula esquema de fraudes contra o INSS no Recôncavo Baiano
INSS	PROPN	1	304	9	Operação Palha Grande desarticula esquema de fraudes contra o INSS no Recôncavo Baiano
no	ADP	0	304	10	Operação Palha Grande desarticula esquema de fraudes contra o INSS no Recôncavo Baiano
Recôncavo	PROPN	1	304	11	Operação Palha Grande desarticula esquema de fraudes contra o INSS no Recôncavo Baiano
Baiano	PROPN	1	304	12	Operação Palha Grande desarticula esquema de fraudes contra o INSS no Recôncavo Baiano
Polícia	PROPN	0	305	0	Polícia Federal prende homem com 2 mil reais em cédulas falsas recebidas pelos Correios em Foz do Iguaçu PR
Federal	PROPN	0	305	1	Polícia Federal prende homem com 2 mil reais em cédulas falsas recebidas pelos Correios em Foz do Iguaçu PR
prende	VERB	1	305	2	Polícia Federal prende homem com 2 mil reais em cédulas falsas recebidas pelos Correios em Foz do Iguaçu PR
homem	NOUN	0	305	3	Polícia Federal prende homem com 2 mil reais em cédulas falsas recebidas pelos Correios em Foz do Iguaçu PR
com	ADP	0	305	4	Polícia Federal prende homem com 2 mil reais em cédulas falsas recebidas pelos Correios em Foz do Iguaçu PR
2	NUM	0	305	5	Polícia Federal prende homem com 2 mil reais em cédulas falsas recebidas pelos Correios em Foz do Iguaçu PR
mil	NUM	0	305	6	Polícia Federal prende homem com 2 mil reais em cédulas falsas recebidas pelos Correios em Foz do Iguaçu PR
reais	NOUN	0	305	7	Polícia Federal prende homem com 2 mil reais em cédulas falsas recebidas pelos Correios em Foz do Iguaçu PR
em	ADP	0	305	8	Polícia Federal prende homem com 2 mil reais em cédulas falsas recebidas pelos Correios em Foz do Iguaçu PR
cédulas	NOUN	1	305	9	Polícia Federal prende homem com 2 mil reais em cédulas falsas recebidas pelos Correios em Foz do Iguaçu PR
falsas	ADJ	0	305	10	Polícia Federal prende homem com 2 mil reais em cédulas falsas recebidas pelos Correios em Foz do Iguaçu PR
recebidas	VERB	1	305	11	Polícia Federal prende homem com 2 mil reais em cédulas falsas recebidas pelos Correios em Foz do Iguaçu PR
pelos	ADP	0	305	12	Polícia Federal prende homem com 2 mil reais em cédulas falsas recebidas pelos Correios em Foz do Iguaçu PR
Correios	NOUN	1	305	13	Polícia Federal prende homem com 2 mil reais em cédulas falsas recebidas pelos Correios em Foz do Iguaçu PR
em	ADP	0	305	14	Polícia Federal prende homem com 2 mil reais em cédulas falsas recebidas pelos Correios em Foz do Iguaçu PR
Foz	PROPN	0	305	15	Polícia Federal prende homem com 2 mil reais em cédulas falsas recebidas pelos Correios em Foz do Iguaçu PR
do	ADP	0	305	16	Polícia Federal prende homem com 2 mil reais em cédulas falsas recebidas pelos Correios em Foz do Iguaçu PR
Iguaçu	PROPN	0	305	17	Polícia Federal prende homem com 2 mil reais em cédulas falsas recebidas pelos Correios em Foz do Iguaçu PR
PR	PROPN	0	305	18	Polícia Federal prende homem com 2 mil reais em cédulas falsas recebidas pelos Correios em Foz do Iguaçu PR
Operação	NOUN	0	306	0	Operação Advenus combate crime de promoção de migração ilegal no Acre
Advenus	PROPN	1	306	1	Operação Advenus combate crime de promoção de migração ilegal no Acre
combate	VERB	0	306	2	Operação Advenus combate crime de promoção de migração ilegal no Acre
crime	NOUN	0	306	3	Operação Advenus combate crime de promoção de migração ilegal no Acre
de	ADP	0	306	4	Operação Advenus combate crime de promoção de migração ilegal no Acre
promoção	NOUN	0	306	5	Operação Advenus combate crime de promoção de migração ilegal no Acre
de	ADP	0	306	6	Operação Advenus combate crime de promoção de migração ilegal no Acre
migração	NOUN	0	306	7	Operação Advenus combate crime de promoção de migração ilegal no Acre
ilegal	ADJ	0	306	8	Operação Advenus combate crime de promoção de migração ilegal no Acre
no	ADP	0	306	9	Operação Advenus combate crime de promoção de migração ilegal no Acre
Acre	PROPN	0	306	10	Operação Advenus combate crime de promoção de migração ilegal no Acre
PF	PROPN	1	307	0	PF prende em Natal britânico procurado pela Interpol
prende	VERB	1	307	1	PF prende em Natal britânico procurado pela Interpol
em	ADP	0	307	2	PF prende em Natal britânico procurado pela Interpol
Natal	PROPN	0	307	3	PF prende em Natal britânico procurado pela Interpol
britânico	ADJ	0	307	4	PF prende em Natal britânico procurado pela Interpol
procurado	VERB	0	307	5	PF prende em Natal britânico procurado pela Interpol
pela	ADP	0	307	6	PF prende em Natal britânico procurado pela Interpol
Interpol	PROPN	1	307	7	PF prende em Natal britânico procurado pela Interpol
Operação	NOUN	0	308	0	Operação Lux combate fraude em fundo municipal previdenciário de Luziânia GO
Lux	PROPN	0	308	1	Operação Lux combate fraude em fundo municipal previdenciário de Luziânia GO
combate	VERB	0	308	2	Operação Lux combate fraude em fundo municipal previdenciário de Luziânia GO
fraude	NOUN	0	308	3	Operação Lux combate fraude em fundo municipal previdenciário de Luziânia GO
em	ADP	0	308	4	Operação Lux combate fraude em fundo municipal previdenciário de Luziânia GO
fundo	NOUN	0	308	5	Operação Lux combate fraude em fundo municipal previdenciário de Luziânia GO
municipal	ADJ	0	308	6	Operação Lux combate fraude em fundo municipal previdenciário de Luziânia GO
previdenciário	ADJ	1	308	7	Operação Lux combate fraude em fundo municipal previdenciário de Luziânia GO
de	ADP	0	308	8	Operação Lux combate fraude em fundo municipal previdenciário de Luziânia GO
Luziânia	PROPN	1	308	9	Operação Lux combate fraude em fundo municipal previdenciário de Luziânia GO
GO	PROPN	1	308	10	Operação Lux combate fraude em fundo municipal previdenciário de Luziânia GO
Polícia	PROPN	0	309	0	Polícia Federal prende liderança de facção criminosa
Federal	PROPN	0	309	1	Polícia Federal prende liderança de facção criminosa
prende	VERB	1	309	2	Polícia Federal prende liderança de facção criminosa
liderança	NOUN	0	309	3	Polícia Federal prende liderança de facção criminosa
de	ADP	0	309	4	Polícia Federal prende liderança de facção criminosa
facção	NOUN	0	309	5	Polícia Federal prende liderança de facção criminosa
criminosa	ADJ	1	309	6	Polícia Federal prende liderança de facção criminosa
PF	PROPN	1	310	0	PF e Receita apreendem 9 kg de cocaína ocultos nas estruturas de malas de viagem
e	CCONJ	0	310	1	PF e Receita apreendem 9 kg de cocaína ocultos nas estruturas de malas de viagem
Receita	NOUN	1	310	2	PF e Receita apreendem 9 kg de cocaína ocultos nas estruturas de malas de viagem
apreendem	VERB	1	310	3	PF e Receita apreendem 9 kg de cocaína ocultos nas estruturas de malas de viagem
9	NUM	0	310	4	PF e Receita apreendem 9 kg de cocaína ocultos nas estruturas de malas de viagem
kg	NOUN	0	310	5	PF e Receita apreendem 9 kg de cocaína ocultos nas estruturas de malas de viagem
de	ADP	0	310	6	PF e Receita apreendem 9 kg de cocaína ocultos nas estruturas de malas de viagem
cocaína	NOUN	1	310	7	PF e Receita apreendem 9 kg de cocaína ocultos nas estruturas de malas de viagem
ocultos	ADJ	1	310	8	PF e Receita apreendem 9 kg de cocaína ocultos nas estruturas de malas de viagem
nas	ADP	0	310	9	PF e Receita apreendem 9 kg de cocaína ocultos nas estruturas de malas de viagem
estruturas	NOUN	0	310	10	PF e Receita apreendem 9 kg de cocaína ocultos nas estruturas de malas de viagem
de	ADP	0	310	11	PF e Receita apreendem 9 kg de cocaína ocultos nas estruturas de malas de viagem
malas	NOUN	1	310	12	PF e Receita apreendem 9 kg de cocaína ocultos nas estruturas de malas de viagem
de	ADP	0	310	13	PF e Receita apreendem 9 kg de cocaína ocultos nas estruturas de malas de viagem
viagem	NOUN	0	310	14	PF e Receita apreendem 9 kg de cocaína ocultos nas estruturas de malas de viagem
Polícia	PROPN	0	311	0	Polícia Federal combate crimes eleitorais em Oiapoque
Federal	PROPN	0	311	1	Polícia Federal combate crimes eleitorais em Oiapoque
combate	VERB	0	311	2	Polícia Federal combate crimes eleitorais em Oiapoque
crimes	NOUN	0	311	3	Polícia Federal combate crimes eleitorais em Oiapoque
eleitorais	ADJ	0	311	4	Polícia Federal combate crimes eleitorais em Oiapoque
em	ADP	0	311	5	Polícia Federal combate crimes eleitorais em Oiapoque
Oiapoque	PROPN	1	311	6	Polícia Federal combate crimes eleitorais em Oiapoque
Polícia	PROPN	0	312	0	Polícia Federal apreende helicóptero com grande carga de cocaína
Federal	PROPN	0	312	1	Polícia Federal apreende helicóptero com grande carga de cocaína
apreende	VERB	1	312	2	Polícia Federal apreende helicóptero com grande carga de cocaína
helicóptero	NOUN	0	312	3	Polícia Federal apreende helicóptero com grande carga de cocaína
com	ADP	0	312	4	Polícia Federal apreende helicóptero com grande carga de cocaína
grande	ADJ	0	312	5	Polícia Federal apreende helicóptero com grande carga de cocaína
carga	NOUN	0	312	6	Polícia Federal apreende helicóptero com grande carga de cocaína
de	ADP	0	312	7	Polícia Federal apreende helicóptero com grande carga de cocaína
cocaína	NOUN	1	312	8	Polícia Federal apreende helicóptero com grande carga de cocaína
PF	PROPN	1	313	0	PF cumpre mandado de prisão expedido pelo STJ
cumpre	VERB	1	313	1	PF cumpre mandado de prisão expedido pelo STJ
mandado	VERB	0	313	2	PF cumpre mandado de prisão expedido pelo STJ
de	ADP	0	313	3	PF cumpre mandado de prisão expedido pelo STJ
prisão	NOUN	0	313	4	PF cumpre mandado de prisão expedido pelo STJ
expedido	VERB	1	313	5	PF cumpre mandado de prisão expedido pelo STJ
pelo	ADP	0	313	6	PF cumpre mandado de prisão expedido pelo STJ
STJ	PROPN	1	313	7	PF cumpre mandado de prisão expedido pelo STJ
Polícia	PROPN	0	314	0	Polícia Federal deflagra operação de combate ao contrabando de cigarros na região norte do Estado do Rio Grande do Sul
Federal	PROPN	0	314	1	Polícia Federal deflagra operação de combate ao contrabando de cigarros na região norte do Estado do Rio Grande do Sul
deflagra	VERB	1	314	2	Polícia Federal deflagra operação de combate ao contrabando de cigarros na região norte do Estado do Rio Grande do Sul
operação	NOUN	0	314	3	Polícia Federal deflagra operação de combate ao contrabando de cigarros na região norte do Estado do Rio Grande do Sul
de	ADP	0	314	4	Polícia Federal deflagra operação de combate ao contrabando de cigarros na região norte do Estado do Rio Grande do Sul
combate	NOUN	0	314	5	Polícia Federal deflagra operação de combate ao contrabando de cigarros na região norte do Estado do Rio Grande do Sul
ao	ADP	0	314	6	Polícia Federal deflagra operação de combate ao contrabando de cigarros na região norte do Estado do Rio Grande do Sul
contrabando	NOUN	1	314	7	Polícia Federal deflagra operação de combate ao contrabando de cigarros na região norte do Estado do Rio Grande do Sul
de	ADP	0	314	8	Polícia Federal deflagra operação de combate ao contrabando de cigarros na região norte do Estado do Rio Grande do Sul
cigarros	NOUN	1	314	9	Polícia Federal deflagra operação de combate ao contrabando de cigarros na região norte do Estado do Rio Grande do Sul
na	ADP	0	314	10	Polícia Federal deflagra operação de combate ao contrabando de cigarros na região norte do Estado do Rio Grande do Sul
região	NOUN	0	314	11	Polícia Federal deflagra operação de combate ao contrabando de cigarros na região norte do Estado do Rio Grande do Sul
norte	ADJ	0	314	12	Polícia Federal deflagra operação de combate ao contrabando de cigarros na região norte do Estado do Rio Grande do Sul
do	ADP	0	314	13	Polícia Federal deflagra operação de combate ao contrabando de cigarros na região norte do Estado do Rio Grande do Sul
Estado	NOUN	0	314	14	Polícia Federal deflagra operação de combate ao contrabando de cigarros na região norte do Estado do Rio Grande do Sul
do	ADP	0	314	15	Polícia Federal deflagra operação de combate ao contrabando de cigarros na região norte do Estado do Rio Grande do Sul
Rio	PROPN	0	314	16	Polícia Federal deflagra operação de combate ao contrabando de cigarros na região norte do Estado do Rio Grande do Sul
Grande	PROPN	0	314	17	Polícia Federal deflagra operação de combate ao contrabando de cigarros na região norte do Estado do Rio Grande do Sul
do	ADP	0	314	18	Polícia Federal deflagra operação de combate ao contrabando de cigarros na região norte do Estado do Rio Grande do Sul
Sul	PROPN	0	314	19	Polícia Federal deflagra operação de combate ao contrabando de cigarros na região norte do Estado do Rio Grande do Sul
PF	PROPN	1	315	0	PF e BPFRON apreendem carreta bi - trem carregada com cigarros contrabandeados
e	CCONJ	0	315	1	PF e BPFRON apreendem carreta bi - trem carregada com cigarros contrabandeados
BPFRON	PROPN	1	315	2	PF e BPFRON apreendem carreta bi - trem carregada com cigarros contrabandeados
apreendem	VERB	1	315	3	PF e BPFRON apreendem carreta bi - trem carregada com cigarros contrabandeados
carreta	NOUN	1	315	4	PF e BPFRON apreendem carreta bi - trem carregada com cigarros contrabandeados
bi	PROPN	0	315	5	PF e BPFRON apreendem carreta bi - trem carregada com cigarros contrabandeados
-	PUNCT	0	315	6	PF e BPFRON apreendem carreta bi - trem carregada com cigarros contrabandeados
trem	NOUN	0	315	7	PF e BPFRON apreendem carreta bi - trem carregada com cigarros contrabandeados
carregada	VERB	1	315	8	PF e BPFRON apreendem carreta bi - trem carregada com cigarros contrabandeados
com	ADP	0	315	9	PF e BPFRON apreendem carreta bi - trem carregada com cigarros contrabandeados
cigarros	NOUN	1	315	10	PF e BPFRON apreendem carreta bi - trem carregada com cigarros contrabandeados
contrabandeados	VERB	1	315	11	PF e BPFRON apreendem carreta bi - trem carregada com cigarros contrabandeados
Polícia	PROPN	0	316	0	Polícia Federal incinera , em Ponta Porã , 12 toneladas de entorpecentes com apoio da Força Nacional
Federal	PROPN	0	316	1	Polícia Federal incinera , em Ponta Porã , 12 toneladas de entorpecentes com apoio da Força Nacional
incinera	VERB	1	316	2	Polícia Federal incinera , em Ponta Porã , 12 toneladas de entorpecentes com apoio da Força Nacional
,	PUNCT	0	316	3	Polícia Federal incinera , em Ponta Porã , 12 toneladas de entorpecentes com apoio da Força Nacional
em	ADP	0	316	4	Polícia Federal incinera , em Ponta Porã , 12 toneladas de entorpecentes com apoio da Força Nacional
Ponta	PROPN	0	316	5	Polícia Federal incinera , em Ponta Porã , 12 toneladas de entorpecentes com apoio da Força Nacional
Porã	PROPN	1	316	6	Polícia Federal incinera , em Ponta Porã , 12 toneladas de entorpecentes com apoio da Força Nacional
,	PUNCT	0	316	7	Polícia Federal incinera , em Ponta Porã , 12 toneladas de entorpecentes com apoio da Força Nacional
12	NUM	0	316	8	Polícia Federal incinera , em Ponta Porã , 12 toneladas de entorpecentes com apoio da Força Nacional
toneladas	NOUN	0	316	9	Polícia Federal incinera , em Ponta Porã , 12 toneladas de entorpecentes com apoio da Força Nacional
de	ADP	0	316	10	Polícia Federal incinera , em Ponta Porã , 12 toneladas de entorpecentes com apoio da Força Nacional
entorpecentes	NOUN	1	316	11	Polícia Federal incinera , em Ponta Porã , 12 toneladas de entorpecentes com apoio da Força Nacional
com	ADP	0	316	12	Polícia Federal incinera , em Ponta Porã , 12 toneladas de entorpecentes com apoio da Força Nacional
apoio	NOUN	0	316	13	Polícia Federal incinera , em Ponta Porã , 12 toneladas de entorpecentes com apoio da Força Nacional
da	ADP	0	316	14	Polícia Federal incinera , em Ponta Porã , 12 toneladas de entorpecentes com apoio da Força Nacional
Força	PROPN	0	316	15	Polícia Federal incinera , em Ponta Porã , 12 toneladas de entorpecentes com apoio da Força Nacional
Nacional	PROPN	0	316	16	Polícia Federal incinera , em Ponta Porã , 12 toneladas de entorpecentes com apoio da Força Nacional
PF	PROPN	1	317	0	PF apreende 246 kg de maconha e 36 sacos de skank no Mato Grosso
apreende	VERB	1	317	1	PF apreende 246 kg de maconha e 36 sacos de skank no Mato Grosso
246	NUM	1	317	2	PF apreende 246 kg de maconha e 36 sacos de skank no Mato Grosso
kg	NOUN	0	317	3	PF apreende 246 kg de maconha e 36 sacos de skank no Mato Grosso
de	ADP	0	317	4	PF apreende 246 kg de maconha e 36 sacos de skank no Mato Grosso
maconha	NOUN	1	317	5	PF apreende 246 kg de maconha e 36 sacos de skank no Mato Grosso
e	CCONJ	0	317	6	PF apreende 246 kg de maconha e 36 sacos de skank no Mato Grosso
36	NUM	0	317	7	PF apreende 246 kg de maconha e 36 sacos de skank no Mato Grosso
sacos	NOUN	1	317	8	PF apreende 246 kg de maconha e 36 sacos de skank no Mato Grosso
de	ADP	0	317	9	PF apreende 246 kg de maconha e 36 sacos de skank no Mato Grosso
skank	NOUN	1	317	10	PF apreende 246 kg de maconha e 36 sacos de skank no Mato Grosso
no	ADP	0	317	11	PF apreende 246 kg de maconha e 36 sacos de skank no Mato Grosso
Mato	PROPN	0	317	12	PF apreende 246 kg de maconha e 36 sacos de skank no Mato Grosso
Grosso	PROPN	0	317	13	PF apreende 246 kg de maconha e 36 sacos de skank no Mato Grosso
PF	PROPN	1	318	0	PF deflagra Operação Manzana para combater ilegalidades em vendas de aparelhos eletrônicos em Pernambuco
deflagra	VERB	1	318	1	PF deflagra Operação Manzana para combater ilegalidades em vendas de aparelhos eletrônicos em Pernambuco
Operação	PROPN	0	318	2	PF deflagra Operação Manzana para combater ilegalidades em vendas de aparelhos eletrônicos em Pernambuco
Manzana	PROPN	1	318	3	PF deflagra Operação Manzana para combater ilegalidades em vendas de aparelhos eletrônicos em Pernambuco
para	SCONJ	0	318	4	PF deflagra Operação Manzana para combater ilegalidades em vendas de aparelhos eletrônicos em Pernambuco
combater	VERB	0	318	5	PF deflagra Operação Manzana para combater ilegalidades em vendas de aparelhos eletrônicos em Pernambuco
ilegalidades	NOUN	1	318	6	PF deflagra Operação Manzana para combater ilegalidades em vendas de aparelhos eletrônicos em Pernambuco
em	ADP	0	318	7	PF deflagra Operação Manzana para combater ilegalidades em vendas de aparelhos eletrônicos em Pernambuco
vendas	NOUN	0	318	8	PF deflagra Operação Manzana para combater ilegalidades em vendas de aparelhos eletrônicos em Pernambuco
de	ADP	0	318	9	PF deflagra Operação Manzana para combater ilegalidades em vendas de aparelhos eletrônicos em Pernambuco
aparelhos	NOUN	0	318	10	PF deflagra Operação Manzana para combater ilegalidades em vendas de aparelhos eletrônicos em Pernambuco
eletrônicos	ADJ	0	318	11	PF deflagra Operação Manzana para combater ilegalidades em vendas de aparelhos eletrônicos em Pernambuco
em	ADP	0	318	12	PF deflagra Operação Manzana para combater ilegalidades em vendas de aparelhos eletrônicos em Pernambuco
Pernambuco	PROPN	0	318	13	PF deflagra Operação Manzana para combater ilegalidades em vendas de aparelhos eletrônicos em Pernambuco
PF	PROPN	1	319	0	PF apreende cerca de 500 comprimidos de ecstasy no interior do RN
apreende	VERB	1	319	1	PF apreende cerca de 500 comprimidos de ecstasy no interior do RN
cerca	ADV	0	319	2	PF apreende cerca de 500 comprimidos de ecstasy no interior do RN
de	ADP	0	319	3	PF apreende cerca de 500 comprimidos de ecstasy no interior do RN
500	NUM	0	319	4	PF apreende cerca de 500 comprimidos de ecstasy no interior do RN
comprimidos	NOUN	1	319	5	PF apreende cerca de 500 comprimidos de ecstasy no interior do RN
de	ADP	0	319	6	PF apreende cerca de 500 comprimidos de ecstasy no interior do RN
ecstasy	PROPN	1	319	7	PF apreende cerca de 500 comprimidos de ecstasy no interior do RN
no	ADP	0	319	8	PF apreende cerca de 500 comprimidos de ecstasy no interior do RN
interior	NOUN	0	319	9	PF apreende cerca de 500 comprimidos de ecstasy no interior do RN
do	ADP	0	319	10	PF apreende cerca de 500 comprimidos de ecstasy no interior do RN
RN	PROPN	1	319	11	PF apreende cerca de 500 comprimidos de ecstasy no interior do RN
PF	PROPN	1	320	0	PF apreende 31 kg de cocaína na Rodovia Presidente Dutra
apreende	VERB	1	320	1	PF apreende 31 kg de cocaína na Rodovia Presidente Dutra
31	NUM	0	320	2	PF apreende 31 kg de cocaína na Rodovia Presidente Dutra
kg	NOUN	0	320	3	PF apreende 31 kg de cocaína na Rodovia Presidente Dutra
de	ADP	0	320	4	PF apreende 31 kg de cocaína na Rodovia Presidente Dutra
cocaína	NOUN	1	320	5	PF apreende 31 kg de cocaína na Rodovia Presidente Dutra
na	ADP	0	320	6	PF apreende 31 kg de cocaína na Rodovia Presidente Dutra
Rodovia	PROPN	0	320	7	PF apreende 31 kg de cocaína na Rodovia Presidente Dutra
Presidente	PROPN	0	320	8	PF apreende 31 kg de cocaína na Rodovia Presidente Dutra
Dutra	PROPN	0	320	9	PF apreende 31 kg de cocaína na Rodovia Presidente Dutra
PF	PROPN	1	321	0	PF deflagra a Operação Dotted Roses para combater os crimes de produção de conteúdo com pornografia infantojuvenil e exploração sexual de crianças
deflagra	VERB	1	321	1	PF deflagra a Operação Dotted Roses para combater os crimes de produção de conteúdo com pornografia infantojuvenil e exploração sexual de crianças
a	DET	0	321	2	PF deflagra a Operação Dotted Roses para combater os crimes de produção de conteúdo com pornografia infantojuvenil e exploração sexual de crianças
Operação	PROPN	0	321	3	PF deflagra a Operação Dotted Roses para combater os crimes de produção de conteúdo com pornografia infantojuvenil e exploração sexual de crianças
Dotted	PROPN	1	321	4	PF deflagra a Operação Dotted Roses para combater os crimes de produção de conteúdo com pornografia infantojuvenil e exploração sexual de crianças
Roses	PROPN	1	321	5	PF deflagra a Operação Dotted Roses para combater os crimes de produção de conteúdo com pornografia infantojuvenil e exploração sexual de crianças
para	SCONJ	0	321	6	PF deflagra a Operação Dotted Roses para combater os crimes de produção de conteúdo com pornografia infantojuvenil e exploração sexual de crianças
combater	VERB	0	321	7	PF deflagra a Operação Dotted Roses para combater os crimes de produção de conteúdo com pornografia infantojuvenil e exploração sexual de crianças
os	DET	0	321	8	PF deflagra a Operação Dotted Roses para combater os crimes de produção de conteúdo com pornografia infantojuvenil e exploração sexual de crianças
crimes	NOUN	0	321	9	PF deflagra a Operação Dotted Roses para combater os crimes de produção de conteúdo com pornografia infantojuvenil e exploração sexual de crianças
de	ADP	0	321	10	PF deflagra a Operação Dotted Roses para combater os crimes de produção de conteúdo com pornografia infantojuvenil e exploração sexual de crianças
produção	NOUN	0	321	11	PF deflagra a Operação Dotted Roses para combater os crimes de produção de conteúdo com pornografia infantojuvenil e exploração sexual de crianças
de	ADP	0	321	12	PF deflagra a Operação Dotted Roses para combater os crimes de produção de conteúdo com pornografia infantojuvenil e exploração sexual de crianças
conteúdo	NOUN	0	321	13	PF deflagra a Operação Dotted Roses para combater os crimes de produção de conteúdo com pornografia infantojuvenil e exploração sexual de crianças
com	ADP	0	321	14	PF deflagra a Operação Dotted Roses para combater os crimes de produção de conteúdo com pornografia infantojuvenil e exploração sexual de crianças
pornografia	NOUN	1	321	15	PF deflagra a Operação Dotted Roses para combater os crimes de produção de conteúdo com pornografia infantojuvenil e exploração sexual de crianças
infantojuvenil	ADJ	1	321	16	PF deflagra a Operação Dotted Roses para combater os crimes de produção de conteúdo com pornografia infantojuvenil e exploração sexual de crianças
e	CCONJ	0	321	17	PF deflagra a Operação Dotted Roses para combater os crimes de produção de conteúdo com pornografia infantojuvenil e exploração sexual de crianças
exploração	NOUN	0	321	18	PF deflagra a Operação Dotted Roses para combater os crimes de produção de conteúdo com pornografia infantojuvenil e exploração sexual de crianças
sexual	ADJ	0	321	19	PF deflagra a Operação Dotted Roses para combater os crimes de produção de conteúdo com pornografia infantojuvenil e exploração sexual de crianças
de	ADP	0	321	20	PF deflagra a Operação Dotted Roses para combater os crimes de produção de conteúdo com pornografia infantojuvenil e exploração sexual de crianças
crianças	NOUN	0	321	21	PF deflagra a Operação Dotted Roses para combater os crimes de produção de conteúdo com pornografia infantojuvenil e exploração sexual de crianças
Polícia	PROPN	0	322	0	Polícia Federal e BPFRON apreendem dois veículos carregados com cigarros contrabandeados .
Federal	PROPN	0	322	1	Polícia Federal e BPFRON apreendem dois veículos carregados com cigarros contrabandeados .
e	CCONJ	0	322	2	Polícia Federal e BPFRON apreendem dois veículos carregados com cigarros contrabandeados .
BPFRON	PROPN	1	322	3	Polícia Federal e BPFRON apreendem dois veículos carregados com cigarros contrabandeados .
apreendem	VERB	1	322	4	Polícia Federal e BPFRON apreendem dois veículos carregados com cigarros contrabandeados .
dois	NUM	0	322	5	Polícia Federal e BPFRON apreendem dois veículos carregados com cigarros contrabandeados .
veículos	NOUN	0	322	6	Polícia Federal e BPFRON apreendem dois veículos carregados com cigarros contrabandeados .
carregados	VERB	1	322	7	Polícia Federal e BPFRON apreendem dois veículos carregados com cigarros contrabandeados .
com	ADP	0	322	8	Polícia Federal e BPFRON apreendem dois veículos carregados com cigarros contrabandeados .
cigarros	NOUN	1	322	9	Polícia Federal e BPFRON apreendem dois veículos carregados com cigarros contrabandeados .
contrabandeados	VERB	1	322	10	Polícia Federal e BPFRON apreendem dois veículos carregados com cigarros contrabandeados .
.	PUNCT	0	322	11	Polícia Federal e BPFRON apreendem dois veículos carregados com cigarros contrabandeados .
PF	PROPN	1	323	0	PF prende mulher portando 14 kg de maconha no Aeroporto de Fortaleza
prende	VERB	1	323	1	PF prende mulher portando 14 kg de maconha no Aeroporto de Fortaleza
mulher	NOUN	0	323	2	PF prende mulher portando 14 kg de maconha no Aeroporto de Fortaleza
portando	VERB	1	323	3	PF prende mulher portando 14 kg de maconha no Aeroporto de Fortaleza
14	NUM	0	323	4	PF prende mulher portando 14 kg de maconha no Aeroporto de Fortaleza
kg	NOUN	0	323	5	PF prende mulher portando 14 kg de maconha no Aeroporto de Fortaleza
de	ADP	0	323	6	PF prende mulher portando 14 kg de maconha no Aeroporto de Fortaleza
maconha	NOUN	1	323	7	PF prende mulher portando 14 kg de maconha no Aeroporto de Fortaleza
no	ADP	0	323	8	PF prende mulher portando 14 kg de maconha no Aeroporto de Fortaleza
Aeroporto	PROPN	0	323	9	PF prende mulher portando 14 kg de maconha no Aeroporto de Fortaleza
de	ADP	0	323	10	PF prende mulher portando 14 kg de maconha no Aeroporto de Fortaleza
Fortaleza	PROPN	0	323	11	PF prende mulher portando 14 kg de maconha no Aeroporto de Fortaleza
PF	PROPN	1	324	0	PF prende duas pessoas por invadir terras públicas no Mato Grosso
prende	VERB	1	324	1	PF prende duas pessoas por invadir terras públicas no Mato Grosso
duas	NUM	0	324	2	PF prende duas pessoas por invadir terras públicas no Mato Grosso
pessoas	NOUN	0	324	3	PF prende duas pessoas por invadir terras públicas no Mato Grosso
por	SCONJ	0	324	4	PF prende duas pessoas por invadir terras públicas no Mato Grosso
invadir	VERB	0	324	5	PF prende duas pessoas por invadir terras públicas no Mato Grosso
terras	NOUN	0	324	6	PF prende duas pessoas por invadir terras públicas no Mato Grosso
públicas	ADJ	0	324	7	PF prende duas pessoas por invadir terras públicas no Mato Grosso
no	ADP	0	324	8	PF prende duas pessoas por invadir terras públicas no Mato Grosso
Mato	PROPN	0	324	9	PF prende duas pessoas por invadir terras públicas no Mato Grosso
Grosso	PROPN	0	324	10	PF prende duas pessoas por invadir terras públicas no Mato Grosso
PF	PROPN	1	325	0	PF combate o tráfico de drogas e a lavagem de dinheiro em Sergipe
combate	VERB	0	325	1	PF combate o tráfico de drogas e a lavagem de dinheiro em Sergipe
o	DET	0	325	2	PF combate o tráfico de drogas e a lavagem de dinheiro em Sergipe
tráfico	NOUN	0	325	3	PF combate o tráfico de drogas e a lavagem de dinheiro em Sergipe
de	ADP	0	325	4	PF combate o tráfico de drogas e a lavagem de dinheiro em Sergipe
drogas	NOUN	0	325	5	PF combate o tráfico de drogas e a lavagem de dinheiro em Sergipe
e	CCONJ	0	325	6	PF combate o tráfico de drogas e a lavagem de dinheiro em Sergipe
a	DET	0	325	7	PF combate o tráfico de drogas e a lavagem de dinheiro em Sergipe
lavagem	NOUN	0	325	8	PF combate o tráfico de drogas e a lavagem de dinheiro em Sergipe
de	ADP	0	325	9	PF combate o tráfico de drogas e a lavagem de dinheiro em Sergipe
dinheiro	NOUN	0	325	10	PF combate o tráfico de drogas e a lavagem de dinheiro em Sergipe
em	ADP	0	325	11	PF combate o tráfico de drogas e a lavagem de dinheiro em Sergipe
Sergipe	PROPN	0	325	12	PF combate o tráfico de drogas e a lavagem de dinheiro em Sergipe
PF	PROPN	1	326	0	PF encerra atividade de rádio clandestina em Nova Xavantina MT
encerra	VERB	0	326	1	PF encerra atividade de rádio clandestina em Nova Xavantina MT
atividade	NOUN	0	326	2	PF encerra atividade de rádio clandestina em Nova Xavantina MT
de	ADP	0	326	3	PF encerra atividade de rádio clandestina em Nova Xavantina MT
rádio	NOUN	0	326	4	PF encerra atividade de rádio clandestina em Nova Xavantina MT
clandestina	ADJ	1	326	5	PF encerra atividade de rádio clandestina em Nova Xavantina MT
em	ADP	0	326	6	PF encerra atividade de rádio clandestina em Nova Xavantina MT
Nova	PROPN	0	326	7	PF encerra atividade de rádio clandestina em Nova Xavantina MT
Xavantina	PROPN	1	326	8	PF encerra atividade de rádio clandestina em Nova Xavantina MT
MT	PROPN	1	326	9	PF encerra atividade de rádio clandestina em Nova Xavantina MT
PF	PROPN	1	327	0	PF deflagra Operação Argos para investigar desvios de dinheiro público em contratos de cerca de R 10 milhões em Pacaraima RR
deflagra	VERB	1	327	1	PF deflagra Operação Argos para investigar desvios de dinheiro público em contratos de cerca de R 10 milhões em Pacaraima RR
Operação	PROPN	0	327	2	PF deflagra Operação Argos para investigar desvios de dinheiro público em contratos de cerca de R 10 milhões em Pacaraima RR
Argos	PROPN	1	327	3	PF deflagra Operação Argos para investigar desvios de dinheiro público em contratos de cerca de R 10 milhões em Pacaraima RR
para	SCONJ	0	327	4	PF deflagra Operação Argos para investigar desvios de dinheiro público em contratos de cerca de R 10 milhões em Pacaraima RR
investigar	VERB	0	327	5	PF deflagra Operação Argos para investigar desvios de dinheiro público em contratos de cerca de R 10 milhões em Pacaraima RR
desvios	NOUN	1	327	6	PF deflagra Operação Argos para investigar desvios de dinheiro público em contratos de cerca de R 10 milhões em Pacaraima RR
de	ADP	0	327	7	PF deflagra Operação Argos para investigar desvios de dinheiro público em contratos de cerca de R 10 milhões em Pacaraima RR
dinheiro	NOUN	0	327	8	PF deflagra Operação Argos para investigar desvios de dinheiro público em contratos de cerca de R 10 milhões em Pacaraima RR
público	ADJ	0	327	9	PF deflagra Operação Argos para investigar desvios de dinheiro público em contratos de cerca de R 10 milhões em Pacaraima RR
em	ADP	0	327	10	PF deflagra Operação Argos para investigar desvios de dinheiro público em contratos de cerca de R 10 milhões em Pacaraima RR
contratos	NOUN	0	327	11	PF deflagra Operação Argos para investigar desvios de dinheiro público em contratos de cerca de R 10 milhões em Pacaraima RR
de	ADP	0	327	12	PF deflagra Operação Argos para investigar desvios de dinheiro público em contratos de cerca de R 10 milhões em Pacaraima RR
cerca	ADV	0	327	13	PF deflagra Operação Argos para investigar desvios de dinheiro público em contratos de cerca de R 10 milhões em Pacaraima RR
de	ADP	0	327	14	PF deflagra Operação Argos para investigar desvios de dinheiro público em contratos de cerca de R 10 milhões em Pacaraima RR
R	SYM	0	327	15	PF deflagra Operação Argos para investigar desvios de dinheiro público em contratos de cerca de R 10 milhões em Pacaraima RR
10	NUM	0	327	16	PF deflagra Operação Argos para investigar desvios de dinheiro público em contratos de cerca de R 10 milhões em Pacaraima RR
milhões	NUM	0	327	17	PF deflagra Operação Argos para investigar desvios de dinheiro público em contratos de cerca de R 10 milhões em Pacaraima RR
em	ADP	0	327	18	PF deflagra Operação Argos para investigar desvios de dinheiro público em contratos de cerca de R 10 milhões em Pacaraima RR
Pacaraima	PROPN	1	327	19	PF deflagra Operação Argos para investigar desvios de dinheiro público em contratos de cerca de R 10 milhões em Pacaraima RR
RR	PROPN	1	327	20	PF deflagra Operação Argos para investigar desvios de dinheiro público em contratos de cerca de R 10 milhões em Pacaraima RR
PF	PROPN	1	328	0	PF viabiliza a travessia de tripulantes terrestres detidos em fronteira entre Brasil e Peru
viabiliza	VERB	1	328	1	PF viabiliza a travessia de tripulantes terrestres detidos em fronteira entre Brasil e Peru
a	DET	0	328	2	PF viabiliza a travessia de tripulantes terrestres detidos em fronteira entre Brasil e Peru
travessia	NOUN	0	328	3	PF viabiliza a travessia de tripulantes terrestres detidos em fronteira entre Brasil e Peru
de	ADP	0	328	4	PF viabiliza a travessia de tripulantes terrestres detidos em fronteira entre Brasil e Peru
tripulantes	NOUN	0	328	5	PF viabiliza a travessia de tripulantes terrestres detidos em fronteira entre Brasil e Peru
terrestres	ADJ	0	328	6	PF viabiliza a travessia de tripulantes terrestres detidos em fronteira entre Brasil e Peru
detidos	VERB	1	328	7	PF viabiliza a travessia de tripulantes terrestres detidos em fronteira entre Brasil e Peru
em	ADP	0	328	8	PF viabiliza a travessia de tripulantes terrestres detidos em fronteira entre Brasil e Peru
fronteira	NOUN	0	328	9	PF viabiliza a travessia de tripulantes terrestres detidos em fronteira entre Brasil e Peru
entre	ADP	0	328	10	PF viabiliza a travessia de tripulantes terrestres detidos em fronteira entre Brasil e Peru
Brasil	PROPN	0	328	11	PF viabiliza a travessia de tripulantes terrestres detidos em fronteira entre Brasil e Peru
e	CCONJ	0	328	12	PF viabiliza a travessia de tripulantes terrestres detidos em fronteira entre Brasil e Peru
Peru	PROPN	0	328	13	PF viabiliza a travessia de tripulantes terrestres detidos em fronteira entre Brasil e Peru
PF	PROPN	1	329	0	PF combate disseminação de pornografia infantojuvenil pela internet
combate	VERB	0	329	1	PF combate disseminação de pornografia infantojuvenil pela internet
disseminação	NOUN	1	329	2	PF combate disseminação de pornografia infantojuvenil pela internet
de	ADP	0	329	3	PF combate disseminação de pornografia infantojuvenil pela internet
pornografia	NOUN	1	329	4	PF combate disseminação de pornografia infantojuvenil pela internet
infantojuvenil	ADJ	1	329	5	PF combate disseminação de pornografia infantojuvenil pela internet
pela	ADP	0	329	6	PF combate disseminação de pornografia infantojuvenil pela internet
internet	PROPN	0	329	7	PF combate disseminação de pornografia infantojuvenil pela internet
Polícia	PROPN	0	330	0	Polícia Federal prende no Ceará homem foragido do Sistema Prisional do RN
Federal	PROPN	0	330	1	Polícia Federal prende no Ceará homem foragido do Sistema Prisional do RN
prende	VERB	1	330	2	Polícia Federal prende no Ceará homem foragido do Sistema Prisional do RN
no	ADP	0	330	3	Polícia Federal prende no Ceará homem foragido do Sistema Prisional do RN
Ceará	PROPN	0	330	4	Polícia Federal prende no Ceará homem foragido do Sistema Prisional do RN
homem	NOUN	0	330	5	Polícia Federal prende no Ceará homem foragido do Sistema Prisional do RN
foragido	ADJ	1	330	6	Polícia Federal prende no Ceará homem foragido do Sistema Prisional do RN
do	ADP	0	330	7	Polícia Federal prende no Ceará homem foragido do Sistema Prisional do RN
Sistema	PROPN	0	330	8	Polícia Federal prende no Ceará homem foragido do Sistema Prisional do RN
Prisional	PROPN	1	330	9	Polícia Federal prende no Ceará homem foragido do Sistema Prisional do RN
do	ADP	0	330	10	Polícia Federal prende no Ceará homem foragido do Sistema Prisional do RN
RN	PROPN	1	330	11	Polícia Federal prende no Ceará homem foragido do Sistema Prisional do RN
Polícia	PROPN	0	331	0	Polícia Federal combate fraude à licitação no Amapá
Federal	PROPN	0	331	1	Polícia Federal combate fraude à licitação no Amapá
combate	VERB	0	331	2	Polícia Federal combate fraude à licitação no Amapá
fraude	NOUN	0	331	3	Polícia Federal combate fraude à licitação no Amapá
à	ADP	0	331	4	Polícia Federal combate fraude à licitação no Amapá
licitação	NOUN	1	331	5	Polícia Federal combate fraude à licitação no Amapá
no	ADP	0	331	6	Polícia Federal combate fraude à licitação no Amapá
Amapá	PROPN	0	331	7	Polícia Federal combate fraude à licitação no Amapá
PF	PROPN	1	332	0	PF combate crime de evasão de divisas no Acre
combate	VERB	0	332	1	PF combate crime de evasão de divisas no Acre
crime	NOUN	0	332	2	PF combate crime de evasão de divisas no Acre
de	ADP	0	332	3	PF combate crime de evasão de divisas no Acre
evasão	NOUN	1	332	4	PF combate crime de evasão de divisas no Acre
de	ADP	0	332	5	PF combate crime de evasão de divisas no Acre
divisas	NOUN	1	332	6	PF combate crime de evasão de divisas no Acre
no	ADP	0	332	7	PF combate crime de evasão de divisas no Acre
Acre	PROPN	0	332	8	PF combate crime de evasão de divisas no Acre
PF	PROPN	1	333	0	PF apreende agasalhos recheados com cocaína
apreende	VERB	1	333	1	PF apreende agasalhos recheados com cocaína
agasalhos	NOUN	1	333	2	PF apreende agasalhos recheados com cocaína
recheados	VERB	1	333	3	PF apreende agasalhos recheados com cocaína
com	ADP	0	333	4	PF apreende agasalhos recheados com cocaína
cocaína	NOUN	1	333	5	PF apreende agasalhos recheados com cocaína
PF	PROPN	1	334	0	PF combate tráfico de armas em Oiapoque AP
combate	VERB	0	334	1	PF combate tráfico de armas em Oiapoque AP
tráfico	NOUN	0	334	2	PF combate tráfico de armas em Oiapoque AP
de	ADP	0	334	3	PF combate tráfico de armas em Oiapoque AP
armas	NOUN	0	334	4	PF combate tráfico de armas em Oiapoque AP
em	ADP	0	334	5	PF combate tráfico de armas em Oiapoque AP
Oiapoque	PROPN	1	334	6	PF combate tráfico de armas em Oiapoque AP
AP	PROPN	0	334	7	PF combate tráfico de armas em Oiapoque AP
PF	PROPN	1	335	0	PF , em ação conjunta com a Receita , apreende mais de 45 kg de cocaína
,	PUNCT	0	335	1	PF , em ação conjunta com a Receita , apreende mais de 45 kg de cocaína
em	ADP	0	335	2	PF , em ação conjunta com a Receita , apreende mais de 45 kg de cocaína
ação	NOUN	0	335	3	PF , em ação conjunta com a Receita , apreende mais de 45 kg de cocaína
conjunta	ADJ	0	335	4	PF , em ação conjunta com a Receita , apreende mais de 45 kg de cocaína
com	ADP	0	335	5	PF , em ação conjunta com a Receita , apreende mais de 45 kg de cocaína
a	DET	0	335	6	PF , em ação conjunta com a Receita , apreende mais de 45 kg de cocaína
Receita	NOUN	1	335	7	PF , em ação conjunta com a Receita , apreende mais de 45 kg de cocaína
,	PUNCT	0	335	8	PF , em ação conjunta com a Receita , apreende mais de 45 kg de cocaína
apreende	VERB	1	335	9	PF , em ação conjunta com a Receita , apreende mais de 45 kg de cocaína
mais	ADV	0	335	10	PF , em ação conjunta com a Receita , apreende mais de 45 kg de cocaína
de	ADP	0	335	11	PF , em ação conjunta com a Receita , apreende mais de 45 kg de cocaína
45	NUM	0	335	12	PF , em ação conjunta com a Receita , apreende mais de 45 kg de cocaína
kg	NOUN	0	335	13	PF , em ação conjunta com a Receita , apreende mais de 45 kg de cocaína
de	ADP	0	335	14	PF , em ação conjunta com a Receita , apreende mais de 45 kg de cocaína
cocaína	NOUN	1	335	15	PF , em ação conjunta com a Receita , apreende mais de 45 kg de cocaína
Polícia	PROPN	0	336	0	Polícia Federal comemora 77 anos
Federal	PROPN	0	336	1	Polícia Federal comemora 77 anos
comemora	VERB	1	336	2	Polícia Federal comemora 77 anos
77	NUM	0	336	3	Polícia Federal comemora 77 anos
anos	NOUN	0	336	4	Polícia Federal comemora 77 anos
Polícia	PROPN	0	337	0	Polícia Federal combate extração ilegal de minério
Federal	PROPN	0	337	1	Polícia Federal combate extração ilegal de minério
combate	VERB	0	337	2	Polícia Federal combate extração ilegal de minério
extração	NOUN	0	337	3	Polícia Federal combate extração ilegal de minério
ilegal	ADJ	0	337	4	Polícia Federal combate extração ilegal de minério
de	ADP	0	337	5	Polícia Federal combate extração ilegal de minério
minério	NOUN	0	337	6	Polícia Federal combate extração ilegal de minério
PF	PROPN	1	338	0	PF apura suposta importação de vacinas contra covid - 19
apura	VERB	0	338	1	PF apura suposta importação de vacinas contra covid - 19
suposta	ADJ	0	338	2	PF apura suposta importação de vacinas contra covid - 19
importação	NOUN	0	338	3	PF apura suposta importação de vacinas contra covid - 19
de	ADP	0	338	4	PF apura suposta importação de vacinas contra covid - 19
vacinas	NOUN	1	338	5	PF apura suposta importação de vacinas contra covid - 19
contra	ADP	0	338	6	PF apura suposta importação de vacinas contra covid - 19
covid	NOUN	1	338	7	PF apura suposta importação de vacinas contra covid - 19
-	PUNCT	0	338	8	PF apura suposta importação de vacinas contra covid - 19
19	NUM	0	338	9	PF apura suposta importação de vacinas contra covid - 19
Polícia	PROPN	0	339	0	Polícia Federal e Receita Federal apreendem 3 , 5 quilos de skunk na fronteira com o Uruguai
Federal	PROPN	0	339	1	Polícia Federal e Receita Federal apreendem 3 , 5 quilos de skunk na fronteira com o Uruguai
e	CCONJ	0	339	2	Polícia Federal e Receita Federal apreendem 3 , 5 quilos de skunk na fronteira com o Uruguai
Receita	PROPN	1	339	3	Polícia Federal e Receita Federal apreendem 3 , 5 quilos de skunk na fronteira com o Uruguai
Federal	PROPN	0	339	4	Polícia Federal e Receita Federal apreendem 3 , 5 quilos de skunk na fronteira com o Uruguai
apreendem	VERB	1	339	5	Polícia Federal e Receita Federal apreendem 3 , 5 quilos de skunk na fronteira com o Uruguai
3	NUM	0	339	6	Polícia Federal e Receita Federal apreendem 3 , 5 quilos de skunk na fronteira com o Uruguai
,	PUNCT	0	339	7	Polícia Federal e Receita Federal apreendem 3 , 5 quilos de skunk na fronteira com o Uruguai
5	NUM	0	339	8	Polícia Federal e Receita Federal apreendem 3 , 5 quilos de skunk na fronteira com o Uruguai
quilos	NOUN	1	339	9	Polícia Federal e Receita Federal apreendem 3 , 5 quilos de skunk na fronteira com o Uruguai
de	ADP	0	339	10	Polícia Federal e Receita Federal apreendem 3 , 5 quilos de skunk na fronteira com o Uruguai
skunk	NOUN	1	339	11	Polícia Federal e Receita Federal apreendem 3 , 5 quilos de skunk na fronteira com o Uruguai
na	ADP	0	339	12	Polícia Federal e Receita Federal apreendem 3 , 5 quilos de skunk na fronteira com o Uruguai
fronteira	NOUN	0	339	13	Polícia Federal e Receita Federal apreendem 3 , 5 quilos de skunk na fronteira com o Uruguai
com	ADP	0	339	14	Polícia Federal e Receita Federal apreendem 3 , 5 quilos de skunk na fronteira com o Uruguai
o	DET	0	339	15	Polícia Federal e Receita Federal apreendem 3 , 5 quilos de skunk na fronteira com o Uruguai
Uruguai	PROPN	0	339	16	Polícia Federal e Receita Federal apreendem 3 , 5 quilos de skunk na fronteira com o Uruguai
Polícia	PROPN	0	340	0	Polícia Federal deflagra Operação Caixa 38
Federal	PROPN	0	340	1	Polícia Federal deflagra Operação Caixa 38
deflagra	VERB	1	340	2	Polícia Federal deflagra Operação Caixa 38
Operação	NOUN	0	340	3	Polícia Federal deflagra Operação Caixa 38
Caixa	PROPN	0	340	4	Polícia Federal deflagra Operação Caixa 38
38	PROPN	0	340	5	Polícia Federal deflagra Operação Caixa 38
Policiais	NOUN	1	341	0	Policiais apreendem veículo carregado com cigarros em Itaipulândia PR
apreendem	VERB	1	341	1	Policiais apreendem veículo carregado com cigarros em Itaipulândia PR
veículo	NOUN	0	341	2	Policiais apreendem veículo carregado com cigarros em Itaipulândia PR
carregado	VERB	0	341	3	Policiais apreendem veículo carregado com cigarros em Itaipulândia PR
com	ADP	0	341	4	Policiais apreendem veículo carregado com cigarros em Itaipulândia PR
cigarros	NOUN	1	341	5	Policiais apreendem veículo carregado com cigarros em Itaipulândia PR
em	ADP	0	341	6	Policiais apreendem veículo carregado com cigarros em Itaipulândia PR
Itaipulândia	PROPN	1	341	7	Policiais apreendem veículo carregado com cigarros em Itaipulândia PR
PR	PROPN	0	341	8	Policiais apreendem veículo carregado com cigarros em Itaipulândia PR
Policiais	NOUN	1	342	0	Policiais federais e policiais militares do BPFRON prendem indivíduo em flagrante por contrabando , em Medianeira PR
federais	ADJ	0	342	1	Policiais federais e policiais militares do BPFRON prendem indivíduo em flagrante por contrabando , em Medianeira PR
e	CCONJ	0	342	2	Policiais federais e policiais militares do BPFRON prendem indivíduo em flagrante por contrabando , em Medianeira PR
policiais	NOUN	0	342	3	Policiais federais e policiais militares do BPFRON prendem indivíduo em flagrante por contrabando , em Medianeira PR
militares	ADJ	0	342	4	Policiais federais e policiais militares do BPFRON prendem indivíduo em flagrante por contrabando , em Medianeira PR
do	ADP	0	342	5	Policiais federais e policiais militares do BPFRON prendem indivíduo em flagrante por contrabando , em Medianeira PR
BPFRON	PROPN	1	342	6	Policiais federais e policiais militares do BPFRON prendem indivíduo em flagrante por contrabando , em Medianeira PR
prendem	VERB	1	342	7	Policiais federais e policiais militares do BPFRON prendem indivíduo em flagrante por contrabando , em Medianeira PR
indivíduo	NOUN	0	342	8	Policiais federais e policiais militares do BPFRON prendem indivíduo em flagrante por contrabando , em Medianeira PR
em	ADP	0	342	9	Policiais federais e policiais militares do BPFRON prendem indivíduo em flagrante por contrabando , em Medianeira PR
flagrante	NOUN	1	342	10	Policiais federais e policiais militares do BPFRON prendem indivíduo em flagrante por contrabando , em Medianeira PR
por	ADP	0	342	11	Policiais federais e policiais militares do BPFRON prendem indivíduo em flagrante por contrabando , em Medianeira PR
contrabando	NOUN	1	342	12	Policiais federais e policiais militares do BPFRON prendem indivíduo em flagrante por contrabando , em Medianeira PR
,	PUNCT	0	342	13	Policiais federais e policiais militares do BPFRON prendem indivíduo em flagrante por contrabando , em Medianeira PR
em	ADP	0	342	14	Policiais federais e policiais militares do BPFRON prendem indivíduo em flagrante por contrabando , em Medianeira PR
Medianeira	PROPN	1	342	15	Policiais federais e policiais militares do BPFRON prendem indivíduo em flagrante por contrabando , em Medianeira PR
PR	PROPN	0	342	16	Policiais federais e policiais militares do BPFRON prendem indivíduo em flagrante por contrabando , em Medianeira PR
Polícia	PROPN	0	343	0	Polícia Federal participa de ação internacional que resultou na apreensão de 6 toneladas de cocaína
Federal	PROPN	0	343	1	Polícia Federal participa de ação internacional que resultou na apreensão de 6 toneladas de cocaína
participa	VERB	0	343	2	Polícia Federal participa de ação internacional que resultou na apreensão de 6 toneladas de cocaína
de	ADP	0	343	3	Polícia Federal participa de ação internacional que resultou na apreensão de 6 toneladas de cocaína
ação	NOUN	0	343	4	Polícia Federal participa de ação internacional que resultou na apreensão de 6 toneladas de cocaína
internacional	ADJ	0	343	5	Polícia Federal participa de ação internacional que resultou na apreensão de 6 toneladas de cocaína
que	PRON	0	343	6	Polícia Federal participa de ação internacional que resultou na apreensão de 6 toneladas de cocaína
resultou	VERB	0	343	7	Polícia Federal participa de ação internacional que resultou na apreensão de 6 toneladas de cocaína
na	ADP	0	343	8	Polícia Federal participa de ação internacional que resultou na apreensão de 6 toneladas de cocaína
apreensão	NOUN	1	343	9	Polícia Federal participa de ação internacional que resultou na apreensão de 6 toneladas de cocaína
de	ADP	0	343	10	Polícia Federal participa de ação internacional que resultou na apreensão de 6 toneladas de cocaína
6	NUM	0	343	11	Polícia Federal participa de ação internacional que resultou na apreensão de 6 toneladas de cocaína
toneladas	NOUN	0	343	12	Polícia Federal participa de ação internacional que resultou na apreensão de 6 toneladas de cocaína
de	ADP	0	343	13	Polícia Federal participa de ação internacional que resultou na apreensão de 6 toneladas de cocaína
cocaína	NOUN	1	343	14	Polícia Federal participa de ação internacional que resultou na apreensão de 6 toneladas de cocaína
PF	PROPN	1	344	0	PF apreende cerca de 4 , 5 mil maços de cigarros de origem paraguaia
apreende	VERB	1	344	1	PF apreende cerca de 4 , 5 mil maços de cigarros de origem paraguaia
cerca	ADV	0	344	2	PF apreende cerca de 4 , 5 mil maços de cigarros de origem paraguaia
de	ADP	0	344	3	PF apreende cerca de 4 , 5 mil maços de cigarros de origem paraguaia
4	NUM	0	344	4	PF apreende cerca de 4 , 5 mil maços de cigarros de origem paraguaia
,	PUNCT	0	344	5	PF apreende cerca de 4 , 5 mil maços de cigarros de origem paraguaia
5	NUM	0	344	6	PF apreende cerca de 4 , 5 mil maços de cigarros de origem paraguaia
mil	NUM	0	344	7	PF apreende cerca de 4 , 5 mil maços de cigarros de origem paraguaia
maços	NOUN	1	344	8	PF apreende cerca de 4 , 5 mil maços de cigarros de origem paraguaia
de	ADP	0	344	9	PF apreende cerca de 4 , 5 mil maços de cigarros de origem paraguaia
cigarros	NOUN	1	344	10	PF apreende cerca de 4 , 5 mil maços de cigarros de origem paraguaia
de	ADP	0	344	11	PF apreende cerca de 4 , 5 mil maços de cigarros de origem paraguaia
origem	NOUN	0	344	12	PF apreende cerca de 4 , 5 mil maços de cigarros de origem paraguaia
paraguaia	ADJ	1	344	13	PF apreende cerca de 4 , 5 mil maços de cigarros de origem paraguaia
Polícia	PROPN	0	345	0	Polícia Federal participa de visita técnica ao Porto de Cabedelo PB
Federal	PROPN	0	345	1	Polícia Federal participa de visita técnica ao Porto de Cabedelo PB
participa	VERB	0	345	2	Polícia Federal participa de visita técnica ao Porto de Cabedelo PB
de	ADP	0	345	3	Polícia Federal participa de visita técnica ao Porto de Cabedelo PB
visita	NOUN	0	345	4	Polícia Federal participa de visita técnica ao Porto de Cabedelo PB
técnica	ADJ	0	345	5	Polícia Federal participa de visita técnica ao Porto de Cabedelo PB
ao	ADP	0	345	6	Polícia Federal participa de visita técnica ao Porto de Cabedelo PB
Porto	PROPN	0	345	7	Polícia Federal participa de visita técnica ao Porto de Cabedelo PB
de	ADP	0	345	8	Polícia Federal participa de visita técnica ao Porto de Cabedelo PB
Cabedelo	PROPN	1	345	9	Polícia Federal participa de visita técnica ao Porto de Cabedelo PB
PB	PROPN	1	345	10	Polícia Federal participa de visita técnica ao Porto de Cabedelo PB
Polícia	PROPN	0	346	0	Polícia Federal apreende cigarros contrabandeados na fronteira com o Paraguai
Federal	PROPN	0	346	1	Polícia Federal apreende cigarros contrabandeados na fronteira com o Paraguai
apreende	VERB	1	346	2	Polícia Federal apreende cigarros contrabandeados na fronteira com o Paraguai
cigarros	NOUN	1	346	3	Polícia Federal apreende cigarros contrabandeados na fronteira com o Paraguai
contrabandeados	VERB	1	346	4	Polícia Federal apreende cigarros contrabandeados na fronteira com o Paraguai
na	ADP	0	346	5	Polícia Federal apreende cigarros contrabandeados na fronteira com o Paraguai
fronteira	NOUN	0	346	6	Polícia Federal apreende cigarros contrabandeados na fronteira com o Paraguai
com	ADP	0	346	7	Polícia Federal apreende cigarros contrabandeados na fronteira com o Paraguai
o	DET	0	346	8	Polícia Federal apreende cigarros contrabandeados na fronteira com o Paraguai
Paraguai	PROPN	0	346	9	Polícia Federal apreende cigarros contrabandeados na fronteira com o Paraguai
Polícia	PROPN	0	347	0	Polícia Federal desarticula grupo criminoso responsável por falsa oferta de venda de vacinas para o Ministério da Saúde
Federal	PROPN	0	347	1	Polícia Federal desarticula grupo criminoso responsável por falsa oferta de venda de vacinas para o Ministério da Saúde
desarticula	VERB	1	347	2	Polícia Federal desarticula grupo criminoso responsável por falsa oferta de venda de vacinas para o Ministério da Saúde
grupo	NOUN	0	347	3	Polícia Federal desarticula grupo criminoso responsável por falsa oferta de venda de vacinas para o Ministério da Saúde
criminoso	ADJ	0	347	4	Polícia Federal desarticula grupo criminoso responsável por falsa oferta de venda de vacinas para o Ministério da Saúde
responsável	ADJ	0	347	5	Polícia Federal desarticula grupo criminoso responsável por falsa oferta de venda de vacinas para o Ministério da Saúde
por	ADP	0	347	6	Polícia Federal desarticula grupo criminoso responsável por falsa oferta de venda de vacinas para o Ministério da Saúde
falsa	ADJ	0	347	7	Polícia Federal desarticula grupo criminoso responsável por falsa oferta de venda de vacinas para o Ministério da Saúde
oferta	NOUN	0	347	8	Polícia Federal desarticula grupo criminoso responsável por falsa oferta de venda de vacinas para o Ministério da Saúde
de	ADP	0	347	9	Polícia Federal desarticula grupo criminoso responsável por falsa oferta de venda de vacinas para o Ministério da Saúde
venda	NOUN	0	347	10	Polícia Federal desarticula grupo criminoso responsável por falsa oferta de venda de vacinas para o Ministério da Saúde
de	ADP	0	347	11	Polícia Federal desarticula grupo criminoso responsável por falsa oferta de venda de vacinas para o Ministério da Saúde
vacinas	NOUN	1	347	12	Polícia Federal desarticula grupo criminoso responsável por falsa oferta de venda de vacinas para o Ministério da Saúde
para	ADP	0	347	13	Polícia Federal desarticula grupo criminoso responsável por falsa oferta de venda de vacinas para o Ministério da Saúde
o	DET	0	347	14	Polícia Federal desarticula grupo criminoso responsável por falsa oferta de venda de vacinas para o Ministério da Saúde
Ministério	PROPN	0	347	15	Polícia Federal desarticula grupo criminoso responsável por falsa oferta de venda de vacinas para o Ministério da Saúde
da	ADP	0	347	16	Polícia Federal desarticula grupo criminoso responsável por falsa oferta de venda de vacinas para o Ministério da Saúde
Saúde	PROPN	0	347	17	Polícia Federal desarticula grupo criminoso responsável por falsa oferta de venda de vacinas para o Ministério da Saúde
Policiais	NOUN	1	348	0	Policiais apreendem caminhão carregado com cigarros e duas embarcações em Santa Helena PR
apreendem	VERB	1	348	1	Policiais apreendem caminhão carregado com cigarros e duas embarcações em Santa Helena PR
caminhão	NOUN	0	348	2	Policiais apreendem caminhão carregado com cigarros e duas embarcações em Santa Helena PR
carregado	VERB	0	348	3	Policiais apreendem caminhão carregado com cigarros e duas embarcações em Santa Helena PR
com	ADP	0	348	4	Policiais apreendem caminhão carregado com cigarros e duas embarcações em Santa Helena PR
cigarros	NOUN	1	348	5	Policiais apreendem caminhão carregado com cigarros e duas embarcações em Santa Helena PR
e	CCONJ	0	348	6	Policiais apreendem caminhão carregado com cigarros e duas embarcações em Santa Helena PR
duas	NUM	0	348	7	Policiais apreendem caminhão carregado com cigarros e duas embarcações em Santa Helena PR
embarcações	NOUN	0	348	8	Policiais apreendem caminhão carregado com cigarros e duas embarcações em Santa Helena PR
em	ADP	0	348	9	Policiais apreendem caminhão carregado com cigarros e duas embarcações em Santa Helena PR
Santa	PROPN	0	348	10	Policiais apreendem caminhão carregado com cigarros e duas embarcações em Santa Helena PR
Helena	PROPN	0	348	11	Policiais apreendem caminhão carregado com cigarros e duas embarcações em Santa Helena PR
PR	PROPN	0	348	12	Policiais apreendem caminhão carregado com cigarros e duas embarcações em Santa Helena PR
Polícia	PROPN	0	349	0	Polícia Federal deflagra Operação Ianomâmi 709 de combate o garimpo ilegal em Roraima
Federal	PROPN	0	349	1	Polícia Federal deflagra Operação Ianomâmi 709 de combate o garimpo ilegal em Roraima
deflagra	VERB	1	349	2	Polícia Federal deflagra Operação Ianomâmi 709 de combate o garimpo ilegal em Roraima
Operação	NOUN	0	349	3	Polícia Federal deflagra Operação Ianomâmi 709 de combate o garimpo ilegal em Roraima
Ianomâmi	PROPN	1	349	4	Polícia Federal deflagra Operação Ianomâmi 709 de combate o garimpo ilegal em Roraima
709	NUM	1	349	5	Polícia Federal deflagra Operação Ianomâmi 709 de combate o garimpo ilegal em Roraima
de	ADP	0	349	6	Polícia Federal deflagra Operação Ianomâmi 709 de combate o garimpo ilegal em Roraima
combate	NOUN	0	349	7	Polícia Federal deflagra Operação Ianomâmi 709 de combate o garimpo ilegal em Roraima
o	DET	0	349	8	Polícia Federal deflagra Operação Ianomâmi 709 de combate o garimpo ilegal em Roraima
garimpo	NOUN	1	349	9	Polícia Federal deflagra Operação Ianomâmi 709 de combate o garimpo ilegal em Roraima
ilegal	ADJ	0	349	10	Polícia Federal deflagra Operação Ianomâmi 709 de combate o garimpo ilegal em Roraima
em	ADP	0	349	11	Polícia Federal deflagra Operação Ianomâmi 709 de combate o garimpo ilegal em Roraima
Roraima	PROPN	0	349	12	Polícia Federal deflagra Operação Ianomâmi 709 de combate o garimpo ilegal em Roraima
PF	PROPN	1	350	0	PF prende no Brasil um dos criminosos mais procurados do Paraguai
prende	VERB	1	350	1	PF prende no Brasil um dos criminosos mais procurados do Paraguai
no	ADP	0	350	2	PF prende no Brasil um dos criminosos mais procurados do Paraguai
Brasil	PROPN	0	350	3	PF prende no Brasil um dos criminosos mais procurados do Paraguai
um	NUM	0	350	4	PF prende no Brasil um dos criminosos mais procurados do Paraguai
dos	ADP	0	350	5	PF prende no Brasil um dos criminosos mais procurados do Paraguai
criminosos	NOUN	0	350	6	PF prende no Brasil um dos criminosos mais procurados do Paraguai
mais	ADV	0	350	7	PF prende no Brasil um dos criminosos mais procurados do Paraguai
procurados	VERB	1	350	8	PF prende no Brasil um dos criminosos mais procurados do Paraguai
do	ADP	0	350	9	PF prende no Brasil um dos criminosos mais procurados do Paraguai
Paraguai	PROPN	0	350	10	PF prende no Brasil um dos criminosos mais procurados do Paraguai
Polícia	PROPN	0	351	0	Polícia Federal deflagra operação para combater falsificação de dinheiro em onze Estados
Federal	PROPN	0	351	1	Polícia Federal deflagra operação para combater falsificação de dinheiro em onze Estados
deflagra	VERB	1	351	2	Polícia Federal deflagra operação para combater falsificação de dinheiro em onze Estados
operação	NOUN	0	351	3	Polícia Federal deflagra operação para combater falsificação de dinheiro em onze Estados
para	SCONJ	0	351	4	Polícia Federal deflagra operação para combater falsificação de dinheiro em onze Estados
combater	VERB	0	351	5	Polícia Federal deflagra operação para combater falsificação de dinheiro em onze Estados
falsificação	NOUN	1	351	6	Polícia Federal deflagra operação para combater falsificação de dinheiro em onze Estados
de	ADP	0	351	7	Polícia Federal deflagra operação para combater falsificação de dinheiro em onze Estados
dinheiro	NOUN	0	351	8	Polícia Federal deflagra operação para combater falsificação de dinheiro em onze Estados
em	ADP	0	351	9	Polícia Federal deflagra operação para combater falsificação de dinheiro em onze Estados
onze	NUM	0	351	10	Polícia Federal deflagra operação para combater falsificação de dinheiro em onze Estados
Estados	NOUN	0	351	11	Polícia Federal deflagra operação para combater falsificação de dinheiro em onze Estados
Polícia	PROPN	0	352	0	Polícia Federal participa da Operação Trigger VI promovida pela INTERPOL
Federal	PROPN	0	352	1	Polícia Federal participa da Operação Trigger VI promovida pela INTERPOL
participa	VERB	0	352	2	Polícia Federal participa da Operação Trigger VI promovida pela INTERPOL
da	ADP	0	352	3	Polícia Federal participa da Operação Trigger VI promovida pela INTERPOL
Operação	PROPN	0	352	4	Polícia Federal participa da Operação Trigger VI promovida pela INTERPOL
Trigger	PROPN	1	352	5	Polícia Federal participa da Operação Trigger VI promovida pela INTERPOL
VI	PROPN	0	352	6	Polícia Federal participa da Operação Trigger VI promovida pela INTERPOL
promovida	VERB	0	352	7	Polícia Federal participa da Operação Trigger VI promovida pela INTERPOL
pela	ADP	0	352	8	Polícia Federal participa da Operação Trigger VI promovida pela INTERPOL
INTERPOL	PROPN	1	352	9	Polícia Federal participa da Operação Trigger VI promovida pela INTERPOL
PF	PROPN	1	353	0	PF e BPFRON PMPR prendem homem com mandado de prisão em aberto pelo crime de roubo
e	CCONJ	0	353	1	PF e BPFRON PMPR prendem homem com mandado de prisão em aberto pelo crime de roubo
BPFRON	PROPN	1	353	2	PF e BPFRON PMPR prendem homem com mandado de prisão em aberto pelo crime de roubo
PMPR	PROPN	1	353	3	PF e BPFRON PMPR prendem homem com mandado de prisão em aberto pelo crime de roubo
prendem	VERB	1	353	4	PF e BPFRON PMPR prendem homem com mandado de prisão em aberto pelo crime de roubo
homem	NOUN	0	353	5	PF e BPFRON PMPR prendem homem com mandado de prisão em aberto pelo crime de roubo
com	ADP	0	353	6	PF e BPFRON PMPR prendem homem com mandado de prisão em aberto pelo crime de roubo
mandado	NOUN	0	353	7	PF e BPFRON PMPR prendem homem com mandado de prisão em aberto pelo crime de roubo
de	ADP	0	353	8	PF e BPFRON PMPR prendem homem com mandado de prisão em aberto pelo crime de roubo
prisão	NOUN	0	353	9	PF e BPFRON PMPR prendem homem com mandado de prisão em aberto pelo crime de roubo
em	ADP	0	353	10	PF e BPFRON PMPR prendem homem com mandado de prisão em aberto pelo crime de roubo
aberto	VERB	0	353	11	PF e BPFRON PMPR prendem homem com mandado de prisão em aberto pelo crime de roubo
pelo	ADP	0	353	12	PF e BPFRON PMPR prendem homem com mandado de prisão em aberto pelo crime de roubo
crime	NOUN	0	353	13	PF e BPFRON PMPR prendem homem com mandado de prisão em aberto pelo crime de roubo
de	ADP	0	353	14	PF e BPFRON PMPR prendem homem com mandado de prisão em aberto pelo crime de roubo
roubo	NOUN	0	353	15	PF e BPFRON PMPR prendem homem com mandado de prisão em aberto pelo crime de roubo
PF	PROPN	1	354	0	PF investiga comercialização e aplicação de vacinas contra Covid - 19 de origem ilícita
investiga	VERB	1	354	1	PF investiga comercialização e aplicação de vacinas contra Covid - 19 de origem ilícita
comercialização	NOUN	0	354	2	PF investiga comercialização e aplicação de vacinas contra Covid - 19 de origem ilícita
e	CCONJ	0	354	3	PF investiga comercialização e aplicação de vacinas contra Covid - 19 de origem ilícita
aplicação	NOUN	0	354	4	PF investiga comercialização e aplicação de vacinas contra Covid - 19 de origem ilícita
de	ADP	0	354	5	PF investiga comercialização e aplicação de vacinas contra Covid - 19 de origem ilícita
vacinas	NOUN	1	354	6	PF investiga comercialização e aplicação de vacinas contra Covid - 19 de origem ilícita
contra	ADP	0	354	7	PF investiga comercialização e aplicação de vacinas contra Covid - 19 de origem ilícita
Covid	PROPN	1	354	8	PF investiga comercialização e aplicação de vacinas contra Covid - 19 de origem ilícita
-	PUNCT	0	354	9	PF investiga comercialização e aplicação de vacinas contra Covid - 19 de origem ilícita
19	NUM	0	354	10	PF investiga comercialização e aplicação de vacinas contra Covid - 19 de origem ilícita
de	ADP	0	354	11	PF investiga comercialização e aplicação de vacinas contra Covid - 19 de origem ilícita
origem	NOUN	0	354	12	PF investiga comercialização e aplicação de vacinas contra Covid - 19 de origem ilícita
ilícita	ADJ	1	354	13	PF investiga comercialização e aplicação de vacinas contra Covid - 19 de origem ilícita
Polícia	PROPN	0	355	0	Polícia Federal deflagra operação contra grupo criminoso ligado ao tráfico de entorpecentes
Federal	PROPN	0	355	1	Polícia Federal deflagra operação contra grupo criminoso ligado ao tráfico de entorpecentes
deflagra	VERB	1	355	2	Polícia Federal deflagra operação contra grupo criminoso ligado ao tráfico de entorpecentes
operação	NOUN	0	355	3	Polícia Federal deflagra operação contra grupo criminoso ligado ao tráfico de entorpecentes
contra	ADP	0	355	4	Polícia Federal deflagra operação contra grupo criminoso ligado ao tráfico de entorpecentes
grupo	NOUN	0	355	5	Polícia Federal deflagra operação contra grupo criminoso ligado ao tráfico de entorpecentes
criminoso	ADJ	0	355	6	Polícia Federal deflagra operação contra grupo criminoso ligado ao tráfico de entorpecentes
ligado	VERB	0	355	7	Polícia Federal deflagra operação contra grupo criminoso ligado ao tráfico de entorpecentes
ao	ADP	0	355	8	Polícia Federal deflagra operação contra grupo criminoso ligado ao tráfico de entorpecentes
tráfico	NOUN	0	355	9	Polícia Federal deflagra operação contra grupo criminoso ligado ao tráfico de entorpecentes
de	ADP	0	355	10	Polícia Federal deflagra operação contra grupo criminoso ligado ao tráfico de entorpecentes
entorpecentes	NOUN	1	355	11	Polícia Federal deflagra operação contra grupo criminoso ligado ao tráfico de entorpecentes
PF	PROPN	1	356	0	PF apreende drogas no Porto de Santos
apreende	VERB	1	356	1	PF apreende drogas no Porto de Santos
drogas	NOUN	0	356	2	PF apreende drogas no Porto de Santos
no	ADP	0	356	3	PF apreende drogas no Porto de Santos
Porto	PROPN	0	356	4	PF apreende drogas no Porto de Santos
de	ADP	0	356	5	PF apreende drogas no Porto de Santos
Santos	PROPN	0	356	6	PF apreende drogas no Porto de Santos
Polícia	PROPN	0	357	0	Polícia Federal deflagra segunda fase de Operação Denarius para combater crimes de moeda falsa
Federal	PROPN	0	357	1	Polícia Federal deflagra segunda fase de Operação Denarius para combater crimes de moeda falsa
deflagra	VERB	1	357	2	Polícia Federal deflagra segunda fase de Operação Denarius para combater crimes de moeda falsa
segunda	ADJ	0	357	3	Polícia Federal deflagra segunda fase de Operação Denarius para combater crimes de moeda falsa
fase	NOUN	0	357	4	Polícia Federal deflagra segunda fase de Operação Denarius para combater crimes de moeda falsa
de	ADP	0	357	5	Polícia Federal deflagra segunda fase de Operação Denarius para combater crimes de moeda falsa
Operação	NOUN	0	357	6	Polícia Federal deflagra segunda fase de Operação Denarius para combater crimes de moeda falsa
Denarius	PROPN	1	357	7	Polícia Federal deflagra segunda fase de Operação Denarius para combater crimes de moeda falsa
para	SCONJ	0	357	8	Polícia Federal deflagra segunda fase de Operação Denarius para combater crimes de moeda falsa
combater	VERB	0	357	9	Polícia Federal deflagra segunda fase de Operação Denarius para combater crimes de moeda falsa
crimes	NOUN	0	357	10	Polícia Federal deflagra segunda fase de Operação Denarius para combater crimes de moeda falsa
de	ADP	0	357	11	Polícia Federal deflagra segunda fase de Operação Denarius para combater crimes de moeda falsa
moeda	NOUN	0	357	12	Polícia Federal deflagra segunda fase de Operação Denarius para combater crimes de moeda falsa
falsa	ADJ	0	357	13	Polícia Federal deflagra segunda fase de Operação Denarius para combater crimes de moeda falsa
Polícia	PROPN	0	358	0	Polícia Federal prende foragido da justiça uruguaia
Federal	PROPN	0	358	1	Polícia Federal prende foragido da justiça uruguaia
prende	VERB	1	358	2	Polícia Federal prende foragido da justiça uruguaia
foragido	NOUN	1	358	3	Polícia Federal prende foragido da justiça uruguaia
da	ADP	0	358	4	Polícia Federal prende foragido da justiça uruguaia
justiça	NOUN	0	358	5	Polícia Federal prende foragido da justiça uruguaia
uruguaia	ADJ	1	358	6	Polícia Federal prende foragido da justiça uruguaia
Polícia	PROPN	0	359	0	Polícia Federal apreende pneus estrangeiros em Missal PR
Federal	PROPN	0	359	1	Polícia Federal apreende pneus estrangeiros em Missal PR
apreende	VERB	1	359	2	Polícia Federal apreende pneus estrangeiros em Missal PR
pneus	NOUN	0	359	3	Polícia Federal apreende pneus estrangeiros em Missal PR
estrangeiros	ADJ	0	359	4	Polícia Federal apreende pneus estrangeiros em Missal PR
em	ADP	0	359	5	Polícia Federal apreende pneus estrangeiros em Missal PR
Missal	PROPN	1	359	6	Polícia Federal apreende pneus estrangeiros em Missal PR
PR	PROPN	0	359	7	Polícia Federal apreende pneus estrangeiros em Missal PR
Polícia	PROPN	0	360	0	Polícia Federal realiza operação de incineração de droga
Federal	PROPN	0	360	1	Polícia Federal realiza operação de incineração de droga
realiza	VERB	0	360	2	Polícia Federal realiza operação de incineração de droga
operação	NOUN	0	360	3	Polícia Federal realiza operação de incineração de droga
de	ADP	0	360	4	Polícia Federal realiza operação de incineração de droga
incineração	NOUN	1	360	5	Polícia Federal realiza operação de incineração de droga
de	ADP	0	360	6	Polícia Federal realiza operação de incineração de droga
droga	NOUN	0	360	7	Polícia Federal realiza operação de incineração de droga
PF	PROPN	1	361	0	PF e BPFRON apreendem veículos com cigarros contrabandeados em Guaíra PR
e	CCONJ	0	361	1	PF e BPFRON apreendem veículos com cigarros contrabandeados em Guaíra PR
BPFRON	PROPN	1	361	2	PF e BPFRON apreendem veículos com cigarros contrabandeados em Guaíra PR
apreendem	VERB	1	361	3	PF e BPFRON apreendem veículos com cigarros contrabandeados em Guaíra PR
veículos	NOUN	0	361	4	PF e BPFRON apreendem veículos com cigarros contrabandeados em Guaíra PR
com	ADP	0	361	5	PF e BPFRON apreendem veículos com cigarros contrabandeados em Guaíra PR
cigarros	NOUN	1	361	6	PF e BPFRON apreendem veículos com cigarros contrabandeados em Guaíra PR
contrabandeados	VERB	1	361	7	PF e BPFRON apreendem veículos com cigarros contrabandeados em Guaíra PR
em	ADP	0	361	8	PF e BPFRON apreendem veículos com cigarros contrabandeados em Guaíra PR
Guaíra	PROPN	1	361	9	PF e BPFRON apreendem veículos com cigarros contrabandeados em Guaíra PR
PR	PROPN	0	361	10	PF e BPFRON apreendem veículos com cigarros contrabandeados em Guaíra PR
PF	PROPN	1	362	0	PF prende suspeito de fraudes à Caixa Econômica Federal
prende	VERB	1	362	1	PF prende suspeito de fraudes à Caixa Econômica Federal
suspeito	NOUN	0	362	2	PF prende suspeito de fraudes à Caixa Econômica Federal
de	ADP	0	362	3	PF prende suspeito de fraudes à Caixa Econômica Federal
fraudes	NOUN	1	362	4	PF prende suspeito de fraudes à Caixa Econômica Federal
à	ADP	0	362	5	PF prende suspeito de fraudes à Caixa Econômica Federal
Caixa	PROPN	0	362	6	PF prende suspeito de fraudes à Caixa Econômica Federal
Econômica	PROPN	0	362	7	PF prende suspeito de fraudes à Caixa Econômica Federal
Federal	PROPN	0	362	8	PF prende suspeito de fraudes à Caixa Econômica Federal
PF	PROPN	1	363	0	PF , com o apoio da Polícia Militar PE , prende estrangeiro foragido da justiça portuguesa
,	PUNCT	0	363	1	PF , com o apoio da Polícia Militar PE , prende estrangeiro foragido da justiça portuguesa
com	ADP	0	363	2	PF , com o apoio da Polícia Militar PE , prende estrangeiro foragido da justiça portuguesa
o	DET	0	363	3	PF , com o apoio da Polícia Militar PE , prende estrangeiro foragido da justiça portuguesa
apoio	NOUN	0	363	4	PF , com o apoio da Polícia Militar PE , prende estrangeiro foragido da justiça portuguesa
da	ADP	0	363	5	PF , com o apoio da Polícia Militar PE , prende estrangeiro foragido da justiça portuguesa
Polícia	PROPN	0	363	6	PF , com o apoio da Polícia Militar PE , prende estrangeiro foragido da justiça portuguesa
Militar	PROPN	0	363	7	PF , com o apoio da Polícia Militar PE , prende estrangeiro foragido da justiça portuguesa
PE	PROPN	1	363	8	PF , com o apoio da Polícia Militar PE , prende estrangeiro foragido da justiça portuguesa
,	PUNCT	0	363	9	PF , com o apoio da Polícia Militar PE , prende estrangeiro foragido da justiça portuguesa
prende	VERB	1	363	10	PF , com o apoio da Polícia Militar PE , prende estrangeiro foragido da justiça portuguesa
estrangeiro	NOUN	0	363	11	PF , com o apoio da Polícia Militar PE , prende estrangeiro foragido da justiça portuguesa
foragido	ADJ	1	363	12	PF , com o apoio da Polícia Militar PE , prende estrangeiro foragido da justiça portuguesa
da	ADP	0	363	13	PF , com o apoio da Polícia Militar PE , prende estrangeiro foragido da justiça portuguesa
justiça	NOUN	0	363	14	PF , com o apoio da Polícia Militar PE , prende estrangeiro foragido da justiça portuguesa
portuguesa	ADJ	0	363	15	PF , com o apoio da Polícia Militar PE , prende estrangeiro foragido da justiça portuguesa
PF	PROPN	1	364	0	PF deflagra Operação Anóxia , para investigar possível fraude na concessão e recebimento de bolsas de estudo em universidade
deflagra	VERB	1	364	1	PF deflagra Operação Anóxia , para investigar possível fraude na concessão e recebimento de bolsas de estudo em universidade
Operação	PROPN	0	364	2	PF deflagra Operação Anóxia , para investigar possível fraude na concessão e recebimento de bolsas de estudo em universidade
Anóxia	PROPN	1	364	3	PF deflagra Operação Anóxia , para investigar possível fraude na concessão e recebimento de bolsas de estudo em universidade
,	PUNCT	0	364	4	PF deflagra Operação Anóxia , para investigar possível fraude na concessão e recebimento de bolsas de estudo em universidade
para	SCONJ	0	364	5	PF deflagra Operação Anóxia , para investigar possível fraude na concessão e recebimento de bolsas de estudo em universidade
investigar	VERB	0	364	6	PF deflagra Operação Anóxia , para investigar possível fraude na concessão e recebimento de bolsas de estudo em universidade
possível	ADJ	0	364	7	PF deflagra Operação Anóxia , para investigar possível fraude na concessão e recebimento de bolsas de estudo em universidade
fraude	NOUN	0	364	8	PF deflagra Operação Anóxia , para investigar possível fraude na concessão e recebimento de bolsas de estudo em universidade
na	ADP	0	364	9	PF deflagra Operação Anóxia , para investigar possível fraude na concessão e recebimento de bolsas de estudo em universidade
concessão	NOUN	0	364	10	PF deflagra Operação Anóxia , para investigar possível fraude na concessão e recebimento de bolsas de estudo em universidade
e	CCONJ	0	364	11	PF deflagra Operação Anóxia , para investigar possível fraude na concessão e recebimento de bolsas de estudo em universidade
recebimento	NOUN	1	364	12	PF deflagra Operação Anóxia , para investigar possível fraude na concessão e recebimento de bolsas de estudo em universidade
de	ADP	0	364	13	PF deflagra Operação Anóxia , para investigar possível fraude na concessão e recebimento de bolsas de estudo em universidade
bolsas	NOUN	0	364	14	PF deflagra Operação Anóxia , para investigar possível fraude na concessão e recebimento de bolsas de estudo em universidade
de	ADP	0	364	15	PF deflagra Operação Anóxia , para investigar possível fraude na concessão e recebimento de bolsas de estudo em universidade
estudo	NOUN	0	364	16	PF deflagra Operação Anóxia , para investigar possível fraude na concessão e recebimento de bolsas de estudo em universidade
em	ADP	0	364	17	PF deflagra Operação Anóxia , para investigar possível fraude na concessão e recebimento de bolsas de estudo em universidade
universidade	NOUN	0	364	18	PF deflagra Operação Anóxia , para investigar possível fraude na concessão e recebimento de bolsas de estudo em universidade
PF	PROPN	1	365	0	PF apreende 2 kg de cocaína no Aeroporto Internacional de São Paulo
apreende	VERB	1	365	1	PF apreende 2 kg de cocaína no Aeroporto Internacional de São Paulo
2	NUM	0	365	2	PF apreende 2 kg de cocaína no Aeroporto Internacional de São Paulo
kg	NOUN	0	365	3	PF apreende 2 kg de cocaína no Aeroporto Internacional de São Paulo
de	ADP	0	365	4	PF apreende 2 kg de cocaína no Aeroporto Internacional de São Paulo
cocaína	NOUN	1	365	5	PF apreende 2 kg de cocaína no Aeroporto Internacional de São Paulo
no	ADP	0	365	6	PF apreende 2 kg de cocaína no Aeroporto Internacional de São Paulo
Aeroporto	PROPN	0	365	7	PF apreende 2 kg de cocaína no Aeroporto Internacional de São Paulo
Internacional	PROPN	0	365	8	PF apreende 2 kg de cocaína no Aeroporto Internacional de São Paulo
de	ADP	0	365	9	PF apreende 2 kg de cocaína no Aeroporto Internacional de São Paulo
São	PROPN	0	365	10	PF apreende 2 kg de cocaína no Aeroporto Internacional de São Paulo
Paulo	PROPN	0	365	11	PF apreende 2 kg de cocaína no Aeroporto Internacional de São Paulo
Polícia	PROPN	0	366	0	Polícia Federal investiga desvio de recursos do Fundo Eleitoral no Amapá
Federal	PROPN	0	366	1	Polícia Federal investiga desvio de recursos do Fundo Eleitoral no Amapá
investiga	VERB	1	366	2	Polícia Federal investiga desvio de recursos do Fundo Eleitoral no Amapá
desvio	NOUN	0	366	3	Polícia Federal investiga desvio de recursos do Fundo Eleitoral no Amapá
de	ADP	0	366	4	Polícia Federal investiga desvio de recursos do Fundo Eleitoral no Amapá
recursos	NOUN	0	366	5	Polícia Federal investiga desvio de recursos do Fundo Eleitoral no Amapá
do	ADP	0	366	6	Polícia Federal investiga desvio de recursos do Fundo Eleitoral no Amapá
Fundo	PROPN	0	366	7	Polícia Federal investiga desvio de recursos do Fundo Eleitoral no Amapá
Eleitoral	PROPN	0	366	8	Polícia Federal investiga desvio de recursos do Fundo Eleitoral no Amapá
no	ADP	0	366	9	Polícia Federal investiga desvio de recursos do Fundo Eleitoral no Amapá
Amapá	PROPN	0	366	10	Polícia Federal investiga desvio de recursos do Fundo Eleitoral no Amapá
Foragido	PROPN	1	367	0	Foragido da Justiça do Rio Grande do Sul é extraditado do Uruguai para o Brasil
da	ADP	0	367	1	Foragido da Justiça do Rio Grande do Sul é extraditado do Uruguai para o Brasil
Justiça	PROPN	0	367	2	Foragido da Justiça do Rio Grande do Sul é extraditado do Uruguai para o Brasil
do	ADP	0	367	3	Foragido da Justiça do Rio Grande do Sul é extraditado do Uruguai para o Brasil
Rio	PROPN	0	367	4	Foragido da Justiça do Rio Grande do Sul é extraditado do Uruguai para o Brasil
Grande	PROPN	0	367	5	Foragido da Justiça do Rio Grande do Sul é extraditado do Uruguai para o Brasil
do	ADP	0	367	6	Foragido da Justiça do Rio Grande do Sul é extraditado do Uruguai para o Brasil
Sul	PROPN	0	367	7	Foragido da Justiça do Rio Grande do Sul é extraditado do Uruguai para o Brasil
é	AUX	0	367	8	Foragido da Justiça do Rio Grande do Sul é extraditado do Uruguai para o Brasil
extraditado	VERB	1	367	9	Foragido da Justiça do Rio Grande do Sul é extraditado do Uruguai para o Brasil
do	ADP	0	367	10	Foragido da Justiça do Rio Grande do Sul é extraditado do Uruguai para o Brasil
Uruguai	PROPN	0	367	11	Foragido da Justiça do Rio Grande do Sul é extraditado do Uruguai para o Brasil
para	ADP	0	367	12	Foragido da Justiça do Rio Grande do Sul é extraditado do Uruguai para o Brasil
o	DET	0	367	13	Foragido da Justiça do Rio Grande do Sul é extraditado do Uruguai para o Brasil
Brasil	PROPN	0	367	14	Foragido da Justiça do Rio Grande do Sul é extraditado do Uruguai para o Brasil
Polícia	PROPN	0	368	0	Polícia Federal prende mulher especializada em realizar furtos em bagagens de passageiros em aeroportos
Federal	PROPN	0	368	1	Polícia Federal prende mulher especializada em realizar furtos em bagagens de passageiros em aeroportos
prende	VERB	1	368	2	Polícia Federal prende mulher especializada em realizar furtos em bagagens de passageiros em aeroportos
mulher	NOUN	0	368	3	Polícia Federal prende mulher especializada em realizar furtos em bagagens de passageiros em aeroportos
especializada	VERB	0	368	4	Polícia Federal prende mulher especializada em realizar furtos em bagagens de passageiros em aeroportos
em	SCONJ	0	368	5	Polícia Federal prende mulher especializada em realizar furtos em bagagens de passageiros em aeroportos
realizar	VERB	0	368	6	Polícia Federal prende mulher especializada em realizar furtos em bagagens de passageiros em aeroportos
furtos	NOUN	1	368	7	Polícia Federal prende mulher especializada em realizar furtos em bagagens de passageiros em aeroportos
em	ADP	0	368	8	Polícia Federal prende mulher especializada em realizar furtos em bagagens de passageiros em aeroportos
bagagens	NOUN	1	368	9	Polícia Federal prende mulher especializada em realizar furtos em bagagens de passageiros em aeroportos
de	ADP	0	368	10	Polícia Federal prende mulher especializada em realizar furtos em bagagens de passageiros em aeroportos
passageiros	NOUN	0	368	11	Polícia Federal prende mulher especializada em realizar furtos em bagagens de passageiros em aeroportos
em	ADP	0	368	12	Polícia Federal prende mulher especializada em realizar furtos em bagagens de passageiros em aeroportos
aeroportos	NOUN	0	368	13	Polícia Federal prende mulher especializada em realizar furtos em bagagens de passageiros em aeroportos
PF	PROPN	1	369	0	PF deflagra 2 operações em Mato Grosso para combater comercialização ilegal de ouro
deflagra	VERB	1	369	1	PF deflagra 2 operações em Mato Grosso para combater comercialização ilegal de ouro
2	NUM	0	369	2	PF deflagra 2 operações em Mato Grosso para combater comercialização ilegal de ouro
operações	NOUN	0	369	3	PF deflagra 2 operações em Mato Grosso para combater comercialização ilegal de ouro
em	ADP	0	369	4	PF deflagra 2 operações em Mato Grosso para combater comercialização ilegal de ouro
Mato	PROPN	0	369	5	PF deflagra 2 operações em Mato Grosso para combater comercialização ilegal de ouro
Grosso	PROPN	0	369	6	PF deflagra 2 operações em Mato Grosso para combater comercialização ilegal de ouro
para	SCONJ	0	369	7	PF deflagra 2 operações em Mato Grosso para combater comercialização ilegal de ouro
combater	VERB	0	369	8	PF deflagra 2 operações em Mato Grosso para combater comercialização ilegal de ouro
comercialização	NOUN	0	369	9	PF deflagra 2 operações em Mato Grosso para combater comercialização ilegal de ouro
ilegal	ADJ	0	369	10	PF deflagra 2 operações em Mato Grosso para combater comercialização ilegal de ouro
de	ADP	0	369	11	PF deflagra 2 operações em Mato Grosso para combater comercialização ilegal de ouro
ouro	NOUN	0	369	12	PF deflagra 2 operações em Mato Grosso para combater comercialização ilegal de ouro
PF	PROPN	1	370	0	PF combate tráfico internacional de drogas
combate	VERB	0	370	1	PF combate tráfico internacional de drogas
tráfico	NOUN	0	370	2	PF combate tráfico internacional de drogas
internacional	ADJ	0	370	3	PF combate tráfico internacional de drogas
de	ADP	0	370	4	PF combate tráfico internacional de drogas
drogas	NOUN	0	370	5	PF combate tráfico internacional de drogas
Polícia	PROPN	0	371	0	Polícia Federal deflagra operação para combater fraudes no Auxílio Emergencial e Precatórios Judiciais em Mato Grosso e em outros 11 Estados
Federal	PROPN	0	371	1	Polícia Federal deflagra operação para combater fraudes no Auxílio Emergencial e Precatórios Judiciais em Mato Grosso e em outros 11 Estados
deflagra	VERB	1	371	2	Polícia Federal deflagra operação para combater fraudes no Auxílio Emergencial e Precatórios Judiciais em Mato Grosso e em outros 11 Estados
operação	NOUN	0	371	3	Polícia Federal deflagra operação para combater fraudes no Auxílio Emergencial e Precatórios Judiciais em Mato Grosso e em outros 11 Estados
para	SCONJ	0	371	4	Polícia Federal deflagra operação para combater fraudes no Auxílio Emergencial e Precatórios Judiciais em Mato Grosso e em outros 11 Estados
combater	VERB	0	371	5	Polícia Federal deflagra operação para combater fraudes no Auxílio Emergencial e Precatórios Judiciais em Mato Grosso e em outros 11 Estados
fraudes	NOUN	1	371	6	Polícia Federal deflagra operação para combater fraudes no Auxílio Emergencial e Precatórios Judiciais em Mato Grosso e em outros 11 Estados
no	ADP	0	371	7	Polícia Federal deflagra operação para combater fraudes no Auxílio Emergencial e Precatórios Judiciais em Mato Grosso e em outros 11 Estados
Auxílio	PROPN	1	371	8	Polícia Federal deflagra operação para combater fraudes no Auxílio Emergencial e Precatórios Judiciais em Mato Grosso e em outros 11 Estados
Emergencial	PROPN	1	371	9	Polícia Federal deflagra operação para combater fraudes no Auxílio Emergencial e Precatórios Judiciais em Mato Grosso e em outros 11 Estados
e	CCONJ	0	371	10	Polícia Federal deflagra operação para combater fraudes no Auxílio Emergencial e Precatórios Judiciais em Mato Grosso e em outros 11 Estados
Precatórios	PROPN	1	371	11	Polícia Federal deflagra operação para combater fraudes no Auxílio Emergencial e Precatórios Judiciais em Mato Grosso e em outros 11 Estados
Judiciais	PROPN	1	371	12	Polícia Federal deflagra operação para combater fraudes no Auxílio Emergencial e Precatórios Judiciais em Mato Grosso e em outros 11 Estados
em	ADP	0	371	13	Polícia Federal deflagra operação para combater fraudes no Auxílio Emergencial e Precatórios Judiciais em Mato Grosso e em outros 11 Estados
Mato	PROPN	0	371	14	Polícia Federal deflagra operação para combater fraudes no Auxílio Emergencial e Precatórios Judiciais em Mato Grosso e em outros 11 Estados
Grosso	PROPN	0	371	15	Polícia Federal deflagra operação para combater fraudes no Auxílio Emergencial e Precatórios Judiciais em Mato Grosso e em outros 11 Estados
e	CCONJ	0	371	16	Polícia Federal deflagra operação para combater fraudes no Auxílio Emergencial e Precatórios Judiciais em Mato Grosso e em outros 11 Estados
em	ADP	0	371	17	Polícia Federal deflagra operação para combater fraudes no Auxílio Emergencial e Precatórios Judiciais em Mato Grosso e em outros 11 Estados
outros	DET	0	371	18	Polícia Federal deflagra operação para combater fraudes no Auxílio Emergencial e Precatórios Judiciais em Mato Grosso e em outros 11 Estados
11	NUM	0	371	19	Polícia Federal deflagra operação para combater fraudes no Auxílio Emergencial e Precatórios Judiciais em Mato Grosso e em outros 11 Estados
Estados	NOUN	0	371	20	Polícia Federal deflagra operação para combater fraudes no Auxílio Emergencial e Precatórios Judiciais em Mato Grosso e em outros 11 Estados
PF	PROPN	1	372	0	PF , em ação integrada , prende em flagrante um homem pela venda de medicamento de comercialização restrita
,	PUNCT	0	372	1	PF , em ação integrada , prende em flagrante um homem pela venda de medicamento de comercialização restrita
em	ADP	0	372	2	PF , em ação integrada , prende em flagrante um homem pela venda de medicamento de comercialização restrita
ação	NOUN	0	372	3	PF , em ação integrada , prende em flagrante um homem pela venda de medicamento de comercialização restrita
integrada	VERB	0	372	4	PF , em ação integrada , prende em flagrante um homem pela venda de medicamento de comercialização restrita
,	PUNCT	0	372	5	PF , em ação integrada , prende em flagrante um homem pela venda de medicamento de comercialização restrita
prende	VERB	1	372	6	PF , em ação integrada , prende em flagrante um homem pela venda de medicamento de comercialização restrita
em	ADP	0	372	7	PF , em ação integrada , prende em flagrante um homem pela venda de medicamento de comercialização restrita
flagrante	NOUN	1	372	8	PF , em ação integrada , prende em flagrante um homem pela venda de medicamento de comercialização restrita
um	DET	0	372	9	PF , em ação integrada , prende em flagrante um homem pela venda de medicamento de comercialização restrita
homem	NOUN	0	372	10	PF , em ação integrada , prende em flagrante um homem pela venda de medicamento de comercialização restrita
pela	ADP	0	372	11	PF , em ação integrada , prende em flagrante um homem pela venda de medicamento de comercialização restrita
venda	NOUN	0	372	12	PF , em ação integrada , prende em flagrante um homem pela venda de medicamento de comercialização restrita
de	ADP	0	372	13	PF , em ação integrada , prende em flagrante um homem pela venda de medicamento de comercialização restrita
medicamento	NOUN	1	372	14	PF , em ação integrada , prende em flagrante um homem pela venda de medicamento de comercialização restrita
de	ADP	0	372	15	PF , em ação integrada , prende em flagrante um homem pela venda de medicamento de comercialização restrita
comercialização	NOUN	0	372	16	PF , em ação integrada , prende em flagrante um homem pela venda de medicamento de comercialização restrita
restrita	VERB	0	372	17	PF , em ação integrada , prende em flagrante um homem pela venda de medicamento de comercialização restrita
PF	PROPN	1	373	0	PF apreende mais de R 90 mil na fronteira do Brasil com a Bolívia
apreende	VERB	1	373	1	PF apreende mais de R 90 mil na fronteira do Brasil com a Bolívia
mais	ADV	0	373	2	PF apreende mais de R 90 mil na fronteira do Brasil com a Bolívia
de	ADP	0	373	3	PF apreende mais de R 90 mil na fronteira do Brasil com a Bolívia
R	SYM	0	373	4	PF apreende mais de R 90 mil na fronteira do Brasil com a Bolívia
90	NUM	0	373	5	PF apreende mais de R 90 mil na fronteira do Brasil com a Bolívia
mil	NUM	0	373	6	PF apreende mais de R 90 mil na fronteira do Brasil com a Bolívia
na	ADP	0	373	7	PF apreende mais de R 90 mil na fronteira do Brasil com a Bolívia
fronteira	NOUN	0	373	8	PF apreende mais de R 90 mil na fronteira do Brasil com a Bolívia
do	ADP	0	373	9	PF apreende mais de R 90 mil na fronteira do Brasil com a Bolívia
Brasil	PROPN	0	373	10	PF apreende mais de R 90 mil na fronteira do Brasil com a Bolívia
com	ADP	0	373	11	PF apreende mais de R 90 mil na fronteira do Brasil com a Bolívia
a	DET	0	373	12	PF apreende mais de R 90 mil na fronteira do Brasil com a Bolívia
Bolívia	PROPN	0	373	13	PF apreende mais de R 90 mil na fronteira do Brasil com a Bolívia
Polícia	PROPN	0	374	0	Polícia Federal apreende 440 kg de droga no Porto de Santos SP
Federal	PROPN	0	374	1	Polícia Federal apreende 440 kg de droga no Porto de Santos SP
apreende	VERB	1	374	2	Polícia Federal apreende 440 kg de droga no Porto de Santos SP
440	NUM	1	374	3	Polícia Federal apreende 440 kg de droga no Porto de Santos SP
kg	NOUN	0	374	4	Polícia Federal apreende 440 kg de droga no Porto de Santos SP
de	ADP	0	374	5	Polícia Federal apreende 440 kg de droga no Porto de Santos SP
droga	NOUN	0	374	6	Polícia Federal apreende 440 kg de droga no Porto de Santos SP
no	ADP	0	374	7	Polícia Federal apreende 440 kg de droga no Porto de Santos SP
Porto	PROPN	0	374	8	Polícia Federal apreende 440 kg de droga no Porto de Santos SP
de	ADP	0	374	9	Polícia Federal apreende 440 kg de droga no Porto de Santos SP
Santos	PROPN	0	374	10	Polícia Federal apreende 440 kg de droga no Porto de Santos SP
SP	PROPN	0	374	11	Polícia Federal apreende 440 kg de droga no Porto de Santos SP
PF	PROPN	1	375	0	PF deflagra Operação Constantino para investigar invasões e queimadas em terras da União no Amazonas
deflagra	VERB	1	375	1	PF deflagra Operação Constantino para investigar invasões e queimadas em terras da União no Amazonas
Operação	PROPN	0	375	2	PF deflagra Operação Constantino para investigar invasões e queimadas em terras da União no Amazonas
Constantino	PROPN	0	375	3	PF deflagra Operação Constantino para investigar invasões e queimadas em terras da União no Amazonas
para	SCONJ	0	375	4	PF deflagra Operação Constantino para investigar invasões e queimadas em terras da União no Amazonas
investigar	VERB	0	375	5	PF deflagra Operação Constantino para investigar invasões e queimadas em terras da União no Amazonas
invasões	NOUN	0	375	6	PF deflagra Operação Constantino para investigar invasões e queimadas em terras da União no Amazonas
e	CCONJ	0	375	7	PF deflagra Operação Constantino para investigar invasões e queimadas em terras da União no Amazonas
queimadas	VERB	1	375	8	PF deflagra Operação Constantino para investigar invasões e queimadas em terras da União no Amazonas
em	ADP	0	375	9	PF deflagra Operação Constantino para investigar invasões e queimadas em terras da União no Amazonas
terras	NOUN	0	375	10	PF deflagra Operação Constantino para investigar invasões e queimadas em terras da União no Amazonas
da	ADP	0	375	11	PF deflagra Operação Constantino para investigar invasões e queimadas em terras da União no Amazonas
União	PROPN	0	375	12	PF deflagra Operação Constantino para investigar invasões e queimadas em terras da União no Amazonas
no	ADP	0	375	13	PF deflagra Operação Constantino para investigar invasões e queimadas em terras da União no Amazonas
Amazonas	PROPN	0	375	14	PF deflagra Operação Constantino para investigar invasões e queimadas em terras da União no Amazonas
PF	PROPN	1	376	0	PF incinera 480 kg de drogas no Cariri
incinera	VERB	1	376	1	PF incinera 480 kg de drogas no Cariri
480	NUM	1	376	2	PF incinera 480 kg de drogas no Cariri
kg	NOUN	0	376	3	PF incinera 480 kg de drogas no Cariri
de	ADP	0	376	4	PF incinera 480 kg de drogas no Cariri
drogas	NOUN	0	376	5	PF incinera 480 kg de drogas no Cariri
no	ADP	0	376	6	PF incinera 480 kg de drogas no Cariri
Cariri	PROPN	1	376	7	PF incinera 480 kg de drogas no Cariri
Polícia	PROPN	0	377	0	Polícia Federal deflagra operação de combate ao tráfico de drogas na Bahia
Federal	PROPN	0	377	1	Polícia Federal deflagra operação de combate ao tráfico de drogas na Bahia
deflagra	VERB	1	377	2	Polícia Federal deflagra operação de combate ao tráfico de drogas na Bahia
operação	NOUN	0	377	3	Polícia Federal deflagra operação de combate ao tráfico de drogas na Bahia
de	ADP	0	377	4	Polícia Federal deflagra operação de combate ao tráfico de drogas na Bahia
combate	NOUN	0	377	5	Polícia Federal deflagra operação de combate ao tráfico de drogas na Bahia
ao	ADP	0	377	6	Polícia Federal deflagra operação de combate ao tráfico de drogas na Bahia
tráfico	NOUN	0	377	7	Polícia Federal deflagra operação de combate ao tráfico de drogas na Bahia
de	ADP	0	377	8	Polícia Federal deflagra operação de combate ao tráfico de drogas na Bahia
drogas	NOUN	0	377	9	Polícia Federal deflagra operação de combate ao tráfico de drogas na Bahia
na	ADP	0	377	10	Polícia Federal deflagra operação de combate ao tráfico de drogas na Bahia
Bahia	PROPN	0	377	11	Polícia Federal deflagra operação de combate ao tráfico de drogas na Bahia
Polícia	PROPN	0	378	0	Polícia Federal deflagra a segunda fase da Operação Quinino
Federal	PROPN	0	378	1	Polícia Federal deflagra a segunda fase da Operação Quinino
deflagra	VERB	1	378	2	Polícia Federal deflagra a segunda fase da Operação Quinino
a	DET	0	378	3	Polícia Federal deflagra a segunda fase da Operação Quinino
segunda	ADJ	0	378	4	Polícia Federal deflagra a segunda fase da Operação Quinino
fase	NOUN	0	378	5	Polícia Federal deflagra a segunda fase da Operação Quinino
da	ADP	0	378	6	Polícia Federal deflagra a segunda fase da Operação Quinino
Operação	PROPN	0	378	7	Polícia Federal deflagra a segunda fase da Operação Quinino
Quinino	PROPN	1	378	8	Polícia Federal deflagra a segunda fase da Operação Quinino
Polícia	PROPN	0	379	0	Polícia Federal interrompe remessa de moeda falsa no Amapá
Federal	PROPN	0	379	1	Polícia Federal interrompe remessa de moeda falsa no Amapá
interrompe	VERB	1	379	2	Polícia Federal interrompe remessa de moeda falsa no Amapá
remessa	NOUN	1	379	3	Polícia Federal interrompe remessa de moeda falsa no Amapá
de	ADP	0	379	4	Polícia Federal interrompe remessa de moeda falsa no Amapá
moeda	NOUN	0	379	5	Polícia Federal interrompe remessa de moeda falsa no Amapá
falsa	ADJ	0	379	6	Polícia Federal interrompe remessa de moeda falsa no Amapá
no	ADP	0	379	7	Polícia Federal interrompe remessa de moeda falsa no Amapá
Amapá	PROPN	0	379	8	Polícia Federal interrompe remessa de moeda falsa no Amapá
PF	PROPN	1	380	0	PF combate furtos contra a Caixa Econômica Federal em Chapecó SC
combate	VERB	0	380	1	PF combate furtos contra a Caixa Econômica Federal em Chapecó SC
furtos	NOUN	1	380	2	PF combate furtos contra a Caixa Econômica Federal em Chapecó SC
contra	ADP	0	380	3	PF combate furtos contra a Caixa Econômica Federal em Chapecó SC
a	DET	0	380	4	PF combate furtos contra a Caixa Econômica Federal em Chapecó SC
Caixa	PROPN	0	380	5	PF combate furtos contra a Caixa Econômica Federal em Chapecó SC
Econômica	PROPN	0	380	6	PF combate furtos contra a Caixa Econômica Federal em Chapecó SC
Federal	PROPN	0	380	7	PF combate furtos contra a Caixa Econômica Federal em Chapecó SC
em	ADP	0	380	8	PF combate furtos contra a Caixa Econômica Federal em Chapecó SC
Chapecó	PROPN	1	380	9	PF combate furtos contra a Caixa Econômica Federal em Chapecó SC
SC	PROPN	0	380	10	PF combate furtos contra a Caixa Econômica Federal em Chapecó SC
Polícia	PROPN	0	381	0	Polícia Federal realiza incursão de combate ao tráfico de drogas em Recife PE
Federal	PROPN	0	381	1	Polícia Federal realiza incursão de combate ao tráfico de drogas em Recife PE
realiza	VERB	0	381	2	Polícia Federal realiza incursão de combate ao tráfico de drogas em Recife PE
incursão	NOUN	1	381	3	Polícia Federal realiza incursão de combate ao tráfico de drogas em Recife PE
de	ADP	0	381	4	Polícia Federal realiza incursão de combate ao tráfico de drogas em Recife PE
combate	NOUN	0	381	5	Polícia Federal realiza incursão de combate ao tráfico de drogas em Recife PE
ao	ADP	0	381	6	Polícia Federal realiza incursão de combate ao tráfico de drogas em Recife PE
tráfico	NOUN	0	381	7	Polícia Federal realiza incursão de combate ao tráfico de drogas em Recife PE
de	ADP	0	381	8	Polícia Federal realiza incursão de combate ao tráfico de drogas em Recife PE
drogas	NOUN	0	381	9	Polícia Federal realiza incursão de combate ao tráfico de drogas em Recife PE
em	ADP	0	381	10	Polícia Federal realiza incursão de combate ao tráfico de drogas em Recife PE
Recife	PROPN	0	381	11	Polícia Federal realiza incursão de combate ao tráfico de drogas em Recife PE
PE	PROPN	1	381	12	Polícia Federal realiza incursão de combate ao tráfico de drogas em Recife PE
Polícia	PROPN	0	382	0	Polícia Federal desarticula organização criminosa voltada para o tráfico de drogas e fabricação de cédulas falsas
Federal	PROPN	0	382	1	Polícia Federal desarticula organização criminosa voltada para o tráfico de drogas e fabricação de cédulas falsas
desarticula	VERB	1	382	2	Polícia Federal desarticula organização criminosa voltada para o tráfico de drogas e fabricação de cédulas falsas
organização	NOUN	0	382	3	Polícia Federal desarticula organização criminosa voltada para o tráfico de drogas e fabricação de cédulas falsas
criminosa	ADJ	1	382	4	Polícia Federal desarticula organização criminosa voltada para o tráfico de drogas e fabricação de cédulas falsas
voltada	VERB	0	382	5	Polícia Federal desarticula organização criminosa voltada para o tráfico de drogas e fabricação de cédulas falsas
para	ADP	0	382	6	Polícia Federal desarticula organização criminosa voltada para o tráfico de drogas e fabricação de cédulas falsas
o	DET	0	382	7	Polícia Federal desarticula organização criminosa voltada para o tráfico de drogas e fabricação de cédulas falsas
tráfico	NOUN	0	382	8	Polícia Federal desarticula organização criminosa voltada para o tráfico de drogas e fabricação de cédulas falsas
de	ADP	0	382	9	Polícia Federal desarticula organização criminosa voltada para o tráfico de drogas e fabricação de cédulas falsas
drogas	NOUN	0	382	10	Polícia Federal desarticula organização criminosa voltada para o tráfico de drogas e fabricação de cédulas falsas
e	CCONJ	0	382	11	Polícia Federal desarticula organização criminosa voltada para o tráfico de drogas e fabricação de cédulas falsas
fabricação	NOUN	0	382	12	Polícia Federal desarticula organização criminosa voltada para o tráfico de drogas e fabricação de cédulas falsas
de	ADP	0	382	13	Polícia Federal desarticula organização criminosa voltada para o tráfico de drogas e fabricação de cédulas falsas
cédulas	NOUN	1	382	14	Polícia Federal desarticula organização criminosa voltada para o tráfico de drogas e fabricação de cédulas falsas
falsas	ADJ	0	382	15	Polícia Federal desarticula organização criminosa voltada para o tráfico de drogas e fabricação de cédulas falsas
PF	PROPN	1	383	0	PF e Receita apreendem droga dentro de bombons
e	CCONJ	0	383	1	PF e Receita apreendem droga dentro de bombons
Receita	NOUN	1	383	2	PF e Receita apreendem droga dentro de bombons
apreendem	VERB	1	383	3	PF e Receita apreendem droga dentro de bombons
droga	NOUN	0	383	4	PF e Receita apreendem droga dentro de bombons
dentro	ADV	0	383	5	PF e Receita apreendem droga dentro de bombons
de	ADP	0	383	6	PF e Receita apreendem droga dentro de bombons
bombons	NOUN	1	383	7	PF e Receita apreendem droga dentro de bombons
PF	PROPN	1	384	0	PF deflagra a Operação Athoótita para combater possível disseminação de pornografia infantil
deflagra	VERB	1	384	1	PF deflagra a Operação Athoótita para combater possível disseminação de pornografia infantil
a	DET	0	384	2	PF deflagra a Operação Athoótita para combater possível disseminação de pornografia infantil
Operação	PROPN	0	384	3	PF deflagra a Operação Athoótita para combater possível disseminação de pornografia infantil
Athoótita	PROPN	1	384	4	PF deflagra a Operação Athoótita para combater possível disseminação de pornografia infantil
para	SCONJ	0	384	5	PF deflagra a Operação Athoótita para combater possível disseminação de pornografia infantil
combater	VERB	0	384	6	PF deflagra a Operação Athoótita para combater possível disseminação de pornografia infantil
possível	ADJ	0	384	7	PF deflagra a Operação Athoótita para combater possível disseminação de pornografia infantil
disseminação	NOUN	1	384	8	PF deflagra a Operação Athoótita para combater possível disseminação de pornografia infantil
de	ADP	0	384	9	PF deflagra a Operação Athoótita para combater possível disseminação de pornografia infantil
pornografia	NOUN	1	384	10	PF deflagra a Operação Athoótita para combater possível disseminação de pornografia infantil
infantil	ADJ	0	384	11	PF deflagra a Operação Athoótita para combater possível disseminação de pornografia infantil
PF	PROPN	1	385	0	PF segue investigações sobre vacinas contra covid - 19 de origem ilícita
segue	VERB	0	385	1	PF segue investigações sobre vacinas contra covid - 19 de origem ilícita
investigações	NOUN	0	385	2	PF segue investigações sobre vacinas contra covid - 19 de origem ilícita
sobre	ADP	0	385	3	PF segue investigações sobre vacinas contra covid - 19 de origem ilícita
vacinas	NOUN	1	385	4	PF segue investigações sobre vacinas contra covid - 19 de origem ilícita
contra	ADP	0	385	5	PF segue investigações sobre vacinas contra covid - 19 de origem ilícita
covid	NOUN	1	385	6	PF segue investigações sobre vacinas contra covid - 19 de origem ilícita
-	PUNCT	0	385	7	PF segue investigações sobre vacinas contra covid - 19 de origem ilícita
19	NUM	0	385	8	PF segue investigações sobre vacinas contra covid - 19 de origem ilícita
de	ADP	0	385	9	PF segue investigações sobre vacinas contra covid - 19 de origem ilícita
origem	NOUN	0	385	10	PF segue investigações sobre vacinas contra covid - 19 de origem ilícita
ilícita	ADJ	1	385	11	PF segue investigações sobre vacinas contra covid - 19 de origem ilícita
PF	PROPN	1	386	0	PF prende em Pau dos Ferros suspeito de integrar facção criminosa no Rio Grande do Norte
prende	VERB	1	386	1	PF prende em Pau dos Ferros suspeito de integrar facção criminosa no Rio Grande do Norte
em	ADP	0	386	2	PF prende em Pau dos Ferros suspeito de integrar facção criminosa no Rio Grande do Norte
Pau	PROPN	0	386	3	PF prende em Pau dos Ferros suspeito de integrar facção criminosa no Rio Grande do Norte
dos	ADP	0	386	4	PF prende em Pau dos Ferros suspeito de integrar facção criminosa no Rio Grande do Norte
Ferros	PROPN	1	386	5	PF prende em Pau dos Ferros suspeito de integrar facção criminosa no Rio Grande do Norte
suspeito	ADJ	0	386	6	PF prende em Pau dos Ferros suspeito de integrar facção criminosa no Rio Grande do Norte
de	SCONJ	0	386	7	PF prende em Pau dos Ferros suspeito de integrar facção criminosa no Rio Grande do Norte
integrar	VERB	0	386	8	PF prende em Pau dos Ferros suspeito de integrar facção criminosa no Rio Grande do Norte
facção	NOUN	0	386	9	PF prende em Pau dos Ferros suspeito de integrar facção criminosa no Rio Grande do Norte
criminosa	ADJ	1	386	10	PF prende em Pau dos Ferros suspeito de integrar facção criminosa no Rio Grande do Norte
no	ADP	0	386	11	PF prende em Pau dos Ferros suspeito de integrar facção criminosa no Rio Grande do Norte
Rio	PROPN	0	386	12	PF prende em Pau dos Ferros suspeito de integrar facção criminosa no Rio Grande do Norte
Grande	PROPN	0	386	13	PF prende em Pau dos Ferros suspeito de integrar facção criminosa no Rio Grande do Norte
do	ADP	0	386	14	PF prende em Pau dos Ferros suspeito de integrar facção criminosa no Rio Grande do Norte
Norte	PROPN	0	386	15	PF prende em Pau dos Ferros suspeito de integrar facção criminosa no Rio Grande do Norte
Polícia	PROPN	0	387	0	Polícia Federal realiza apreensão de droga no Porto de Santos SP
Federal	PROPN	0	387	1	Polícia Federal realiza apreensão de droga no Porto de Santos SP
realiza	VERB	0	387	2	Polícia Federal realiza apreensão de droga no Porto de Santos SP
apreensão	NOUN	1	387	3	Polícia Federal realiza apreensão de droga no Porto de Santos SP
de	ADP	0	387	4	Polícia Federal realiza apreensão de droga no Porto de Santos SP
droga	NOUN	0	387	5	Polícia Federal realiza apreensão de droga no Porto de Santos SP
no	ADP	0	387	6	Polícia Federal realiza apreensão de droga no Porto de Santos SP
Porto	PROPN	0	387	7	Polícia Federal realiza apreensão de droga no Porto de Santos SP
de	ADP	0	387	8	Polícia Federal realiza apreensão de droga no Porto de Santos SP
Santos	PROPN	0	387	9	Polícia Federal realiza apreensão de droga no Porto de Santos SP
SP	PROPN	0	387	10	Polícia Federal realiza apreensão de droga no Porto de Santos SP
PF	PROPN	1	388	0	PF e BPFRON apreende quatro veículos carregados com contrabando
e	CCONJ	0	388	1	PF e BPFRON apreende quatro veículos carregados com contrabando
BPFRON	PROPN	1	388	2	PF e BPFRON apreende quatro veículos carregados com contrabando
apreende	VERB	1	388	3	PF e BPFRON apreende quatro veículos carregados com contrabando
quatro	NUM	0	388	4	PF e BPFRON apreende quatro veículos carregados com contrabando
veículos	NOUN	0	388	5	PF e BPFRON apreende quatro veículos carregados com contrabando
carregados	VERB	1	388	6	PF e BPFRON apreende quatro veículos carregados com contrabando
com	ADP	0	388	7	PF e BPFRON apreende quatro veículos carregados com contrabando
contrabando	NOUN	1	388	8	PF e BPFRON apreende quatro veículos carregados com contrabando
Polícia	PROPN	0	389	0	Polícia Federal apreende pistolas , fuzil e mais de 1 tonelada de cocaína no Porto de Santos SP
Federal	PROPN	0	389	1	Polícia Federal apreende pistolas , fuzil e mais de 1 tonelada de cocaína no Porto de Santos SP
apreende	VERB	1	389	2	Polícia Federal apreende pistolas , fuzil e mais de 1 tonelada de cocaína no Porto de Santos SP
pistolas	NOUN	1	389	3	Polícia Federal apreende pistolas , fuzil e mais de 1 tonelada de cocaína no Porto de Santos SP
,	PUNCT	0	389	4	Polícia Federal apreende pistolas , fuzil e mais de 1 tonelada de cocaína no Porto de Santos SP
fuzil	NOUN	1	389	5	Polícia Federal apreende pistolas , fuzil e mais de 1 tonelada de cocaína no Porto de Santos SP
e	CCONJ	0	389	6	Polícia Federal apreende pistolas , fuzil e mais de 1 tonelada de cocaína no Porto de Santos SP
mais	ADV	0	389	7	Polícia Federal apreende pistolas , fuzil e mais de 1 tonelada de cocaína no Porto de Santos SP
de	ADP	0	389	8	Polícia Federal apreende pistolas , fuzil e mais de 1 tonelada de cocaína no Porto de Santos SP
1	NUM	0	389	9	Polícia Federal apreende pistolas , fuzil e mais de 1 tonelada de cocaína no Porto de Santos SP
tonelada	NOUN	1	389	10	Polícia Federal apreende pistolas , fuzil e mais de 1 tonelada de cocaína no Porto de Santos SP
de	ADP	0	389	11	Polícia Federal apreende pistolas , fuzil e mais de 1 tonelada de cocaína no Porto de Santos SP
cocaína	NOUN	1	389	12	Polícia Federal apreende pistolas , fuzil e mais de 1 tonelada de cocaína no Porto de Santos SP
no	ADP	0	389	13	Polícia Federal apreende pistolas , fuzil e mais de 1 tonelada de cocaína no Porto de Santos SP
Porto	PROPN	0	389	14	Polícia Federal apreende pistolas , fuzil e mais de 1 tonelada de cocaína no Porto de Santos SP
de	ADP	0	389	15	Polícia Federal apreende pistolas , fuzil e mais de 1 tonelada de cocaína no Porto de Santos SP
Santos	PROPN	0	389	16	Polícia Federal apreende pistolas , fuzil e mais de 1 tonelada de cocaína no Porto de Santos SP
SP	PROPN	0	389	17	Polícia Federal apreende pistolas , fuzil e mais de 1 tonelada de cocaína no Porto de Santos SP
Polícia	PROPN	0	390	0	Polícia Federal prende traficante de armas e drogas procurado pela INTERPOL
Federal	PROPN	0	390	1	Polícia Federal prende traficante de armas e drogas procurado pela INTERPOL
prende	VERB	1	390	2	Polícia Federal prende traficante de armas e drogas procurado pela INTERPOL
traficante	NOUN	1	390	3	Polícia Federal prende traficante de armas e drogas procurado pela INTERPOL
de	ADP	0	390	4	Polícia Federal prende traficante de armas e drogas procurado pela INTERPOL
armas	NOUN	0	390	5	Polícia Federal prende traficante de armas e drogas procurado pela INTERPOL
e	CCONJ	0	390	6	Polícia Federal prende traficante de armas e drogas procurado pela INTERPOL
drogas	NOUN	0	390	7	Polícia Federal prende traficante de armas e drogas procurado pela INTERPOL
procurado	VERB	0	390	8	Polícia Federal prende traficante de armas e drogas procurado pela INTERPOL
pela	ADP	0	390	9	Polícia Federal prende traficante de armas e drogas procurado pela INTERPOL
INTERPOL	PROPN	1	390	10	Polícia Federal prende traficante de armas e drogas procurado pela INTERPOL
PF	PROPN	1	391	0	PF deflagra segunda fase da Operação Aversa contra o tráfico de drogas em Campo Grande MS
deflagra	VERB	1	391	1	PF deflagra segunda fase da Operação Aversa contra o tráfico de drogas em Campo Grande MS
segunda	ADJ	0	391	2	PF deflagra segunda fase da Operação Aversa contra o tráfico de drogas em Campo Grande MS
fase	NOUN	0	391	3	PF deflagra segunda fase da Operação Aversa contra o tráfico de drogas em Campo Grande MS
da	ADP	0	391	4	PF deflagra segunda fase da Operação Aversa contra o tráfico de drogas em Campo Grande MS
Operação	PROPN	0	391	5	PF deflagra segunda fase da Operação Aversa contra o tráfico de drogas em Campo Grande MS
Aversa	PROPN	1	391	6	PF deflagra segunda fase da Operação Aversa contra o tráfico de drogas em Campo Grande MS
contra	ADP	0	391	7	PF deflagra segunda fase da Operação Aversa contra o tráfico de drogas em Campo Grande MS
o	DET	0	391	8	PF deflagra segunda fase da Operação Aversa contra o tráfico de drogas em Campo Grande MS
tráfico	NOUN	0	391	9	PF deflagra segunda fase da Operação Aversa contra o tráfico de drogas em Campo Grande MS
de	ADP	0	391	10	PF deflagra segunda fase da Operação Aversa contra o tráfico de drogas em Campo Grande MS
drogas	NOUN	0	391	11	PF deflagra segunda fase da Operação Aversa contra o tráfico de drogas em Campo Grande MS
em	ADP	0	391	12	PF deflagra segunda fase da Operação Aversa contra o tráfico de drogas em Campo Grande MS
Campo	PROPN	0	391	13	PF deflagra segunda fase da Operação Aversa contra o tráfico de drogas em Campo Grande MS
Grande	PROPN	0	391	14	PF deflagra segunda fase da Operação Aversa contra o tráfico de drogas em Campo Grande MS
MS	PROPN	0	391	15	PF deflagra segunda fase da Operação Aversa contra o tráfico de drogas em Campo Grande MS
Polícia	PROPN	0	392	0	Polícia Federal apreende cerca de R 430 mil na fronteira com o Uruguai
Federal	PROPN	0	392	1	Polícia Federal apreende cerca de R 430 mil na fronteira com o Uruguai
apreende	VERB	1	392	2	Polícia Federal apreende cerca de R 430 mil na fronteira com o Uruguai
cerca	ADV	0	392	3	Polícia Federal apreende cerca de R 430 mil na fronteira com o Uruguai
de	ADP	0	392	4	Polícia Federal apreende cerca de R 430 mil na fronteira com o Uruguai
R	SYM	0	392	5	Polícia Federal apreende cerca de R 430 mil na fronteira com o Uruguai
430	NUM	1	392	6	Polícia Federal apreende cerca de R 430 mil na fronteira com o Uruguai
mil	NUM	0	392	7	Polícia Federal apreende cerca de R 430 mil na fronteira com o Uruguai
na	ADP	0	392	8	Polícia Federal apreende cerca de R 430 mil na fronteira com o Uruguai
fronteira	NOUN	0	392	9	Polícia Federal apreende cerca de R 430 mil na fronteira com o Uruguai
com	ADP	0	392	10	Polícia Federal apreende cerca de R 430 mil na fronteira com o Uruguai
o	DET	0	392	11	Polícia Federal apreende cerca de R 430 mil na fronteira com o Uruguai
Uruguai	PROPN	0	392	12	Polícia Federal apreende cerca de R 430 mil na fronteira com o Uruguai
Polícia	PROPN	0	393	0	Polícia Federal combate o tráfico de drogas na fronteira com o Uruguai
Federal	PROPN	0	393	1	Polícia Federal combate o tráfico de drogas na fronteira com o Uruguai
combate	VERB	0	393	2	Polícia Federal combate o tráfico de drogas na fronteira com o Uruguai
o	DET	0	393	3	Polícia Federal combate o tráfico de drogas na fronteira com o Uruguai
tráfico	NOUN	0	393	4	Polícia Federal combate o tráfico de drogas na fronteira com o Uruguai
de	ADP	0	393	5	Polícia Federal combate o tráfico de drogas na fronteira com o Uruguai
drogas	NOUN	0	393	6	Polícia Federal combate o tráfico de drogas na fronteira com o Uruguai
na	ADP	0	393	7	Polícia Federal combate o tráfico de drogas na fronteira com o Uruguai
fronteira	NOUN	0	393	8	Polícia Federal combate o tráfico de drogas na fronteira com o Uruguai
com	ADP	0	393	9	Polícia Federal combate o tráfico de drogas na fronteira com o Uruguai
o	DET	0	393	10	Polícia Federal combate o tráfico de drogas na fronteira com o Uruguai
Uruguai	PROPN	0	393	11	Polícia Federal combate o tráfico de drogas na fronteira com o Uruguai
Operação	NOUN	0	394	0	Operação Recôndito apura desvio de recursos públicos federais destinados ao combate do Coronavírus
Recôndito	PROPN	1	394	1	Operação Recôndito apura desvio de recursos públicos federais destinados ao combate do Coronavírus
apura	VERB	0	394	2	Operação Recôndito apura desvio de recursos públicos federais destinados ao combate do Coronavírus
desvio	NOUN	0	394	3	Operação Recôndito apura desvio de recursos públicos federais destinados ao combate do Coronavírus
de	ADP	0	394	4	Operação Recôndito apura desvio de recursos públicos federais destinados ao combate do Coronavírus
recursos	NOUN	0	394	5	Operação Recôndito apura desvio de recursos públicos federais destinados ao combate do Coronavírus
públicos	ADJ	0	394	6	Operação Recôndito apura desvio de recursos públicos federais destinados ao combate do Coronavírus
federais	ADJ	0	394	7	Operação Recôndito apura desvio de recursos públicos federais destinados ao combate do Coronavírus
destinados	VERB	0	394	8	Operação Recôndito apura desvio de recursos públicos federais destinados ao combate do Coronavírus
ao	ADP	0	394	9	Operação Recôndito apura desvio de recursos públicos federais destinados ao combate do Coronavírus
combate	NOUN	0	394	10	Operação Recôndito apura desvio de recursos públicos federais destinados ao combate do Coronavírus
do	ADP	0	394	11	Operação Recôndito apura desvio de recursos públicos federais destinados ao combate do Coronavírus
Coronavírus	PROPN	1	394	12	Operação Recôndito apura desvio de recursos públicos federais destinados ao combate do Coronavírus
PF	PROPN	1	395	0	PF combate armazenamento e divulgação de imagens e vídeos de exploração sexual de crianças e adolescentes pela internet
combate	VERB	0	395	1	PF combate armazenamento e divulgação de imagens e vídeos de exploração sexual de crianças e adolescentes pela internet
armazenamento	NOUN	0	395	2	PF combate armazenamento e divulgação de imagens e vídeos de exploração sexual de crianças e adolescentes pela internet
e	CCONJ	0	395	3	PF combate armazenamento e divulgação de imagens e vídeos de exploração sexual de crianças e adolescentes pela internet
divulgação	NOUN	0	395	4	PF combate armazenamento e divulgação de imagens e vídeos de exploração sexual de crianças e adolescentes pela internet
de	ADP	0	395	5	PF combate armazenamento e divulgação de imagens e vídeos de exploração sexual de crianças e adolescentes pela internet
imagens	NOUN	0	395	6	PF combate armazenamento e divulgação de imagens e vídeos de exploração sexual de crianças e adolescentes pela internet
e	CCONJ	0	395	7	PF combate armazenamento e divulgação de imagens e vídeos de exploração sexual de crianças e adolescentes pela internet
vídeos	NOUN	0	395	8	PF combate armazenamento e divulgação de imagens e vídeos de exploração sexual de crianças e adolescentes pela internet
de	ADP	0	395	9	PF combate armazenamento e divulgação de imagens e vídeos de exploração sexual de crianças e adolescentes pela internet
exploração	NOUN	0	395	10	PF combate armazenamento e divulgação de imagens e vídeos de exploração sexual de crianças e adolescentes pela internet
sexual	ADJ	0	395	11	PF combate armazenamento e divulgação de imagens e vídeos de exploração sexual de crianças e adolescentes pela internet
de	ADP	0	395	12	PF combate armazenamento e divulgação de imagens e vídeos de exploração sexual de crianças e adolescentes pela internet
crianças	NOUN	0	395	13	PF combate armazenamento e divulgação de imagens e vídeos de exploração sexual de crianças e adolescentes pela internet
e	CCONJ	0	395	14	PF combate armazenamento e divulgação de imagens e vídeos de exploração sexual de crianças e adolescentes pela internet
adolescentes	ADJ	0	395	15	PF combate armazenamento e divulgação de imagens e vídeos de exploração sexual de crianças e adolescentes pela internet
pela	ADP	0	395	16	PF combate armazenamento e divulgação de imagens e vídeos de exploração sexual de crianças e adolescentes pela internet
internet	PROPN	0	395	17	PF combate armazenamento e divulgação de imagens e vídeos de exploração sexual de crianças e adolescentes pela internet
Polícia	PROPN	0	396	0	Polícia Federal reprime crimes contra os Correios no Amapá
Federal	PROPN	0	396	1	Polícia Federal reprime crimes contra os Correios no Amapá
reprime	VERB	1	396	2	Polícia Federal reprime crimes contra os Correios no Amapá
crimes	NOUN	0	396	3	Polícia Federal reprime crimes contra os Correios no Amapá
contra	ADP	0	396	4	Polícia Federal reprime crimes contra os Correios no Amapá
os	DET	0	396	5	Polícia Federal reprime crimes contra os Correios no Amapá
Correios	PROPN	1	396	6	Polícia Federal reprime crimes contra os Correios no Amapá
no	ADP	0	396	7	Polícia Federal reprime crimes contra os Correios no Amapá
Amapá	PROPN	0	396	8	Polícia Federal reprime crimes contra os Correios no Amapá
PF	PROPN	1	397	0	PF desarticula esquema de concessão de decisões judiciais irregulares no Rio de Janeiro
desarticula	VERB	1	397	1	PF desarticula esquema de concessão de decisões judiciais irregulares no Rio de Janeiro
esquema	NOUN	0	397	2	PF desarticula esquema de concessão de decisões judiciais irregulares no Rio de Janeiro
de	ADP	0	397	3	PF desarticula esquema de concessão de decisões judiciais irregulares no Rio de Janeiro
concessão	NOUN	0	397	4	PF desarticula esquema de concessão de decisões judiciais irregulares no Rio de Janeiro
de	ADP	0	397	5	PF desarticula esquema de concessão de decisões judiciais irregulares no Rio de Janeiro
decisões	NOUN	0	397	6	PF desarticula esquema de concessão de decisões judiciais irregulares no Rio de Janeiro
judiciais	ADJ	0	397	7	PF desarticula esquema de concessão de decisões judiciais irregulares no Rio de Janeiro
irregulares	ADJ	1	397	8	PF desarticula esquema de concessão de decisões judiciais irregulares no Rio de Janeiro
no	ADP	0	397	9	PF desarticula esquema de concessão de decisões judiciais irregulares no Rio de Janeiro
Rio	PROPN	0	397	10	PF desarticula esquema de concessão de decisões judiciais irregulares no Rio de Janeiro
de	ADP	0	397	11	PF desarticula esquema de concessão de decisões judiciais irregulares no Rio de Janeiro
Janeiro	PROPN	0	397	12	PF desarticula esquema de concessão de decisões judiciais irregulares no Rio de Janeiro
Polícia	PROPN	0	398	0	Polícia Federal realiza a prisão de uma pessoa por tráfico de drogas
Federal	PROPN	0	398	1	Polícia Federal realiza a prisão de uma pessoa por tráfico de drogas
realiza	VERB	0	398	2	Polícia Federal realiza a prisão de uma pessoa por tráfico de drogas
a	DET	0	398	3	Polícia Federal realiza a prisão de uma pessoa por tráfico de drogas
prisão	NOUN	0	398	4	Polícia Federal realiza a prisão de uma pessoa por tráfico de drogas
de	ADP	0	398	5	Polícia Federal realiza a prisão de uma pessoa por tráfico de drogas
uma	DET	0	398	6	Polícia Federal realiza a prisão de uma pessoa por tráfico de drogas
pessoa	NOUN	0	398	7	Polícia Federal realiza a prisão de uma pessoa por tráfico de drogas
por	ADP	0	398	8	Polícia Federal realiza a prisão de uma pessoa por tráfico de drogas
tráfico	NOUN	0	398	9	Polícia Federal realiza a prisão de uma pessoa por tráfico de drogas
de	ADP	0	398	10	Polícia Federal realiza a prisão de uma pessoa por tráfico de drogas
drogas	NOUN	0	398	11	Polícia Federal realiza a prisão de uma pessoa por tráfico de drogas
Polícia	PROPN	0	399	0	Polícia Federal resgata vítimas do tráfico de pessoas na Bolívia
Federal	PROPN	0	399	1	Polícia Federal resgata vítimas do tráfico de pessoas na Bolívia
resgata	VERB	1	399	2	Polícia Federal resgata vítimas do tráfico de pessoas na Bolívia
vítimas	NOUN	0	399	3	Polícia Federal resgata vítimas do tráfico de pessoas na Bolívia
do	ADP	0	399	4	Polícia Federal resgata vítimas do tráfico de pessoas na Bolívia
tráfico	NOUN	0	399	5	Polícia Federal resgata vítimas do tráfico de pessoas na Bolívia
de	ADP	0	399	6	Polícia Federal resgata vítimas do tráfico de pessoas na Bolívia
pessoas	NOUN	0	399	7	Polícia Federal resgata vítimas do tráfico de pessoas na Bolívia
na	ADP	0	399	8	Polícia Federal resgata vítimas do tráfico de pessoas na Bolívia
Bolívia	PROPN	0	399	9	Polícia Federal resgata vítimas do tráfico de pessoas na Bolívia
A	DET	0	400	0	A Polícia Federal deflagra Operação Mitra para reprimir o porte ilegal de arma de fogo no Acre
Polícia	PROPN	0	400	1	A Polícia Federal deflagra Operação Mitra para reprimir o porte ilegal de arma de fogo no Acre
Federal	PROPN	0	400	2	A Polícia Federal deflagra Operação Mitra para reprimir o porte ilegal de arma de fogo no Acre
deflagra	VERB	1	400	3	A Polícia Federal deflagra Operação Mitra para reprimir o porte ilegal de arma de fogo no Acre
Operação	PROPN	0	400	4	A Polícia Federal deflagra Operação Mitra para reprimir o porte ilegal de arma de fogo no Acre
Mitra	PROPN	1	400	5	A Polícia Federal deflagra Operação Mitra para reprimir o porte ilegal de arma de fogo no Acre
para	SCONJ	0	400	6	A Polícia Federal deflagra Operação Mitra para reprimir o porte ilegal de arma de fogo no Acre
reprimir	VERB	1	400	7	A Polícia Federal deflagra Operação Mitra para reprimir o porte ilegal de arma de fogo no Acre
o	DET	0	400	8	A Polícia Federal deflagra Operação Mitra para reprimir o porte ilegal de arma de fogo no Acre
porte	NOUN	0	400	9	A Polícia Federal deflagra Operação Mitra para reprimir o porte ilegal de arma de fogo no Acre
ilegal	ADJ	0	400	10	A Polícia Federal deflagra Operação Mitra para reprimir o porte ilegal de arma de fogo no Acre
de	ADP	0	400	11	A Polícia Federal deflagra Operação Mitra para reprimir o porte ilegal de arma de fogo no Acre
arma	NOUN	0	400	12	A Polícia Federal deflagra Operação Mitra para reprimir o porte ilegal de arma de fogo no Acre
de	ADP	0	400	13	A Polícia Federal deflagra Operação Mitra para reprimir o porte ilegal de arma de fogo no Acre
fogo	NOUN	0	400	14	A Polícia Federal deflagra Operação Mitra para reprimir o porte ilegal de arma de fogo no Acre
no	ADP	0	400	15	A Polícia Federal deflagra Operação Mitra para reprimir o porte ilegal de arma de fogo no Acre
Acre	PROPN	0	400	16	A Polícia Federal deflagra Operação Mitra para reprimir o porte ilegal de arma de fogo no Acre
PF	PROPN	1	401	0	PF deflagra Operação Apacheta no Maranhão
deflagra	VERB	1	401	1	PF deflagra Operação Apacheta no Maranhão
Operação	PROPN	0	401	2	PF deflagra Operação Apacheta no Maranhão
Apacheta	PROPN	1	401	3	PF deflagra Operação Apacheta no Maranhão
no	ADP	0	401	4	PF deflagra Operação Apacheta no Maranhão
Maranhão	PROPN	0	401	5	PF deflagra Operação Apacheta no Maranhão
Polícia	PROPN	0	402	0	Polícia Federal localiza menor raptada em Valparaíso de Goiás GO
Federal	PROPN	0	402	1	Polícia Federal localiza menor raptada em Valparaíso de Goiás GO
localiza	VERB	0	402	2	Polícia Federal localiza menor raptada em Valparaíso de Goiás GO
menor	ADJ	0	402	3	Polícia Federal localiza menor raptada em Valparaíso de Goiás GO
raptada	VERB	1	402	4	Polícia Federal localiza menor raptada em Valparaíso de Goiás GO
em	ADP	0	402	5	Polícia Federal localiza menor raptada em Valparaíso de Goiás GO
Valparaíso	PROPN	1	402	6	Polícia Federal localiza menor raptada em Valparaíso de Goiás GO
de	ADP	0	402	7	Polícia Federal localiza menor raptada em Valparaíso de Goiás GO
Goiás	PROPN	0	402	8	Polícia Federal localiza menor raptada em Valparaíso de Goiás GO
GO	PROPN	1	402	9	Polícia Federal localiza menor raptada em Valparaíso de Goiás GO
PF	PROPN	1	403	0	PF prende homem por tráfico internacional de drogas
prende	VERB	1	403	1	PF prende homem por tráfico internacional de drogas
homem	NOUN	0	403	2	PF prende homem por tráfico internacional de drogas
por	ADP	0	403	3	PF prende homem por tráfico internacional de drogas
tráfico	NOUN	0	403	4	PF prende homem por tráfico internacional de drogas
internacional	ADJ	0	403	5	PF prende homem por tráfico internacional de drogas
de	ADP	0	403	6	PF prende homem por tráfico internacional de drogas
drogas	NOUN	0	403	7	PF prende homem por tráfico internacional de drogas
PF	PROPN	1	404	0	PF e BPFRON estoura depósito milionário de contrabando
e	CCONJ	0	404	1	PF e BPFRON estoura depósito milionário de contrabando
BPFRON	PROPN	1	404	2	PF e BPFRON estoura depósito milionário de contrabando
estoura	VERB	1	404	3	PF e BPFRON estoura depósito milionário de contrabando
depósito	NOUN	0	404	4	PF e BPFRON estoura depósito milionário de contrabando
milionário	ADJ	1	404	5	PF e BPFRON estoura depósito milionário de contrabando
de	ADP	0	404	6	PF e BPFRON estoura depósito milionário de contrabando
contrabando	NOUN	1	404	7	PF e BPFRON estoura depósito milionário de contrabando
PF	PROPN	1	405	0	PF deflagra operação de combate a fraudes no auxílio emergencial cometidas por servidores públicos
deflagra	VERB	1	405	1	PF deflagra operação de combate a fraudes no auxílio emergencial cometidas por servidores públicos
operação	NOUN	0	405	2	PF deflagra operação de combate a fraudes no auxílio emergencial cometidas por servidores públicos
de	ADP	0	405	3	PF deflagra operação de combate a fraudes no auxílio emergencial cometidas por servidores públicos
combate	NOUN	0	405	4	PF deflagra operação de combate a fraudes no auxílio emergencial cometidas por servidores públicos
a	ADP	0	405	5	PF deflagra operação de combate a fraudes no auxílio emergencial cometidas por servidores públicos
fraudes	NOUN	1	405	6	PF deflagra operação de combate a fraudes no auxílio emergencial cometidas por servidores públicos
no	ADP	0	405	7	PF deflagra operação de combate a fraudes no auxílio emergencial cometidas por servidores públicos
auxílio	NOUN	0	405	8	PF deflagra operação de combate a fraudes no auxílio emergencial cometidas por servidores públicos
emergencial	ADJ	1	405	9	PF deflagra operação de combate a fraudes no auxílio emergencial cometidas por servidores públicos
cometidas	VERB	1	405	10	PF deflagra operação de combate a fraudes no auxílio emergencial cometidas por servidores públicos
por	ADP	0	405	11	PF deflagra operação de combate a fraudes no auxílio emergencial cometidas por servidores públicos
servidores	NOUN	0	405	12	PF deflagra operação de combate a fraudes no auxílio emergencial cometidas por servidores públicos
públicos	ADJ	0	405	13	PF deflagra operação de combate a fraudes no auxílio emergencial cometidas por servidores públicos
Policiais	NOUN	1	406	0	Policiais federais , civis COPE PR e militares BPFRON cumprem mandado de prisão pelo crime de tráfico de drogas , em Itaipulândia
federais	ADJ	0	406	1	Policiais federais , civis COPE PR e militares BPFRON cumprem mandado de prisão pelo crime de tráfico de drogas , em Itaipulândia
,	PUNCT	0	406	2	Policiais federais , civis COPE PR e militares BPFRON cumprem mandado de prisão pelo crime de tráfico de drogas , em Itaipulândia
civis	ADP	0	406	3	Policiais federais , civis COPE PR e militares BPFRON cumprem mandado de prisão pelo crime de tráfico de drogas , em Itaipulândia
COPE	PROPN	1	406	4	Policiais federais , civis COPE PR e militares BPFRON cumprem mandado de prisão pelo crime de tráfico de drogas , em Itaipulândia
PR	PROPN	0	406	5	Policiais federais , civis COPE PR e militares BPFRON cumprem mandado de prisão pelo crime de tráfico de drogas , em Itaipulândia
e	CCONJ	0	406	6	Policiais federais , civis COPE PR e militares BPFRON cumprem mandado de prisão pelo crime de tráfico de drogas , em Itaipulândia
militares	NOUN	0	406	7	Policiais federais , civis COPE PR e militares BPFRON cumprem mandado de prisão pelo crime de tráfico de drogas , em Itaipulândia
BPFRON	VERB	1	406	8	Policiais federais , civis COPE PR e militares BPFRON cumprem mandado de prisão pelo crime de tráfico de drogas , em Itaipulândia
cumprem	VERB	1	406	9	Policiais federais , civis COPE PR e militares BPFRON cumprem mandado de prisão pelo crime de tráfico de drogas , em Itaipulândia
mandado	VERB	0	406	10	Policiais federais , civis COPE PR e militares BPFRON cumprem mandado de prisão pelo crime de tráfico de drogas , em Itaipulândia
de	ADP	0	406	11	Policiais federais , civis COPE PR e militares BPFRON cumprem mandado de prisão pelo crime de tráfico de drogas , em Itaipulândia
prisão	NOUN	0	406	12	Policiais federais , civis COPE PR e militares BPFRON cumprem mandado de prisão pelo crime de tráfico de drogas , em Itaipulândia
pelo	ADP	0	406	13	Policiais federais , civis COPE PR e militares BPFRON cumprem mandado de prisão pelo crime de tráfico de drogas , em Itaipulândia
crime	NOUN	0	406	14	Policiais federais , civis COPE PR e militares BPFRON cumprem mandado de prisão pelo crime de tráfico de drogas , em Itaipulândia
de	ADP	0	406	15	Policiais federais , civis COPE PR e militares BPFRON cumprem mandado de prisão pelo crime de tráfico de drogas , em Itaipulândia
tráfico	NOUN	0	406	16	Policiais federais , civis COPE PR e militares BPFRON cumprem mandado de prisão pelo crime de tráfico de drogas , em Itaipulândia
de	ADP	0	406	17	Policiais federais , civis COPE PR e militares BPFRON cumprem mandado de prisão pelo crime de tráfico de drogas , em Itaipulândia
drogas	NOUN	0	406	18	Policiais federais , civis COPE PR e militares BPFRON cumprem mandado de prisão pelo crime de tráfico de drogas , em Itaipulândia
,	PUNCT	0	406	19	Policiais federais , civis COPE PR e militares BPFRON cumprem mandado de prisão pelo crime de tráfico de drogas , em Itaipulândia
em	ADP	0	406	20	Policiais federais , civis COPE PR e militares BPFRON cumprem mandado de prisão pelo crime de tráfico de drogas , em Itaipulândia
Itaipulândia	PROPN	1	406	21	Policiais federais , civis COPE PR e militares BPFRON cumprem mandado de prisão pelo crime de tráfico de drogas , em Itaipulândia
PF	PROPN	1	407	0	PF , em ação conjunta com a Receita , apreende droga dentro de cosméticos
,	PUNCT	0	407	1	PF , em ação conjunta com a Receita , apreende droga dentro de cosméticos
em	ADP	0	407	2	PF , em ação conjunta com a Receita , apreende droga dentro de cosméticos
ação	NOUN	0	407	3	PF , em ação conjunta com a Receita , apreende droga dentro de cosméticos
conjunta	ADJ	0	407	4	PF , em ação conjunta com a Receita , apreende droga dentro de cosméticos
com	ADP	0	407	5	PF , em ação conjunta com a Receita , apreende droga dentro de cosméticos
a	DET	0	407	6	PF , em ação conjunta com a Receita , apreende droga dentro de cosméticos
Receita	NOUN	1	407	7	PF , em ação conjunta com a Receita , apreende droga dentro de cosméticos
,	PUNCT	0	407	8	PF , em ação conjunta com a Receita , apreende droga dentro de cosméticos
apreende	VERB	1	407	9	PF , em ação conjunta com a Receita , apreende droga dentro de cosméticos
droga	NOUN	0	407	10	PF , em ação conjunta com a Receita , apreende droga dentro de cosméticos
dentro	ADV	0	407	11	PF , em ação conjunta com a Receita , apreende droga dentro de cosméticos
de	ADP	0	407	12	PF , em ação conjunta com a Receita , apreende droga dentro de cosméticos
cosméticos	NOUN	1	407	13	PF , em ação conjunta com a Receita , apreende droga dentro de cosméticos
Polícia	PROPN	0	408	0	Polícia Federal e APPA realizam fiscalização ambiental no Porto de Paranaguá
Federal	PROPN	0	408	1	Polícia Federal e APPA realizam fiscalização ambiental no Porto de Paranaguá
e	CCONJ	0	408	2	Polícia Federal e APPA realizam fiscalização ambiental no Porto de Paranaguá
APPA	PROPN	1	408	3	Polícia Federal e APPA realizam fiscalização ambiental no Porto de Paranaguá
realizam	VERB	0	408	4	Polícia Federal e APPA realizam fiscalização ambiental no Porto de Paranaguá
fiscalização	NOUN	0	408	5	Polícia Federal e APPA realizam fiscalização ambiental no Porto de Paranaguá
ambiental	ADJ	0	408	6	Polícia Federal e APPA realizam fiscalização ambiental no Porto de Paranaguá
no	ADP	0	408	7	Polícia Federal e APPA realizam fiscalização ambiental no Porto de Paranaguá
Porto	PROPN	0	408	8	Polícia Federal e APPA realizam fiscalização ambiental no Porto de Paranaguá
de	ADP	0	408	9	Polícia Federal e APPA realizam fiscalização ambiental no Porto de Paranaguá
Paranaguá	PROPN	1	408	10	Polícia Federal e APPA realizam fiscalização ambiental no Porto de Paranaguá
PF	PROPN	1	409	0	PF desarticula associação criminosa voltada para a prática de crimes ambientais e agrários em terras da União
desarticula	VERB	1	409	1	PF desarticula associação criminosa voltada para a prática de crimes ambientais e agrários em terras da União
associação	NOUN	0	409	2	PF desarticula associação criminosa voltada para a prática de crimes ambientais e agrários em terras da União
criminosa	ADJ	1	409	3	PF desarticula associação criminosa voltada para a prática de crimes ambientais e agrários em terras da União
voltada	VERB	0	409	4	PF desarticula associação criminosa voltada para a prática de crimes ambientais e agrários em terras da União
para	ADP	0	409	5	PF desarticula associação criminosa voltada para a prática de crimes ambientais e agrários em terras da União
a	DET	0	409	6	PF desarticula associação criminosa voltada para a prática de crimes ambientais e agrários em terras da União
prática	NOUN	0	409	7	PF desarticula associação criminosa voltada para a prática de crimes ambientais e agrários em terras da União
de	ADP	0	409	8	PF desarticula associação criminosa voltada para a prática de crimes ambientais e agrários em terras da União
crimes	NOUN	0	409	9	PF desarticula associação criminosa voltada para a prática de crimes ambientais e agrários em terras da União
ambientais	ADJ	0	409	10	PF desarticula associação criminosa voltada para a prática de crimes ambientais e agrários em terras da União
e	CCONJ	0	409	11	PF desarticula associação criminosa voltada para a prática de crimes ambientais e agrários em terras da União
agrários	ADJ	1	409	12	PF desarticula associação criminosa voltada para a prática de crimes ambientais e agrários em terras da União
em	ADP	0	409	13	PF desarticula associação criminosa voltada para a prática de crimes ambientais e agrários em terras da União
terras	NOUN	0	409	14	PF desarticula associação criminosa voltada para a prática de crimes ambientais e agrários em terras da União
da	ADP	0	409	15	PF desarticula associação criminosa voltada para a prática de crimes ambientais e agrários em terras da União
União	PROPN	0	409	16	PF desarticula associação criminosa voltada para a prática de crimes ambientais e agrários em terras da União
Polícia	PROPN	0	410	0	Polícia Federal prende em flagrante negociador de diamantes
Federal	PROPN	0	410	1	Polícia Federal prende em flagrante negociador de diamantes
prende	VERB	1	410	2	Polícia Federal prende em flagrante negociador de diamantes
em	ADP	0	410	3	Polícia Federal prende em flagrante negociador de diamantes
flagrante	ADJ	1	410	4	Polícia Federal prende em flagrante negociador de diamantes
negociador	NOUN	1	410	5	Polícia Federal prende em flagrante negociador de diamantes
de	ADP	0	410	6	Polícia Federal prende em flagrante negociador de diamantes
diamantes	NOUN	0	410	7	Polícia Federal prende em flagrante negociador de diamantes
PF	PROPN	1	411	0	PF apreende droga dentro de adega para vinhos
apreende	VERB	1	411	1	PF apreende droga dentro de adega para vinhos
droga	NOUN	0	411	2	PF apreende droga dentro de adega para vinhos
dentro	ADV	0	411	3	PF apreende droga dentro de adega para vinhos
de	ADP	0	411	4	PF apreende droga dentro de adega para vinhos
adega	NOUN	1	411	5	PF apreende droga dentro de adega para vinhos
para	ADP	0	411	6	PF apreende droga dentro de adega para vinhos
vinhos	NOUN	1	411	7	PF apreende droga dentro de adega para vinhos
FICCO	PROPN	1	412	0	FICCO - UBERABA , GFRON , PMMT e COD - PM GO apreendem mais de 26 kg de pasta base de cocaína
-	PUNCT	0	412	1	FICCO - UBERABA , GFRON , PMMT e COD - PM GO apreendem mais de 26 kg de pasta base de cocaína
UBERABA	PROPN	1	412	2	FICCO - UBERABA , GFRON , PMMT e COD - PM GO apreendem mais de 26 kg de pasta base de cocaína
,	PUNCT	0	412	3	FICCO - UBERABA , GFRON , PMMT e COD - PM GO apreendem mais de 26 kg de pasta base de cocaína
GFRON	PROPN	1	412	4	FICCO - UBERABA , GFRON , PMMT e COD - PM GO apreendem mais de 26 kg de pasta base de cocaína
,	PUNCT	0	412	5	FICCO - UBERABA , GFRON , PMMT e COD - PM GO apreendem mais de 26 kg de pasta base de cocaína
PMMT	PROPN	1	412	6	FICCO - UBERABA , GFRON , PMMT e COD - PM GO apreendem mais de 26 kg de pasta base de cocaína
e	CCONJ	0	412	7	FICCO - UBERABA , GFRON , PMMT e COD - PM GO apreendem mais de 26 kg de pasta base de cocaína
COD	PROPN	1	412	8	FICCO - UBERABA , GFRON , PMMT e COD - PM GO apreendem mais de 26 kg de pasta base de cocaína
-	PUNCT	0	412	9	FICCO - UBERABA , GFRON , PMMT e COD - PM GO apreendem mais de 26 kg de pasta base de cocaína
PM	PROPN	0	412	10	FICCO - UBERABA , GFRON , PMMT e COD - PM GO apreendem mais de 26 kg de pasta base de cocaína
GO	PROPN	1	412	11	FICCO - UBERABA , GFRON , PMMT e COD - PM GO apreendem mais de 26 kg de pasta base de cocaína
apreendem	VERB	1	412	12	FICCO - UBERABA , GFRON , PMMT e COD - PM GO apreendem mais de 26 kg de pasta base de cocaína
mais	ADV	0	412	13	FICCO - UBERABA , GFRON , PMMT e COD - PM GO apreendem mais de 26 kg de pasta base de cocaína
de	ADP	0	412	14	FICCO - UBERABA , GFRON , PMMT e COD - PM GO apreendem mais de 26 kg de pasta base de cocaína
26	NUM	0	412	15	FICCO - UBERABA , GFRON , PMMT e COD - PM GO apreendem mais de 26 kg de pasta base de cocaína
kg	NOUN	0	412	16	FICCO - UBERABA , GFRON , PMMT e COD - PM GO apreendem mais de 26 kg de pasta base de cocaína
de	ADP	0	412	17	FICCO - UBERABA , GFRON , PMMT e COD - PM GO apreendem mais de 26 kg de pasta base de cocaína
pasta	NOUN	0	412	18	FICCO - UBERABA , GFRON , PMMT e COD - PM GO apreendem mais de 26 kg de pasta base de cocaína
base	NOUN	0	412	19	FICCO - UBERABA , GFRON , PMMT e COD - PM GO apreendem mais de 26 kg de pasta base de cocaína
de	ADP	0	412	20	FICCO - UBERABA , GFRON , PMMT e COD - PM GO apreendem mais de 26 kg de pasta base de cocaína
cocaína	NOUN	1	412	21	FICCO - UBERABA , GFRON , PMMT e COD - PM GO apreendem mais de 26 kg de pasta base de cocaína
A	DET	0	413	0	A Polícia Federal apreendeu 250 quilos de cocaína em Ponta Porã MS
Polícia	PROPN	0	413	1	A Polícia Federal apreendeu 250 quilos de cocaína em Ponta Porã MS
Federal	PROPN	0	413	2	A Polícia Federal apreendeu 250 quilos de cocaína em Ponta Porã MS
apreendeu	VERB	1	413	3	A Polícia Federal apreendeu 250 quilos de cocaína em Ponta Porã MS
250	NUM	0	413	4	A Polícia Federal apreendeu 250 quilos de cocaína em Ponta Porã MS
quilos	NOUN	1	413	5	A Polícia Federal apreendeu 250 quilos de cocaína em Ponta Porã MS
de	ADP	0	413	6	A Polícia Federal apreendeu 250 quilos de cocaína em Ponta Porã MS
cocaína	NOUN	1	413	7	A Polícia Federal apreendeu 250 quilos de cocaína em Ponta Porã MS
em	ADP	0	413	8	A Polícia Federal apreendeu 250 quilos de cocaína em Ponta Porã MS
Ponta	PROPN	0	413	9	A Polícia Federal apreendeu 250 quilos de cocaína em Ponta Porã MS
Porã	PROPN	1	413	10	A Polícia Federal apreendeu 250 quilos de cocaína em Ponta Porã MS
MS	PROPN	0	413	11	A Polícia Federal apreendeu 250 quilos de cocaína em Ponta Porã MS
PF	PROPN	1	414	0	PF prende foragido por tráfico internacional de drogas
prende	VERB	1	414	1	PF prende foragido por tráfico internacional de drogas
foragido	NOUN	1	414	2	PF prende foragido por tráfico internacional de drogas
por	ADP	0	414	3	PF prende foragido por tráfico internacional de drogas
tráfico	NOUN	0	414	4	PF prende foragido por tráfico internacional de drogas
internacional	ADJ	0	414	5	PF prende foragido por tráfico internacional de drogas
de	ADP	0	414	6	PF prende foragido por tráfico internacional de drogas
drogas	NOUN	0	414	7	PF prende foragido por tráfico internacional de drogas
PF	PROPN	1	415	0	PF apreende cocaína dentro de edredons
apreende	VERB	1	415	1	PF apreende cocaína dentro de edredons
cocaína	NOUN	1	415	2	PF apreende cocaína dentro de edredons
dentro	ADV	0	415	3	PF apreende cocaína dentro de edredons
de	ADP	0	415	4	PF apreende cocaína dentro de edredons
edredons	NOUN	1	415	5	PF apreende cocaína dentro de edredons
Polícia	PROPN	0	416	0	Polícia Federal apreende mais de 3 , 5 kg de cocaína em dois aeroportos do Amazonas
Federal	PROPN	0	416	1	Polícia Federal apreende mais de 3 , 5 kg de cocaína em dois aeroportos do Amazonas
apreende	VERB	1	416	2	Polícia Federal apreende mais de 3 , 5 kg de cocaína em dois aeroportos do Amazonas
mais	ADV	0	416	3	Polícia Federal apreende mais de 3 , 5 kg de cocaína em dois aeroportos do Amazonas
de	ADP	0	416	4	Polícia Federal apreende mais de 3 , 5 kg de cocaína em dois aeroportos do Amazonas
3	NUM	0	416	5	Polícia Federal apreende mais de 3 , 5 kg de cocaína em dois aeroportos do Amazonas
,	PUNCT	0	416	6	Polícia Federal apreende mais de 3 , 5 kg de cocaína em dois aeroportos do Amazonas
5	NUM	0	416	7	Polícia Federal apreende mais de 3 , 5 kg de cocaína em dois aeroportos do Amazonas
kg	NOUN	0	416	8	Polícia Federal apreende mais de 3 , 5 kg de cocaína em dois aeroportos do Amazonas
de	ADP	0	416	9	Polícia Federal apreende mais de 3 , 5 kg de cocaína em dois aeroportos do Amazonas
cocaína	NOUN	1	416	10	Polícia Federal apreende mais de 3 , 5 kg de cocaína em dois aeroportos do Amazonas
em	ADP	0	416	11	Polícia Federal apreende mais de 3 , 5 kg de cocaína em dois aeroportos do Amazonas
dois	NUM	0	416	12	Polícia Federal apreende mais de 3 , 5 kg de cocaína em dois aeroportos do Amazonas
aeroportos	NOUN	0	416	13	Polícia Federal apreende mais de 3 , 5 kg de cocaína em dois aeroportos do Amazonas
do	ADP	0	416	14	Polícia Federal apreende mais de 3 , 5 kg de cocaína em dois aeroportos do Amazonas
Amazonas	PROPN	0	416	15	Polícia Federal apreende mais de 3 , 5 kg de cocaína em dois aeroportos do Amazonas
PF	PROPN	1	417	0	PF apreende carretas com 60 m de madeira em porto de Manaus
apreende	VERB	1	417	1	PF apreende carretas com 60 m de madeira em porto de Manaus
carretas	NOUN	1	417	2	PF apreende carretas com 60 m de madeira em porto de Manaus
com	ADP	0	417	3	PF apreende carretas com 60 m de madeira em porto de Manaus
60	NUM	0	417	4	PF apreende carretas com 60 m de madeira em porto de Manaus
m	NOUN	0	417	5	PF apreende carretas com 60 m de madeira em porto de Manaus
de	ADP	0	417	6	PF apreende carretas com 60 m de madeira em porto de Manaus
madeira	NOUN	0	417	7	PF apreende carretas com 60 m de madeira em porto de Manaus
em	ADP	0	417	8	PF apreende carretas com 60 m de madeira em porto de Manaus
porto	NOUN	0	417	9	PF apreende carretas com 60 m de madeira em porto de Manaus
de	ADP	0	417	10	PF apreende carretas com 60 m de madeira em porto de Manaus
Manaus	PROPN	0	417	11	PF apreende carretas com 60 m de madeira em porto de Manaus
Polícia	PROPN	0	418	0	Polícia Federal esclarece sobre prazos migratórios
Federal	PROPN	0	418	1	Polícia Federal esclarece sobre prazos migratórios
esclarece	VERB	1	418	2	Polícia Federal esclarece sobre prazos migratórios
sobre	ADP	0	418	3	Polícia Federal esclarece sobre prazos migratórios
prazos	NOUN	1	418	4	Polícia Federal esclarece sobre prazos migratórios
migratórios	ADJ	1	418	5	Polícia Federal esclarece sobre prazos migratórios
PF	PROPN	1	419	0	PF deflagrou a Operação Expresso 155 de combate tráfico de drogas interestadual
deflagrou	VERB	1	419	1	PF deflagrou a Operação Expresso 155 de combate tráfico de drogas interestadual
a	DET	0	419	2	PF deflagrou a Operação Expresso 155 de combate tráfico de drogas interestadual
Operação	PROPN	0	419	3	PF deflagrou a Operação Expresso 155 de combate tráfico de drogas interestadual
Expresso	PROPN	1	419	4	PF deflagrou a Operação Expresso 155 de combate tráfico de drogas interestadual
155	PROPN	0	419	5	PF deflagrou a Operação Expresso 155 de combate tráfico de drogas interestadual
de	ADP	0	419	6	PF deflagrou a Operação Expresso 155 de combate tráfico de drogas interestadual
combate	NOUN	0	419	7	PF deflagrou a Operação Expresso 155 de combate tráfico de drogas interestadual
tráfico	ADJ	0	419	8	PF deflagrou a Operação Expresso 155 de combate tráfico de drogas interestadual
de	ADP	0	419	9	PF deflagrou a Operação Expresso 155 de combate tráfico de drogas interestadual
drogas	NOUN	0	419	10	PF deflagrou a Operação Expresso 155 de combate tráfico de drogas interestadual
interestadual	ADJ	1	419	11	PF deflagrou a Operação Expresso 155 de combate tráfico de drogas interestadual
PF	PROPN	1	420	0	PF deflagra segunda fase da Operação Aversa contra o tráfico de drogas em Campo Grande MS
deflagra	VERB	1	420	1	PF deflagra segunda fase da Operação Aversa contra o tráfico de drogas em Campo Grande MS
segunda	ADJ	0	420	2	PF deflagra segunda fase da Operação Aversa contra o tráfico de drogas em Campo Grande MS
fase	NOUN	0	420	3	PF deflagra segunda fase da Operação Aversa contra o tráfico de drogas em Campo Grande MS
da	ADP	0	420	4	PF deflagra segunda fase da Operação Aversa contra o tráfico de drogas em Campo Grande MS
Operação	PROPN	0	420	5	PF deflagra segunda fase da Operação Aversa contra o tráfico de drogas em Campo Grande MS
Aversa	PROPN	1	420	6	PF deflagra segunda fase da Operação Aversa contra o tráfico de drogas em Campo Grande MS
contra	ADP	0	420	7	PF deflagra segunda fase da Operação Aversa contra o tráfico de drogas em Campo Grande MS
o	DET	0	420	8	PF deflagra segunda fase da Operação Aversa contra o tráfico de drogas em Campo Grande MS
tráfico	NOUN	0	420	9	PF deflagra segunda fase da Operação Aversa contra o tráfico de drogas em Campo Grande MS
de	ADP	0	420	10	PF deflagra segunda fase da Operação Aversa contra o tráfico de drogas em Campo Grande MS
drogas	NOUN	0	420	11	PF deflagra segunda fase da Operação Aversa contra o tráfico de drogas em Campo Grande MS
em	ADP	0	420	12	PF deflagra segunda fase da Operação Aversa contra o tráfico de drogas em Campo Grande MS
Campo	PROPN	0	420	13	PF deflagra segunda fase da Operação Aversa contra o tráfico de drogas em Campo Grande MS
Grande	PROPN	0	420	14	PF deflagra segunda fase da Operação Aversa contra o tráfico de drogas em Campo Grande MS
MS	PROPN	0	420	15	PF deflagra segunda fase da Operação Aversa contra o tráfico de drogas em Campo Grande MS
Polícia	PROPN	0	421	0	Polícia Federal apreende mais de R 250 mil em moeda falsa
Federal	PROPN	0	421	1	Polícia Federal apreende mais de R 250 mil em moeda falsa
apreende	VERB	1	421	2	Polícia Federal apreende mais de R 250 mil em moeda falsa
mais	ADV	0	421	3	Polícia Federal apreende mais de R 250 mil em moeda falsa
de	ADP	0	421	4	Polícia Federal apreende mais de R 250 mil em moeda falsa
R	SYM	0	421	5	Polícia Federal apreende mais de R 250 mil em moeda falsa
250	NUM	0	421	6	Polícia Federal apreende mais de R 250 mil em moeda falsa
mil	NUM	0	421	7	Polícia Federal apreende mais de R 250 mil em moeda falsa
em	ADP	0	421	8	Polícia Federal apreende mais de R 250 mil em moeda falsa
moeda	NOUN	0	421	9	Polícia Federal apreende mais de R 250 mil em moeda falsa
falsa	ADJ	0	421	10	Polícia Federal apreende mais de R 250 mil em moeda falsa
Polícia	PROPN	0	422	0	Polícia Federal combate contrabando em Campinas
Federal	PROPN	0	422	1	Polícia Federal combate contrabando em Campinas
combate	VERB	0	422	2	Polícia Federal combate contrabando em Campinas
contrabando	VERB	1	422	3	Polícia Federal combate contrabando em Campinas
em	ADP	0	422	4	Polícia Federal combate contrabando em Campinas
Campinas	PROPN	0	422	5	Polícia Federal combate contrabando em Campinas
Polícia	PROPN	0	423	0	Polícia Federal deflagra Operação Quarta Parcela no combate a fraudes contra benefícios emergenciais
Federal	PROPN	0	423	1	Polícia Federal deflagra Operação Quarta Parcela no combate a fraudes contra benefícios emergenciais
deflagra	VERB	1	423	2	Polícia Federal deflagra Operação Quarta Parcela no combate a fraudes contra benefícios emergenciais
Operação	PROPN	0	423	3	Polícia Federal deflagra Operação Quarta Parcela no combate a fraudes contra benefícios emergenciais
Quarta	PROPN	0	423	4	Polícia Federal deflagra Operação Quarta Parcela no combate a fraudes contra benefícios emergenciais
Parcela	PROPN	1	423	5	Polícia Federal deflagra Operação Quarta Parcela no combate a fraudes contra benefícios emergenciais
no	ADP	0	423	6	Polícia Federal deflagra Operação Quarta Parcela no combate a fraudes contra benefícios emergenciais
combate	NOUN	0	423	7	Polícia Federal deflagra Operação Quarta Parcela no combate a fraudes contra benefícios emergenciais
a	ADP	0	423	8	Polícia Federal deflagra Operação Quarta Parcela no combate a fraudes contra benefícios emergenciais
fraudes	NOUN	1	423	9	Polícia Federal deflagra Operação Quarta Parcela no combate a fraudes contra benefícios emergenciais
contra	ADP	0	423	10	Polícia Federal deflagra Operação Quarta Parcela no combate a fraudes contra benefícios emergenciais
benefícios	NOUN	0	423	11	Polícia Federal deflagra Operação Quarta Parcela no combate a fraudes contra benefícios emergenciais
emergenciais	ADJ	1	423	12	Polícia Federal deflagra Operação Quarta Parcela no combate a fraudes contra benefícios emergenciais
Polícia	PROPN	0	424	0	Polícia Federal desarticula facção criminosa estabelecida na região da Serra Gaúcha
Federal	PROPN	0	424	1	Polícia Federal desarticula facção criminosa estabelecida na região da Serra Gaúcha
desarticula	VERB	1	424	2	Polícia Federal desarticula facção criminosa estabelecida na região da Serra Gaúcha
facção	NOUN	0	424	3	Polícia Federal desarticula facção criminosa estabelecida na região da Serra Gaúcha
criminosa	ADJ	1	424	4	Polícia Federal desarticula facção criminosa estabelecida na região da Serra Gaúcha
estabelecida	VERB	0	424	5	Polícia Federal desarticula facção criminosa estabelecida na região da Serra Gaúcha
na	ADP	0	424	6	Polícia Federal desarticula facção criminosa estabelecida na região da Serra Gaúcha
região	NOUN	0	424	7	Polícia Federal desarticula facção criminosa estabelecida na região da Serra Gaúcha
da	ADP	0	424	8	Polícia Federal desarticula facção criminosa estabelecida na região da Serra Gaúcha
Serra	PROPN	0	424	9	Polícia Federal desarticula facção criminosa estabelecida na região da Serra Gaúcha
Gaúcha	PROPN	1	424	10	Polícia Federal desarticula facção criminosa estabelecida na região da Serra Gaúcha
Polícia	PROPN	0	425	0	Polícia Federal cumpre mais um mandado de prisão preventiva referente à Operação Enterprise
Federal	PROPN	0	425	1	Polícia Federal cumpre mais um mandado de prisão preventiva referente à Operação Enterprise
cumpre	VERB	1	425	2	Polícia Federal cumpre mais um mandado de prisão preventiva referente à Operação Enterprise
mais	ADV	0	425	3	Polícia Federal cumpre mais um mandado de prisão preventiva referente à Operação Enterprise
um	NUM	0	425	4	Polícia Federal cumpre mais um mandado de prisão preventiva referente à Operação Enterprise
mandado	NOUN	0	425	5	Polícia Federal cumpre mais um mandado de prisão preventiva referente à Operação Enterprise
de	ADP	0	425	6	Polícia Federal cumpre mais um mandado de prisão preventiva referente à Operação Enterprise
prisão	NOUN	0	425	7	Polícia Federal cumpre mais um mandado de prisão preventiva referente à Operação Enterprise
preventiva	ADJ	1	425	8	Polícia Federal cumpre mais um mandado de prisão preventiva referente à Operação Enterprise
referente	ADV	0	425	9	Polícia Federal cumpre mais um mandado de prisão preventiva referente à Operação Enterprise
à	ADP	0	425	10	Polícia Federal cumpre mais um mandado de prisão preventiva referente à Operação Enterprise
Operação	PROPN	0	425	11	Polícia Federal cumpre mais um mandado de prisão preventiva referente à Operação Enterprise
Enterprise	PROPN	1	425	12	Polícia Federal cumpre mais um mandado de prisão preventiva referente à Operação Enterprise
Operação	NOUN	0	426	0	Operação Estoque Zero investiga irregularidades na utilização recursos destinados ao combate da pandemia de Covid - 19
Estoque	PROPN	1	426	1	Operação Estoque Zero investiga irregularidades na utilização recursos destinados ao combate da pandemia de Covid - 19
Zero	PROPN	0	426	2	Operação Estoque Zero investiga irregularidades na utilização recursos destinados ao combate da pandemia de Covid - 19
investiga	VERB	1	426	3	Operação Estoque Zero investiga irregularidades na utilização recursos destinados ao combate da pandemia de Covid - 19
irregularidades	NOUN	1	426	4	Operação Estoque Zero investiga irregularidades na utilização recursos destinados ao combate da pandemia de Covid - 19
na	ADP	0	426	5	Operação Estoque Zero investiga irregularidades na utilização recursos destinados ao combate da pandemia de Covid - 19
utilização	NOUN	0	426	6	Operação Estoque Zero investiga irregularidades na utilização recursos destinados ao combate da pandemia de Covid - 19
recursos	NOUN	0	426	7	Operação Estoque Zero investiga irregularidades na utilização recursos destinados ao combate da pandemia de Covid - 19
destinados	VERB	0	426	8	Operação Estoque Zero investiga irregularidades na utilização recursos destinados ao combate da pandemia de Covid - 19
ao	ADP	0	426	9	Operação Estoque Zero investiga irregularidades na utilização recursos destinados ao combate da pandemia de Covid - 19
combate	NOUN	0	426	10	Operação Estoque Zero investiga irregularidades na utilização recursos destinados ao combate da pandemia de Covid - 19
da	ADP	0	426	11	Operação Estoque Zero investiga irregularidades na utilização recursos destinados ao combate da pandemia de Covid - 19
pandemia	NOUN	1	426	12	Operação Estoque Zero investiga irregularidades na utilização recursos destinados ao combate da pandemia de Covid - 19
de	ADP	0	426	13	Operação Estoque Zero investiga irregularidades na utilização recursos destinados ao combate da pandemia de Covid - 19
Covid	PROPN	1	426	14	Operação Estoque Zero investiga irregularidades na utilização recursos destinados ao combate da pandemia de Covid - 19
-	PUNCT	0	426	15	Operação Estoque Zero investiga irregularidades na utilização recursos destinados ao combate da pandemia de Covid - 19
19	NUM	0	426	16	Operação Estoque Zero investiga irregularidades na utilização recursos destinados ao combate da pandemia de Covid - 19
PF	PROPN	1	427	0	PF investiga grupo criminoso que cobrava para influir em órgãos públicos no DF
investiga	VERB	1	427	1	PF investiga grupo criminoso que cobrava para influir em órgãos públicos no DF
grupo	NOUN	0	427	2	PF investiga grupo criminoso que cobrava para influir em órgãos públicos no DF
criminoso	ADJ	0	427	3	PF investiga grupo criminoso que cobrava para influir em órgãos públicos no DF
que	PRON	0	427	4	PF investiga grupo criminoso que cobrava para influir em órgãos públicos no DF
cobrava	VERB	1	427	5	PF investiga grupo criminoso que cobrava para influir em órgãos públicos no DF
para	SCONJ	0	427	6	PF investiga grupo criminoso que cobrava para influir em órgãos públicos no DF
influir	VERB	1	427	7	PF investiga grupo criminoso que cobrava para influir em órgãos públicos no DF
em	ADP	0	427	8	PF investiga grupo criminoso que cobrava para influir em órgãos públicos no DF
órgãos	NOUN	0	427	9	PF investiga grupo criminoso que cobrava para influir em órgãos públicos no DF
públicos	ADJ	0	427	10	PF investiga grupo criminoso que cobrava para influir em órgãos públicos no DF
no	ADP	0	427	11	PF investiga grupo criminoso que cobrava para influir em órgãos públicos no DF
DF	PROPN	1	427	12	PF investiga grupo criminoso que cobrava para influir em órgãos públicos no DF
Polícia	PROPN	0	428	0	Polícia Federal deflagra Operação Ossobuco para investigar fraudes em contratos firmados entre empresas e hospitais federais sediados no Rio de Janeiro
Federal	PROPN	0	428	1	Polícia Federal deflagra Operação Ossobuco para investigar fraudes em contratos firmados entre empresas e hospitais federais sediados no Rio de Janeiro
deflagra	VERB	1	428	2	Polícia Federal deflagra Operação Ossobuco para investigar fraudes em contratos firmados entre empresas e hospitais federais sediados no Rio de Janeiro
Operação	PROPN	0	428	3	Polícia Federal deflagra Operação Ossobuco para investigar fraudes em contratos firmados entre empresas e hospitais federais sediados no Rio de Janeiro
Ossobuco	PROPN	1	428	4	Polícia Federal deflagra Operação Ossobuco para investigar fraudes em contratos firmados entre empresas e hospitais federais sediados no Rio de Janeiro
para	SCONJ	0	428	5	Polícia Federal deflagra Operação Ossobuco para investigar fraudes em contratos firmados entre empresas e hospitais federais sediados no Rio de Janeiro
investigar	VERB	0	428	6	Polícia Federal deflagra Operação Ossobuco para investigar fraudes em contratos firmados entre empresas e hospitais federais sediados no Rio de Janeiro
fraudes	NOUN	1	428	7	Polícia Federal deflagra Operação Ossobuco para investigar fraudes em contratos firmados entre empresas e hospitais federais sediados no Rio de Janeiro
em	ADP	0	428	8	Polícia Federal deflagra Operação Ossobuco para investigar fraudes em contratos firmados entre empresas e hospitais federais sediados no Rio de Janeiro
contratos	NOUN	0	428	9	Polícia Federal deflagra Operação Ossobuco para investigar fraudes em contratos firmados entre empresas e hospitais federais sediados no Rio de Janeiro
firmados	VERB	1	428	10	Polícia Federal deflagra Operação Ossobuco para investigar fraudes em contratos firmados entre empresas e hospitais federais sediados no Rio de Janeiro
entre	ADP	0	428	11	Polícia Federal deflagra Operação Ossobuco para investigar fraudes em contratos firmados entre empresas e hospitais federais sediados no Rio de Janeiro
empresas	NOUN	0	428	12	Polícia Federal deflagra Operação Ossobuco para investigar fraudes em contratos firmados entre empresas e hospitais federais sediados no Rio de Janeiro
e	CCONJ	0	428	13	Polícia Federal deflagra Operação Ossobuco para investigar fraudes em contratos firmados entre empresas e hospitais federais sediados no Rio de Janeiro
hospitais	NOUN	0	428	14	Polícia Federal deflagra Operação Ossobuco para investigar fraudes em contratos firmados entre empresas e hospitais federais sediados no Rio de Janeiro
federais	ADJ	0	428	15	Polícia Federal deflagra Operação Ossobuco para investigar fraudes em contratos firmados entre empresas e hospitais federais sediados no Rio de Janeiro
sediados	VERB	1	428	16	Polícia Federal deflagra Operação Ossobuco para investigar fraudes em contratos firmados entre empresas e hospitais federais sediados no Rio de Janeiro
no	ADP	0	428	17	Polícia Federal deflagra Operação Ossobuco para investigar fraudes em contratos firmados entre empresas e hospitais federais sediados no Rio de Janeiro
Rio	PROPN	0	428	18	Polícia Federal deflagra Operação Ossobuco para investigar fraudes em contratos firmados entre empresas e hospitais federais sediados no Rio de Janeiro
de	ADP	0	428	19	Polícia Federal deflagra Operação Ossobuco para investigar fraudes em contratos firmados entre empresas e hospitais federais sediados no Rio de Janeiro
Janeiro	PROPN	0	428	20	Polícia Federal deflagra Operação Ossobuco para investigar fraudes em contratos firmados entre empresas e hospitais federais sediados no Rio de Janeiro
Operação	PROPN	0	429	0	Operação Escambo investiga envolvido em tráfico de drogas e receptação de motocicletas roubadas em Rondônia
Escambo	PROPN	1	429	1	Operação Escambo investiga envolvido em tráfico de drogas e receptação de motocicletas roubadas em Rondônia
investiga	VERB	1	429	2	Operação Escambo investiga envolvido em tráfico de drogas e receptação de motocicletas roubadas em Rondônia
envolvido	VERB	0	429	3	Operação Escambo investiga envolvido em tráfico de drogas e receptação de motocicletas roubadas em Rondônia
em	ADP	0	429	4	Operação Escambo investiga envolvido em tráfico de drogas e receptação de motocicletas roubadas em Rondônia
tráfico	NOUN	0	429	5	Operação Escambo investiga envolvido em tráfico de drogas e receptação de motocicletas roubadas em Rondônia
de	ADP	0	429	6	Operação Escambo investiga envolvido em tráfico de drogas e receptação de motocicletas roubadas em Rondônia
drogas	NOUN	0	429	7	Operação Escambo investiga envolvido em tráfico de drogas e receptação de motocicletas roubadas em Rondônia
e	CCONJ	0	429	8	Operação Escambo investiga envolvido em tráfico de drogas e receptação de motocicletas roubadas em Rondônia
receptação	NOUN	1	429	9	Operação Escambo investiga envolvido em tráfico de drogas e receptação de motocicletas roubadas em Rondônia
de	ADP	0	429	10	Operação Escambo investiga envolvido em tráfico de drogas e receptação de motocicletas roubadas em Rondônia
motocicletas	NOUN	1	429	11	Operação Escambo investiga envolvido em tráfico de drogas e receptação de motocicletas roubadas em Rondônia
roubadas	VERB	1	429	12	Operação Escambo investiga envolvido em tráfico de drogas e receptação de motocicletas roubadas em Rondônia
em	ADP	0	429	13	Operação Escambo investiga envolvido em tráfico de drogas e receptação de motocicletas roubadas em Rondônia
Rondônia	PROPN	0	429	14	Operação Escambo investiga envolvido em tráfico de drogas e receptação de motocicletas roubadas em Rondônia
PF	PROPN	1	430	0	PF deflagra Operação Olho da Providência para combater desmatamento e invasões de terras públicas no Acre
deflagra	VERB	1	430	1	PF deflagra Operação Olho da Providência para combater desmatamento e invasões de terras públicas no Acre
Operação	PROPN	0	430	2	PF deflagra Operação Olho da Providência para combater desmatamento e invasões de terras públicas no Acre
Olho	PROPN	1	430	3	PF deflagra Operação Olho da Providência para combater desmatamento e invasões de terras públicas no Acre
da	ADP	0	430	4	PF deflagra Operação Olho da Providência para combater desmatamento e invasões de terras públicas no Acre
Providência	PROPN	1	430	5	PF deflagra Operação Olho da Providência para combater desmatamento e invasões de terras públicas no Acre
para	SCONJ	0	430	6	PF deflagra Operação Olho da Providência para combater desmatamento e invasões de terras públicas no Acre
combater	VERB	0	430	7	PF deflagra Operação Olho da Providência para combater desmatamento e invasões de terras públicas no Acre
desmatamento	NOUN	1	430	8	PF deflagra Operação Olho da Providência para combater desmatamento e invasões de terras públicas no Acre
e	CCONJ	0	430	9	PF deflagra Operação Olho da Providência para combater desmatamento e invasões de terras públicas no Acre
invasões	NOUN	0	430	10	PF deflagra Operação Olho da Providência para combater desmatamento e invasões de terras públicas no Acre
de	ADP	0	430	11	PF deflagra Operação Olho da Providência para combater desmatamento e invasões de terras públicas no Acre
terras	NOUN	0	430	12	PF deflagra Operação Olho da Providência para combater desmatamento e invasões de terras públicas no Acre
públicas	ADJ	0	430	13	PF deflagra Operação Olho da Providência para combater desmatamento e invasões de terras públicas no Acre
no	ADP	0	430	14	PF deflagra Operação Olho da Providência para combater desmatamento e invasões de terras públicas no Acre
Acre	PROPN	0	430	15	PF deflagra Operação Olho da Providência para combater desmatamento e invasões de terras públicas no Acre
Polícia	PROPN	0	431	0	Polícia Federal enfrenta núcleo de facção criminosa no Amapá
Federal	PROPN	0	431	1	Polícia Federal enfrenta núcleo de facção criminosa no Amapá
enfrenta	VERB	0	431	2	Polícia Federal enfrenta núcleo de facção criminosa no Amapá
núcleo	NOUN	0	431	3	Polícia Federal enfrenta núcleo de facção criminosa no Amapá
de	ADP	0	431	4	Polícia Federal enfrenta núcleo de facção criminosa no Amapá
facção	NOUN	0	431	5	Polícia Federal enfrenta núcleo de facção criminosa no Amapá
criminosa	ADJ	1	431	6	Polícia Federal enfrenta núcleo de facção criminosa no Amapá
no	ADP	0	431	7	Polícia Federal enfrenta núcleo de facção criminosa no Amapá
Amapá	PROPN	0	431	8	Polícia Federal enfrenta núcleo de facção criminosa no Amapá
PF	PROPN	1	432	0	PF apreende caminhão com mais de 7 toneladas de maconha em Ponta Porã MS
apreende	VERB	1	432	1	PF apreende caminhão com mais de 7 toneladas de maconha em Ponta Porã MS
caminhão	NOUN	0	432	2	PF apreende caminhão com mais de 7 toneladas de maconha em Ponta Porã MS
com	ADP	0	432	3	PF apreende caminhão com mais de 7 toneladas de maconha em Ponta Porã MS
mais	ADV	0	432	4	PF apreende caminhão com mais de 7 toneladas de maconha em Ponta Porã MS
de	ADP	0	432	5	PF apreende caminhão com mais de 7 toneladas de maconha em Ponta Porã MS
7	NUM	0	432	6	PF apreende caminhão com mais de 7 toneladas de maconha em Ponta Porã MS
toneladas	NOUN	0	432	7	PF apreende caminhão com mais de 7 toneladas de maconha em Ponta Porã MS
de	ADP	0	432	8	PF apreende caminhão com mais de 7 toneladas de maconha em Ponta Porã MS
maconha	NOUN	1	432	9	PF apreende caminhão com mais de 7 toneladas de maconha em Ponta Porã MS
em	ADP	0	432	10	PF apreende caminhão com mais de 7 toneladas de maconha em Ponta Porã MS
Ponta	PROPN	0	432	11	PF apreende caminhão com mais de 7 toneladas de maconha em Ponta Porã MS
Porã	PROPN	1	432	12	PF apreende caminhão com mais de 7 toneladas de maconha em Ponta Porã MS
MS	PROPN	0	432	13	PF apreende caminhão com mais de 7 toneladas de maconha em Ponta Porã MS
PF	PROPN	1	433	0	PF apreende mais de 2 kg de droga em voo para a frica do Sul
apreende	VERB	1	433	1	PF apreende mais de 2 kg de droga em voo para a frica do Sul
mais	ADV	0	433	2	PF apreende mais de 2 kg de droga em voo para a frica do Sul
de	ADP	0	433	3	PF apreende mais de 2 kg de droga em voo para a frica do Sul
2	NUM	0	433	4	PF apreende mais de 2 kg de droga em voo para a frica do Sul
kg	NOUN	0	433	5	PF apreende mais de 2 kg de droga em voo para a frica do Sul
de	ADP	0	433	6	PF apreende mais de 2 kg de droga em voo para a frica do Sul
droga	NOUN	0	433	7	PF apreende mais de 2 kg de droga em voo para a frica do Sul
em	ADP	0	433	8	PF apreende mais de 2 kg de droga em voo para a frica do Sul
voo	NOUN	0	433	9	PF apreende mais de 2 kg de droga em voo para a frica do Sul
para	ADP	0	433	10	PF apreende mais de 2 kg de droga em voo para a frica do Sul
a	DET	0	433	11	PF apreende mais de 2 kg de droga em voo para a frica do Sul
frica	NOUN	1	433	12	PF apreende mais de 2 kg de droga em voo para a frica do Sul
do	ADP	0	433	13	PF apreende mais de 2 kg de droga em voo para a frica do Sul
Sul	PROPN	0	433	14	PF apreende mais de 2 kg de droga em voo para a frica do Sul
PF	PROPN	1	434	0	PF recupera objeto furtado da UFRN e apreende dinheiro falso em Natal
recupera	VERB	0	434	1	PF recupera objeto furtado da UFRN e apreende dinheiro falso em Natal
objeto	NOUN	0	434	2	PF recupera objeto furtado da UFRN e apreende dinheiro falso em Natal
furtado	VERB	1	434	3	PF recupera objeto furtado da UFRN e apreende dinheiro falso em Natal
da	ADP	0	434	4	PF recupera objeto furtado da UFRN e apreende dinheiro falso em Natal
UFRN	PROPN	1	434	5	PF recupera objeto furtado da UFRN e apreende dinheiro falso em Natal
e	CCONJ	0	434	6	PF recupera objeto furtado da UFRN e apreende dinheiro falso em Natal
apreende	VERB	1	434	7	PF recupera objeto furtado da UFRN e apreende dinheiro falso em Natal
dinheiro	NOUN	0	434	8	PF recupera objeto furtado da UFRN e apreende dinheiro falso em Natal
falso	ADJ	0	434	9	PF recupera objeto furtado da UFRN e apreende dinheiro falso em Natal
em	ADP	0	434	10	PF recupera objeto furtado da UFRN e apreende dinheiro falso em Natal
Natal	PROPN	0	434	11	PF recupera objeto furtado da UFRN e apreende dinheiro falso em Natal
Operação	NOUN	0	435	0	Operação Cara Grande desativa casas de câmbio que atuavam clandestinamente
Cara	PROPN	0	435	1	Operação Cara Grande desativa casas de câmbio que atuavam clandestinamente
Grande	PROPN	0	435	2	Operação Cara Grande desativa casas de câmbio que atuavam clandestinamente
desativa	VERB	1	435	3	Operação Cara Grande desativa casas de câmbio que atuavam clandestinamente
casas	NOUN	0	435	4	Operação Cara Grande desativa casas de câmbio que atuavam clandestinamente
de	ADP	0	435	5	Operação Cara Grande desativa casas de câmbio que atuavam clandestinamente
câmbio	NOUN	0	435	6	Operação Cara Grande desativa casas de câmbio que atuavam clandestinamente
que	PRON	0	435	7	Operação Cara Grande desativa casas de câmbio que atuavam clandestinamente
atuavam	VERB	1	435	8	Operação Cara Grande desativa casas de câmbio que atuavam clandestinamente
clandestinamente	ADV	1	435	9	Operação Cara Grande desativa casas de câmbio que atuavam clandestinamente
Polícia	PROPN	0	436	0	Polícia Federal apreende 3 kg de skunk no Aeroporto Internacional dos Guararapes , em Pernambuco
Federal	PROPN	0	436	1	Polícia Federal apreende 3 kg de skunk no Aeroporto Internacional dos Guararapes , em Pernambuco
apreende	VERB	1	436	2	Polícia Federal apreende 3 kg de skunk no Aeroporto Internacional dos Guararapes , em Pernambuco
3	NUM	0	436	3	Polícia Federal apreende 3 kg de skunk no Aeroporto Internacional dos Guararapes , em Pernambuco
kg	NOUN	0	436	4	Polícia Federal apreende 3 kg de skunk no Aeroporto Internacional dos Guararapes , em Pernambuco
de	ADP	0	436	5	Polícia Federal apreende 3 kg de skunk no Aeroporto Internacional dos Guararapes , em Pernambuco
skunk	NOUN	1	436	6	Polícia Federal apreende 3 kg de skunk no Aeroporto Internacional dos Guararapes , em Pernambuco
no	ADP	0	436	7	Polícia Federal apreende 3 kg de skunk no Aeroporto Internacional dos Guararapes , em Pernambuco
Aeroporto	PROPN	0	436	8	Polícia Federal apreende 3 kg de skunk no Aeroporto Internacional dos Guararapes , em Pernambuco
Internacional	PROPN	0	436	9	Polícia Federal apreende 3 kg de skunk no Aeroporto Internacional dos Guararapes , em Pernambuco
dos	ADP	0	436	10	Polícia Federal apreende 3 kg de skunk no Aeroporto Internacional dos Guararapes , em Pernambuco
Guararapes	PROPN	1	436	11	Polícia Federal apreende 3 kg de skunk no Aeroporto Internacional dos Guararapes , em Pernambuco
,	PUNCT	0	436	12	Polícia Federal apreende 3 kg de skunk no Aeroporto Internacional dos Guararapes , em Pernambuco
em	ADP	0	436	13	Polícia Federal apreende 3 kg de skunk no Aeroporto Internacional dos Guararapes , em Pernambuco
Pernambuco	PROPN	0	436	14	Polícia Federal apreende 3 kg de skunk no Aeroporto Internacional dos Guararapes , em Pernambuco
PF	PROPN	1	437	0	PF combate a prática ilegal de retenção de cartão de benefícios sociais e previdenciários de indígenas
combate	VERB	0	437	1	PF combate a prática ilegal de retenção de cartão de benefícios sociais e previdenciários de indígenas
a	DET	0	437	2	PF combate a prática ilegal de retenção de cartão de benefícios sociais e previdenciários de indígenas
prática	NOUN	0	437	3	PF combate a prática ilegal de retenção de cartão de benefícios sociais e previdenciários de indígenas
ilegal	ADJ	0	437	4	PF combate a prática ilegal de retenção de cartão de benefícios sociais e previdenciários de indígenas
de	ADP	0	437	5	PF combate a prática ilegal de retenção de cartão de benefícios sociais e previdenciários de indígenas
retenção	NOUN	1	437	6	PF combate a prática ilegal de retenção de cartão de benefícios sociais e previdenciários de indígenas
de	ADP	0	437	7	PF combate a prática ilegal de retenção de cartão de benefícios sociais e previdenciários de indígenas
cartão	NOUN	0	437	8	PF combate a prática ilegal de retenção de cartão de benefícios sociais e previdenciários de indígenas
de	ADP	0	437	9	PF combate a prática ilegal de retenção de cartão de benefícios sociais e previdenciários de indígenas
benefícios	NOUN	0	437	10	PF combate a prática ilegal de retenção de cartão de benefícios sociais e previdenciários de indígenas
sociais	ADJ	0	437	11	PF combate a prática ilegal de retenção de cartão de benefícios sociais e previdenciários de indígenas
e	CCONJ	0	437	12	PF combate a prática ilegal de retenção de cartão de benefícios sociais e previdenciários de indígenas
previdenciários	ADJ	1	437	13	PF combate a prática ilegal de retenção de cartão de benefícios sociais e previdenciários de indígenas
de	ADP	0	437	14	PF combate a prática ilegal de retenção de cartão de benefícios sociais e previdenciários de indígenas
indígenas	ADJ	0	437	15	PF combate a prática ilegal de retenção de cartão de benefícios sociais e previdenciários de indígenas
Polícia	PROPN	0	438	0	Polícia Federal combate prática de jogos de azar , lavagem de dinheiro e evasão de divisas
Federal	PROPN	0	438	1	Polícia Federal combate prática de jogos de azar , lavagem de dinheiro e evasão de divisas
combate	VERB	0	438	2	Polícia Federal combate prática de jogos de azar , lavagem de dinheiro e evasão de divisas
prática	NOUN	0	438	3	Polícia Federal combate prática de jogos de azar , lavagem de dinheiro e evasão de divisas
de	ADP	0	438	4	Polícia Federal combate prática de jogos de azar , lavagem de dinheiro e evasão de divisas
jogos	NOUN	0	438	5	Polícia Federal combate prática de jogos de azar , lavagem de dinheiro e evasão de divisas
de	ADP	0	438	6	Polícia Federal combate prática de jogos de azar , lavagem de dinheiro e evasão de divisas
azar	NOUN	1	438	7	Polícia Federal combate prática de jogos de azar , lavagem de dinheiro e evasão de divisas
,	PUNCT	0	438	8	Polícia Federal combate prática de jogos de azar , lavagem de dinheiro e evasão de divisas
lavagem	NOUN	0	438	9	Polícia Federal combate prática de jogos de azar , lavagem de dinheiro e evasão de divisas
de	ADP	0	438	10	Polícia Federal combate prática de jogos de azar , lavagem de dinheiro e evasão de divisas
dinheiro	NOUN	0	438	11	Polícia Federal combate prática de jogos de azar , lavagem de dinheiro e evasão de divisas
e	CCONJ	0	438	12	Polícia Federal combate prática de jogos de azar , lavagem de dinheiro e evasão de divisas
evasão	NOUN	1	438	13	Polícia Federal combate prática de jogos de azar , lavagem de dinheiro e evasão de divisas
de	ADP	0	438	14	Polícia Federal combate prática de jogos de azar , lavagem de dinheiro e evasão de divisas
divisas	NOUN	1	438	15	Polícia Federal combate prática de jogos de azar , lavagem de dinheiro e evasão de divisas
Polícia	PROPN	0	439	0	Polícia Federal realiza apoio ao IBAMA em operação contra exploração de madeira em área protegida em Ponta Porã MS
Federal	PROPN	0	439	1	Polícia Federal realiza apoio ao IBAMA em operação contra exploração de madeira em área protegida em Ponta Porã MS
realiza	VERB	0	439	2	Polícia Federal realiza apoio ao IBAMA em operação contra exploração de madeira em área protegida em Ponta Porã MS
apoio	NOUN	0	439	3	Polícia Federal realiza apoio ao IBAMA em operação contra exploração de madeira em área protegida em Ponta Porã MS
ao	ADP	0	439	4	Polícia Federal realiza apoio ao IBAMA em operação contra exploração de madeira em área protegida em Ponta Porã MS
IBAMA	PROPN	1	439	5	Polícia Federal realiza apoio ao IBAMA em operação contra exploração de madeira em área protegida em Ponta Porã MS
em	ADP	0	439	6	Polícia Federal realiza apoio ao IBAMA em operação contra exploração de madeira em área protegida em Ponta Porã MS
operação	NOUN	0	439	7	Polícia Federal realiza apoio ao IBAMA em operação contra exploração de madeira em área protegida em Ponta Porã MS
contra	ADP	0	439	8	Polícia Federal realiza apoio ao IBAMA em operação contra exploração de madeira em área protegida em Ponta Porã MS
exploração	NOUN	0	439	9	Polícia Federal realiza apoio ao IBAMA em operação contra exploração de madeira em área protegida em Ponta Porã MS
de	ADP	0	439	10	Polícia Federal realiza apoio ao IBAMA em operação contra exploração de madeira em área protegida em Ponta Porã MS
madeira	NOUN	0	439	11	Polícia Federal realiza apoio ao IBAMA em operação contra exploração de madeira em área protegida em Ponta Porã MS
em	ADP	0	439	12	Polícia Federal realiza apoio ao IBAMA em operação contra exploração de madeira em área protegida em Ponta Porã MS
área	NOUN	0	439	13	Polícia Federal realiza apoio ao IBAMA em operação contra exploração de madeira em área protegida em Ponta Porã MS
protegida	VERB	0	439	14	Polícia Federal realiza apoio ao IBAMA em operação contra exploração de madeira em área protegida em Ponta Porã MS
em	ADP	0	439	15	Polícia Federal realiza apoio ao IBAMA em operação contra exploração de madeira em área protegida em Ponta Porã MS
Ponta	PROPN	0	439	16	Polícia Federal realiza apoio ao IBAMA em operação contra exploração de madeira em área protegida em Ponta Porã MS
Porã	PROPN	1	439	17	Polícia Federal realiza apoio ao IBAMA em operação contra exploração de madeira em área protegida em Ponta Porã MS
MS	PROPN	0	439	18	Polícia Federal realiza apoio ao IBAMA em operação contra exploração de madeira em área protegida em Ponta Porã MS
PF	PROPN	1	440	0	PF desarticula esquema criminoso de venda de moedas falsas no Pará
desarticula	VERB	1	440	1	PF desarticula esquema criminoso de venda de moedas falsas no Pará
esquema	NOUN	0	440	2	PF desarticula esquema criminoso de venda de moedas falsas no Pará
criminoso	ADJ	0	440	3	PF desarticula esquema criminoso de venda de moedas falsas no Pará
de	ADP	0	440	4	PF desarticula esquema criminoso de venda de moedas falsas no Pará
venda	NOUN	0	440	5	PF desarticula esquema criminoso de venda de moedas falsas no Pará
de	ADP	0	440	6	PF desarticula esquema criminoso de venda de moedas falsas no Pará
moedas	NOUN	0	440	7	PF desarticula esquema criminoso de venda de moedas falsas no Pará
falsas	ADJ	0	440	8	PF desarticula esquema criminoso de venda de moedas falsas no Pará
no	ADP	0	440	9	PF desarticula esquema criminoso de venda de moedas falsas no Pará
Pará	PROPN	0	440	10	PF desarticula esquema criminoso de venda de moedas falsas no Pará
Polícia	PROPN	0	441	0	Polícia Federal investiga suspeito de compartilhar pela internet imagens contendo abuso de criança
Federal	PROPN	0	441	1	Polícia Federal investiga suspeito de compartilhar pela internet imagens contendo abuso de criança
investiga	VERB	1	441	2	Polícia Federal investiga suspeito de compartilhar pela internet imagens contendo abuso de criança
suspeito	NOUN	0	441	3	Polícia Federal investiga suspeito de compartilhar pela internet imagens contendo abuso de criança
de	SCONJ	0	441	4	Polícia Federal investiga suspeito de compartilhar pela internet imagens contendo abuso de criança
compartilhar	VERB	0	441	5	Polícia Federal investiga suspeito de compartilhar pela internet imagens contendo abuso de criança
pela	ADP	0	441	6	Polícia Federal investiga suspeito de compartilhar pela internet imagens contendo abuso de criança
internet	PROPN	0	441	7	Polícia Federal investiga suspeito de compartilhar pela internet imagens contendo abuso de criança
imagens	NOUN	0	441	8	Polícia Federal investiga suspeito de compartilhar pela internet imagens contendo abuso de criança
contendo	VERB	0	441	9	Polícia Federal investiga suspeito de compartilhar pela internet imagens contendo abuso de criança
abuso	NOUN	0	441	10	Polícia Federal investiga suspeito de compartilhar pela internet imagens contendo abuso de criança
de	ADP	0	441	11	Polícia Federal investiga suspeito de compartilhar pela internet imagens contendo abuso de criança
criança	NOUN	0	441	12	Polícia Federal investiga suspeito de compartilhar pela internet imagens contendo abuso de criança
Polícia	PROPN	0	442	0	Polícia Federal deflagra Operação Shalom para investigar crimes de racismo veiculados na internet
Federal	PROPN	0	442	1	Polícia Federal deflagra Operação Shalom para investigar crimes de racismo veiculados na internet
deflagra	VERB	1	442	2	Polícia Federal deflagra Operação Shalom para investigar crimes de racismo veiculados na internet
Operação	PROPN	0	442	3	Polícia Federal deflagra Operação Shalom para investigar crimes de racismo veiculados na internet
Shalom	PROPN	1	442	4	Polícia Federal deflagra Operação Shalom para investigar crimes de racismo veiculados na internet
para	SCONJ	0	442	5	Polícia Federal deflagra Operação Shalom para investigar crimes de racismo veiculados na internet
investigar	VERB	0	442	6	Polícia Federal deflagra Operação Shalom para investigar crimes de racismo veiculados na internet
crimes	NOUN	0	442	7	Polícia Federal deflagra Operação Shalom para investigar crimes de racismo veiculados na internet
de	ADP	0	442	8	Polícia Federal deflagra Operação Shalom para investigar crimes de racismo veiculados na internet
racismo	NOUN	0	442	9	Polícia Federal deflagra Operação Shalom para investigar crimes de racismo veiculados na internet
veiculados	VERB	1	442	10	Polícia Federal deflagra Operação Shalom para investigar crimes de racismo veiculados na internet
na	ADP	0	442	11	Polícia Federal deflagra Operação Shalom para investigar crimes de racismo veiculados na internet
internet	PROPN	0	442	12	Polícia Federal deflagra Operação Shalom para investigar crimes de racismo veiculados na internet
Polícia	PROPN	0	443	0	Polícia Federal deflagra a Operação Nocivum contra fraudes a benefícios previdenciários na Bahia
Federal	PROPN	0	443	1	Polícia Federal deflagra a Operação Nocivum contra fraudes a benefícios previdenciários na Bahia
deflagra	VERB	1	443	2	Polícia Federal deflagra a Operação Nocivum contra fraudes a benefícios previdenciários na Bahia
a	DET	0	443	3	Polícia Federal deflagra a Operação Nocivum contra fraudes a benefícios previdenciários na Bahia
Operação	PROPN	0	443	4	Polícia Federal deflagra a Operação Nocivum contra fraudes a benefícios previdenciários na Bahia
Nocivum	PROPN	1	443	5	Polícia Federal deflagra a Operação Nocivum contra fraudes a benefícios previdenciários na Bahia
contra	ADP	0	443	6	Polícia Federal deflagra a Operação Nocivum contra fraudes a benefícios previdenciários na Bahia
fraudes	NOUN	1	443	7	Polícia Federal deflagra a Operação Nocivum contra fraudes a benefícios previdenciários na Bahia
a	ADP	0	443	8	Polícia Federal deflagra a Operação Nocivum contra fraudes a benefícios previdenciários na Bahia
benefícios	NOUN	0	443	9	Polícia Federal deflagra a Operação Nocivum contra fraudes a benefícios previdenciários na Bahia
previdenciários	ADJ	1	443	10	Polícia Federal deflagra a Operação Nocivum contra fraudes a benefícios previdenciários na Bahia
na	ADP	0	443	11	Polícia Federal deflagra a Operação Nocivum contra fraudes a benefícios previdenciários na Bahia
Bahia	PROPN	0	443	12	Polícia Federal deflagra a Operação Nocivum contra fraudes a benefícios previdenciários na Bahia
PF	PROPN	1	444	0	PF , com apoio da Receita Federal , do Ibama e da Marinha , realiza fiscalização em porto de Belém PA
,	PUNCT	0	444	1	PF , com apoio da Receita Federal , do Ibama e da Marinha , realiza fiscalização em porto de Belém PA
com	ADP	0	444	2	PF , com apoio da Receita Federal , do Ibama e da Marinha , realiza fiscalização em porto de Belém PA
apoio	NOUN	0	444	3	PF , com apoio da Receita Federal , do Ibama e da Marinha , realiza fiscalização em porto de Belém PA
da	ADP	0	444	4	PF , com apoio da Receita Federal , do Ibama e da Marinha , realiza fiscalização em porto de Belém PA
Receita	PROPN	1	444	5	PF , com apoio da Receita Federal , do Ibama e da Marinha , realiza fiscalização em porto de Belém PA
Federal	PROPN	0	444	6	PF , com apoio da Receita Federal , do Ibama e da Marinha , realiza fiscalização em porto de Belém PA
,	PUNCT	0	444	7	PF , com apoio da Receita Federal , do Ibama e da Marinha , realiza fiscalização em porto de Belém PA
do	ADP	0	444	8	PF , com apoio da Receita Federal , do Ibama e da Marinha , realiza fiscalização em porto de Belém PA
Ibama	PROPN	1	444	9	PF , com apoio da Receita Federal , do Ibama e da Marinha , realiza fiscalização em porto de Belém PA
e	CCONJ	0	444	10	PF , com apoio da Receita Federal , do Ibama e da Marinha , realiza fiscalização em porto de Belém PA
da	ADP	0	444	11	PF , com apoio da Receita Federal , do Ibama e da Marinha , realiza fiscalização em porto de Belém PA
Marinha	PROPN	0	444	12	PF , com apoio da Receita Federal , do Ibama e da Marinha , realiza fiscalização em porto de Belém PA
,	PUNCT	0	444	13	PF , com apoio da Receita Federal , do Ibama e da Marinha , realiza fiscalização em porto de Belém PA
realiza	VERB	0	444	14	PF , com apoio da Receita Federal , do Ibama e da Marinha , realiza fiscalização em porto de Belém PA
fiscalização	NOUN	0	444	15	PF , com apoio da Receita Federal , do Ibama e da Marinha , realiza fiscalização em porto de Belém PA
em	ADP	0	444	16	PF , com apoio da Receita Federal , do Ibama e da Marinha , realiza fiscalização em porto de Belém PA
porto	NOUN	0	444	17	PF , com apoio da Receita Federal , do Ibama e da Marinha , realiza fiscalização em porto de Belém PA
de	ADP	0	444	18	PF , com apoio da Receita Federal , do Ibama e da Marinha , realiza fiscalização em porto de Belém PA
Belém	PROPN	0	444	19	PF , com apoio da Receita Federal , do Ibama e da Marinha , realiza fiscalização em porto de Belém PA
PA	PROPN	0	444	20	PF , com apoio da Receita Federal , do Ibama e da Marinha , realiza fiscalização em porto de Belém PA
Polícia	PROPN	0	445	0	Polícia Federal prende foragido da Operação Enterprise
Federal	PROPN	0	445	1	Polícia Federal prende foragido da Operação Enterprise
prende	VERB	1	445	2	Polícia Federal prende foragido da Operação Enterprise
foragido	NOUN	1	445	3	Polícia Federal prende foragido da Operação Enterprise
da	ADP	0	445	4	Polícia Federal prende foragido da Operação Enterprise
Operação	PROPN	0	445	5	Polícia Federal prende foragido da Operação Enterprise
Enterprise	PROPN	1	445	6	Polícia Federal prende foragido da Operação Enterprise
PF	PROPN	1	446	0	PF deflagra Operação Expurgo 2
deflagra	VERB	1	446	1	PF deflagra Operação Expurgo 2
Operação	NOUN	0	446	2	PF deflagra Operação Expurgo 2
Expurgo	PROPN	1	446	3	PF deflagra Operação Expurgo 2
2	NUM	0	446	4	PF deflagra Operação Expurgo 2
Polícia	PROPN	0	447	0	Polícia Federal deflagra operação Kindergarten para combater desvios de recursos públicos da educação no oeste baiano
Federal	PROPN	0	447	1	Polícia Federal deflagra operação Kindergarten para combater desvios de recursos públicos da educação no oeste baiano
deflagra	VERB	1	447	2	Polícia Federal deflagra operação Kindergarten para combater desvios de recursos públicos da educação no oeste baiano
operação	NOUN	0	447	3	Polícia Federal deflagra operação Kindergarten para combater desvios de recursos públicos da educação no oeste baiano
Kindergarten	PROPN	1	447	4	Polícia Federal deflagra operação Kindergarten para combater desvios de recursos públicos da educação no oeste baiano
para	SCONJ	0	447	5	Polícia Federal deflagra operação Kindergarten para combater desvios de recursos públicos da educação no oeste baiano
combater	VERB	0	447	6	Polícia Federal deflagra operação Kindergarten para combater desvios de recursos públicos da educação no oeste baiano
desvios	NOUN	1	447	7	Polícia Federal deflagra operação Kindergarten para combater desvios de recursos públicos da educação no oeste baiano
de	ADP	0	447	8	Polícia Federal deflagra operação Kindergarten para combater desvios de recursos públicos da educação no oeste baiano
recursos	NOUN	0	447	9	Polícia Federal deflagra operação Kindergarten para combater desvios de recursos públicos da educação no oeste baiano
públicos	ADJ	0	447	10	Polícia Federal deflagra operação Kindergarten para combater desvios de recursos públicos da educação no oeste baiano
da	ADP	0	447	11	Polícia Federal deflagra operação Kindergarten para combater desvios de recursos públicos da educação no oeste baiano
educação	NOUN	0	447	12	Polícia Federal deflagra operação Kindergarten para combater desvios de recursos públicos da educação no oeste baiano
no	ADP	0	447	13	Polícia Federal deflagra operação Kindergarten para combater desvios de recursos públicos da educação no oeste baiano
oeste	NOUN	0	447	14	Polícia Federal deflagra operação Kindergarten para combater desvios de recursos públicos da educação no oeste baiano
baiano	ADJ	0	447	15	Polícia Federal deflagra operação Kindergarten para combater desvios de recursos públicos da educação no oeste baiano
PF	PROPN	1	448	0	PF deflagra Operação Onda Certa no Rio de Janeiro
deflagra	VERB	1	448	1	PF deflagra Operação Onda Certa no Rio de Janeiro
Operação	PROPN	0	448	2	PF deflagra Operação Onda Certa no Rio de Janeiro
Onda	PROPN	1	448	3	PF deflagra Operação Onda Certa no Rio de Janeiro
Certa	PROPN	1	448	4	PF deflagra Operação Onda Certa no Rio de Janeiro
no	ADP	0	448	5	PF deflagra Operação Onda Certa no Rio de Janeiro
Rio	PROPN	0	448	6	PF deflagra Operação Onda Certa no Rio de Janeiro
de	ADP	0	448	7	PF deflagra Operação Onda Certa no Rio de Janeiro
Janeiro	PROPN	0	448	8	PF deflagra Operação Onda Certa no Rio de Janeiro
PF	PROPN	1	449	0	PF deflagra a Operação Integração II investiga membros de organização criminosa que atuam no tráfico de entorpecentes
deflagra	VERB	1	449	1	PF deflagra a Operação Integração II investiga membros de organização criminosa que atuam no tráfico de entorpecentes
a	DET	0	449	2	PF deflagra a Operação Integração II investiga membros de organização criminosa que atuam no tráfico de entorpecentes
Operação	PROPN	0	449	3	PF deflagra a Operação Integração II investiga membros de organização criminosa que atuam no tráfico de entorpecentes
Integração	PROPN	1	449	4	PF deflagra a Operação Integração II investiga membros de organização criminosa que atuam no tráfico de entorpecentes
II	PROPN	0	449	5	PF deflagra a Operação Integração II investiga membros de organização criminosa que atuam no tráfico de entorpecentes
investiga	VERB	1	449	6	PF deflagra a Operação Integração II investiga membros de organização criminosa que atuam no tráfico de entorpecentes
membros	NOUN	0	449	7	PF deflagra a Operação Integração II investiga membros de organização criminosa que atuam no tráfico de entorpecentes
de	ADP	0	449	8	PF deflagra a Operação Integração II investiga membros de organização criminosa que atuam no tráfico de entorpecentes
organização	NOUN	0	449	9	PF deflagra a Operação Integração II investiga membros de organização criminosa que atuam no tráfico de entorpecentes
criminosa	ADJ	1	449	10	PF deflagra a Operação Integração II investiga membros de organização criminosa que atuam no tráfico de entorpecentes
que	PRON	0	449	11	PF deflagra a Operação Integração II investiga membros de organização criminosa que atuam no tráfico de entorpecentes
atuam	VERB	0	449	12	PF deflagra a Operação Integração II investiga membros de organização criminosa que atuam no tráfico de entorpecentes
no	ADP	0	449	13	PF deflagra a Operação Integração II investiga membros de organização criminosa que atuam no tráfico de entorpecentes
tráfico	NOUN	0	449	14	PF deflagra a Operação Integração II investiga membros de organização criminosa que atuam no tráfico de entorpecentes
de	ADP	0	449	15	PF deflagra a Operação Integração II investiga membros de organização criminosa que atuam no tráfico de entorpecentes
entorpecentes	NOUN	1	449	16	PF deflagra a Operação Integração II investiga membros de organização criminosa que atuam no tráfico de entorpecentes
PF	PROPN	1	450	0	PF deflagra Operação Pente Fino no Rio de Janeiro
deflagra	VERB	1	450	1	PF deflagra Operação Pente Fino no Rio de Janeiro
Operação	NOUN	0	450	2	PF deflagra Operação Pente Fino no Rio de Janeiro
Pente	PROPN	1	450	3	PF deflagra Operação Pente Fino no Rio de Janeiro
Fino	PROPN	1	450	4	PF deflagra Operação Pente Fino no Rio de Janeiro
no	ADP	0	450	5	PF deflagra Operação Pente Fino no Rio de Janeiro
Rio	PROPN	0	450	6	PF deflagra Operação Pente Fino no Rio de Janeiro
de	ADP	0	450	7	PF deflagra Operação Pente Fino no Rio de Janeiro
Janeiro	PROPN	0	450	8	PF deflagra Operação Pente Fino no Rio de Janeiro
Laboratório	NOUN	0	451	0	Laboratório clandestino de drogas sintéticas é descoberto e desativado pela polícia
clandestino	PROPN	1	451	1	Laboratório clandestino de drogas sintéticas é descoberto e desativado pela polícia
de	ADP	0	451	2	Laboratório clandestino de drogas sintéticas é descoberto e desativado pela polícia
drogas	NOUN	0	451	3	Laboratório clandestino de drogas sintéticas é descoberto e desativado pela polícia
sintéticas	ADJ	1	451	4	Laboratório clandestino de drogas sintéticas é descoberto e desativado pela polícia
é	AUX	0	451	5	Laboratório clandestino de drogas sintéticas é descoberto e desativado pela polícia
descoberto	VERB	0	451	6	Laboratório clandestino de drogas sintéticas é descoberto e desativado pela polícia
e	CCONJ	0	451	7	Laboratório clandestino de drogas sintéticas é descoberto e desativado pela polícia
desativado	VERB	1	451	8	Laboratório clandestino de drogas sintéticas é descoberto e desativado pela polícia
pela	ADP	0	451	9	Laboratório clandestino de drogas sintéticas é descoberto e desativado pela polícia
polícia	NOUN	0	451	10	Laboratório clandestino de drogas sintéticas é descoberto e desativado pela polícia
Polícia	PROPN	0	452	0	Polícia Federal , em ação conjunta com o Exército , desocupam garimpo em Mato Grosso
Federal	PROPN	0	452	1	Polícia Federal , em ação conjunta com o Exército , desocupam garimpo em Mato Grosso
,	PUNCT	0	452	2	Polícia Federal , em ação conjunta com o Exército , desocupam garimpo em Mato Grosso
em	ADP	0	452	3	Polícia Federal , em ação conjunta com o Exército , desocupam garimpo em Mato Grosso
ação	NOUN	0	452	4	Polícia Federal , em ação conjunta com o Exército , desocupam garimpo em Mato Grosso
conjunta	ADJ	0	452	5	Polícia Federal , em ação conjunta com o Exército , desocupam garimpo em Mato Grosso
com	ADP	0	452	6	Polícia Federal , em ação conjunta com o Exército , desocupam garimpo em Mato Grosso
o	DET	0	452	7	Polícia Federal , em ação conjunta com o Exército , desocupam garimpo em Mato Grosso
Exército	PROPN	0	452	8	Polícia Federal , em ação conjunta com o Exército , desocupam garimpo em Mato Grosso
,	PUNCT	0	452	9	Polícia Federal , em ação conjunta com o Exército , desocupam garimpo em Mato Grosso
desocupam	VERB	1	452	10	Polícia Federal , em ação conjunta com o Exército , desocupam garimpo em Mato Grosso
garimpo	NOUN	1	452	11	Polícia Federal , em ação conjunta com o Exército , desocupam garimpo em Mato Grosso
em	ADP	0	452	12	Polícia Federal , em ação conjunta com o Exército , desocupam garimpo em Mato Grosso
Mato	PROPN	0	452	13	Polícia Federal , em ação conjunta com o Exército , desocupam garimpo em Mato Grosso
Grosso	PROPN	0	452	14	Polícia Federal , em ação conjunta com o Exército , desocupam garimpo em Mato Grosso
Polícia	PROPN	0	453	0	Polícia Federal apreende mais de 36 quilos de droga no Aeroporto de Rio Branco
Federal	PROPN	0	453	1	Polícia Federal apreende mais de 36 quilos de droga no Aeroporto de Rio Branco
apreende	VERB	1	453	2	Polícia Federal apreende mais de 36 quilos de droga no Aeroporto de Rio Branco
mais	ADV	0	453	3	Polícia Federal apreende mais de 36 quilos de droga no Aeroporto de Rio Branco
de	ADP	0	453	4	Polícia Federal apreende mais de 36 quilos de droga no Aeroporto de Rio Branco
36	NUM	0	453	5	Polícia Federal apreende mais de 36 quilos de droga no Aeroporto de Rio Branco
quilos	NOUN	1	453	6	Polícia Federal apreende mais de 36 quilos de droga no Aeroporto de Rio Branco
de	ADP	0	453	7	Polícia Federal apreende mais de 36 quilos de droga no Aeroporto de Rio Branco
droga	NOUN	0	453	8	Polícia Federal apreende mais de 36 quilos de droga no Aeroporto de Rio Branco
no	ADP	0	453	9	Polícia Federal apreende mais de 36 quilos de droga no Aeroporto de Rio Branco
Aeroporto	PROPN	0	453	10	Polícia Federal apreende mais de 36 quilos de droga no Aeroporto de Rio Branco
de	ADP	0	453	11	Polícia Federal apreende mais de 36 quilos de droga no Aeroporto de Rio Branco
Rio	PROPN	0	453	12	Polícia Federal apreende mais de 36 quilos de droga no Aeroporto de Rio Branco
Branco	PROPN	0	453	13	Polícia Federal apreende mais de 36 quilos de droga no Aeroporto de Rio Branco
PF	PROPN	1	454	0	PF incinera aproximadamente 4 toneladas de drogas
incinera	VERB	1	454	1	PF incinera aproximadamente 4 toneladas de drogas
aproximadamente	ADV	0	454	2	PF incinera aproximadamente 4 toneladas de drogas
4	NUM	0	454	3	PF incinera aproximadamente 4 toneladas de drogas
toneladas	NOUN	0	454	4	PF incinera aproximadamente 4 toneladas de drogas
de	ADP	0	454	5	PF incinera aproximadamente 4 toneladas de drogas
drogas	NOUN	0	454	6	PF incinera aproximadamente 4 toneladas de drogas
PF	PROPN	1	455	0	PF apreende caminhão e embarcação carregados com cigarros contrabandeados
apreende	VERB	1	455	1	PF apreende caminhão e embarcação carregados com cigarros contrabandeados
caminhão	NOUN	0	455	2	PF apreende caminhão e embarcação carregados com cigarros contrabandeados
e	CCONJ	0	455	3	PF apreende caminhão e embarcação carregados com cigarros contrabandeados
embarcação	NOUN	0	455	4	PF apreende caminhão e embarcação carregados com cigarros contrabandeados
carregados	VERB	1	455	5	PF apreende caminhão e embarcação carregados com cigarros contrabandeados
com	ADP	0	455	6	PF apreende caminhão e embarcação carregados com cigarros contrabandeados
cigarros	NOUN	1	455	7	PF apreende caminhão e embarcação carregados com cigarros contrabandeados
contrabandeados	VERB	1	455	8	PF apreende caminhão e embarcação carregados com cigarros contrabandeados
Polícia	PROPN	0	456	0	Polícia Federal cumpre mandados em investigação sobre comercialização ilegal de anabolizantes
Federal	PROPN	0	456	1	Polícia Federal cumpre mandados em investigação sobre comercialização ilegal de anabolizantes
cumpre	VERB	1	456	2	Polícia Federal cumpre mandados em investigação sobre comercialização ilegal de anabolizantes
mandados	NOUN	1	456	3	Polícia Federal cumpre mandados em investigação sobre comercialização ilegal de anabolizantes
em	ADP	0	456	4	Polícia Federal cumpre mandados em investigação sobre comercialização ilegal de anabolizantes
investigação	NOUN	0	456	5	Polícia Federal cumpre mandados em investigação sobre comercialização ilegal de anabolizantes
sobre	ADP	0	456	6	Polícia Federal cumpre mandados em investigação sobre comercialização ilegal de anabolizantes
comercialização	NOUN	0	456	7	Polícia Federal cumpre mandados em investigação sobre comercialização ilegal de anabolizantes
ilegal	ADJ	0	456	8	Polícia Federal cumpre mandados em investigação sobre comercialização ilegal de anabolizantes
de	ADP	0	456	9	Polícia Federal cumpre mandados em investigação sobre comercialização ilegal de anabolizantes
anabolizantes	NOUN	1	456	10	Polícia Federal cumpre mandados em investigação sobre comercialização ilegal de anabolizantes
PF	PROPN	1	457	0	PF deflagra Operação Sagres no Rio de Janeiro
deflagra	VERB	1	457	1	PF deflagra Operação Sagres no Rio de Janeiro
Operação	PROPN	0	457	2	PF deflagra Operação Sagres no Rio de Janeiro
Sagres	PROPN	1	457	3	PF deflagra Operação Sagres no Rio de Janeiro
no	ADP	0	457	4	PF deflagra Operação Sagres no Rio de Janeiro
Rio	PROPN	0	457	5	PF deflagra Operação Sagres no Rio de Janeiro
de	ADP	0	457	6	PF deflagra Operação Sagres no Rio de Janeiro
Janeiro	PROPN	0	457	7	PF deflagra Operação Sagres no Rio de Janeiro
Polícia	PROPN	0	458	0	Polícia Federal fecha laboratório de falsificação de cédulas no Ceará
Federal	PROPN	0	458	1	Polícia Federal fecha laboratório de falsificação de cédulas no Ceará
fecha	VERB	1	458	2	Polícia Federal fecha laboratório de falsificação de cédulas no Ceará
laboratório	NOUN	0	458	3	Polícia Federal fecha laboratório de falsificação de cédulas no Ceará
de	ADP	0	458	4	Polícia Federal fecha laboratório de falsificação de cédulas no Ceará
falsificação	NOUN	1	458	5	Polícia Federal fecha laboratório de falsificação de cédulas no Ceará
de	ADP	0	458	6	Polícia Federal fecha laboratório de falsificação de cédulas no Ceará
cédulas	NOUN	1	458	7	Polícia Federal fecha laboratório de falsificação de cédulas no Ceará
no	ADP	0	458	8	Polícia Federal fecha laboratório de falsificação de cédulas no Ceará
Ceará	PROPN	0	458	9	Polícia Federal fecha laboratório de falsificação de cédulas no Ceará
PF	PROPN	1	459	0	PF deflagra a terceira fase da Operação Pedágio
deflagra	VERB	1	459	1	PF deflagra a terceira fase da Operação Pedágio
a	DET	0	459	2	PF deflagra a terceira fase da Operação Pedágio
terceira	ADJ	0	459	3	PF deflagra a terceira fase da Operação Pedágio
fase	NOUN	0	459	4	PF deflagra a terceira fase da Operação Pedágio
da	ADP	0	459	5	PF deflagra a terceira fase da Operação Pedágio
Operação	PROPN	0	459	6	PF deflagra a terceira fase da Operação Pedágio
Pedágio	PROPN	1	459	7	PF deflagra a terceira fase da Operação Pedágio
Polícia	PROPN	0	460	0	Polícia Federal deflagra operação de combate a fraudes no Auxílio Emergencial na Bahia
Federal	PROPN	0	460	1	Polícia Federal deflagra operação de combate a fraudes no Auxílio Emergencial na Bahia
deflagra	VERB	1	460	2	Polícia Federal deflagra operação de combate a fraudes no Auxílio Emergencial na Bahia
operação	NOUN	0	460	3	Polícia Federal deflagra operação de combate a fraudes no Auxílio Emergencial na Bahia
de	ADP	0	460	4	Polícia Federal deflagra operação de combate a fraudes no Auxílio Emergencial na Bahia
combate	NOUN	0	460	5	Polícia Federal deflagra operação de combate a fraudes no Auxílio Emergencial na Bahia
a	ADP	0	460	6	Polícia Federal deflagra operação de combate a fraudes no Auxílio Emergencial na Bahia
fraudes	NOUN	1	460	7	Polícia Federal deflagra operação de combate a fraudes no Auxílio Emergencial na Bahia
no	ADP	0	460	8	Polícia Federal deflagra operação de combate a fraudes no Auxílio Emergencial na Bahia
Auxílio	PROPN	1	460	9	Polícia Federal deflagra operação de combate a fraudes no Auxílio Emergencial na Bahia
Emergencial	PROPN	1	460	10	Polícia Federal deflagra operação de combate a fraudes no Auxílio Emergencial na Bahia
na	ADP	0	460	11	Polícia Federal deflagra operação de combate a fraudes no Auxílio Emergencial na Bahia
Bahia	PROPN	0	460	12	Polícia Federal deflagra operação de combate a fraudes no Auxílio Emergencial na Bahia
Polícia	PROPN	0	461	0	Polícia Federal deflagra operação contra furtos praticados por organização criminosa em aeroporto de Minas Gerais
Federal	PROPN	0	461	1	Polícia Federal deflagra operação contra furtos praticados por organização criminosa em aeroporto de Minas Gerais
deflagra	VERB	1	461	2	Polícia Federal deflagra operação contra furtos praticados por organização criminosa em aeroporto de Minas Gerais
operação	NOUN	0	461	3	Polícia Federal deflagra operação contra furtos praticados por organização criminosa em aeroporto de Minas Gerais
contra	ADP	0	461	4	Polícia Federal deflagra operação contra furtos praticados por organização criminosa em aeroporto de Minas Gerais
furtos	NOUN	1	461	5	Polícia Federal deflagra operação contra furtos praticados por organização criminosa em aeroporto de Minas Gerais
praticados	VERB	1	461	6	Polícia Federal deflagra operação contra furtos praticados por organização criminosa em aeroporto de Minas Gerais
por	ADP	0	461	7	Polícia Federal deflagra operação contra furtos praticados por organização criminosa em aeroporto de Minas Gerais
organização	NOUN	0	461	8	Polícia Federal deflagra operação contra furtos praticados por organização criminosa em aeroporto de Minas Gerais
criminosa	ADJ	1	461	9	Polícia Federal deflagra operação contra furtos praticados por organização criminosa em aeroporto de Minas Gerais
em	ADP	0	461	10	Polícia Federal deflagra operação contra furtos praticados por organização criminosa em aeroporto de Minas Gerais
aeroporto	NOUN	0	461	11	Polícia Federal deflagra operação contra furtos praticados por organização criminosa em aeroporto de Minas Gerais
de	ADP	0	461	12	Polícia Federal deflagra operação contra furtos praticados por organização criminosa em aeroporto de Minas Gerais
Minas	PROPN	0	461	13	Polícia Federal deflagra operação contra furtos praticados por organização criminosa em aeroporto de Minas Gerais
Gerais	PROPN	0	461	14	Polícia Federal deflagra operação contra furtos praticados por organização criminosa em aeroporto de Minas Gerais
PF	PROPN	1	462	0	PF e BPFRON apreendem um veículo carregado com insumos para suplemento
e	CCONJ	0	462	1	PF e BPFRON apreendem um veículo carregado com insumos para suplemento
BPFRON	PROPN	1	462	2	PF e BPFRON apreendem um veículo carregado com insumos para suplemento
apreendem	VERB	1	462	3	PF e BPFRON apreendem um veículo carregado com insumos para suplemento
um	DET	0	462	4	PF e BPFRON apreendem um veículo carregado com insumos para suplemento
veículo	NOUN	0	462	5	PF e BPFRON apreendem um veículo carregado com insumos para suplemento
carregado	VERB	0	462	6	PF e BPFRON apreendem um veículo carregado com insumos para suplemento
com	ADP	0	462	7	PF e BPFRON apreendem um veículo carregado com insumos para suplemento
insumos	NOUN	1	462	8	PF e BPFRON apreendem um veículo carregado com insumos para suplemento
para	ADP	0	462	9	PF e BPFRON apreendem um veículo carregado com insumos para suplemento
suplemento	NOUN	1	462	10	PF e BPFRON apreendem um veículo carregado com insumos para suplemento
Polícia	PROPN	0	463	0	Polícia Federal conclui Operação Fusarium I de erradicação de maconha
Federal	PROPN	0	463	1	Polícia Federal conclui Operação Fusarium I de erradicação de maconha
conclui	VERB	0	463	2	Polícia Federal conclui Operação Fusarium I de erradicação de maconha
Operação	PROPN	0	463	3	Polícia Federal conclui Operação Fusarium I de erradicação de maconha
Fusarium	PROPN	1	463	4	Polícia Federal conclui Operação Fusarium I de erradicação de maconha
I	PROPN	0	463	5	Polícia Federal conclui Operação Fusarium I de erradicação de maconha
de	ADP	0	463	6	Polícia Federal conclui Operação Fusarium I de erradicação de maconha
erradicação	NOUN	1	463	7	Polícia Federal conclui Operação Fusarium I de erradicação de maconha
de	ADP	0	463	8	Polícia Federal conclui Operação Fusarium I de erradicação de maconha
maconha	NOUN	1	463	9	Polícia Federal conclui Operação Fusarium I de erradicação de maconha
PF	PROPN	1	464	0	PF prende mulher que transportava pedras preciosas ocultadas em seu corpo
prende	VERB	1	464	1	PF prende mulher que transportava pedras preciosas ocultadas em seu corpo
mulher	NOUN	0	464	2	PF prende mulher que transportava pedras preciosas ocultadas em seu corpo
que	PRON	0	464	3	PF prende mulher que transportava pedras preciosas ocultadas em seu corpo
transportava	VERB	1	464	4	PF prende mulher que transportava pedras preciosas ocultadas em seu corpo
pedras	NOUN	0	464	5	PF prende mulher que transportava pedras preciosas ocultadas em seu corpo
preciosas	ADJ	1	464	6	PF prende mulher que transportava pedras preciosas ocultadas em seu corpo
ocultadas	VERB	1	464	7	PF prende mulher que transportava pedras preciosas ocultadas em seu corpo
em	ADP	0	464	8	PF prende mulher que transportava pedras preciosas ocultadas em seu corpo
seu	DET	0	464	9	PF prende mulher que transportava pedras preciosas ocultadas em seu corpo
corpo	NOUN	0	464	10	PF prende mulher que transportava pedras preciosas ocultadas em seu corpo
PF	PROPN	1	465	0	PF e Receita apreendem 15 kg de cocaína transportadas por estrangeiros no Aeroporto Internacional de São Paulo
e	CCONJ	0	465	1	PF e Receita apreendem 15 kg de cocaína transportadas por estrangeiros no Aeroporto Internacional de São Paulo
Receita	NOUN	1	465	2	PF e Receita apreendem 15 kg de cocaína transportadas por estrangeiros no Aeroporto Internacional de São Paulo
apreendem	VERB	1	465	3	PF e Receita apreendem 15 kg de cocaína transportadas por estrangeiros no Aeroporto Internacional de São Paulo
15	NUM	0	465	4	PF e Receita apreendem 15 kg de cocaína transportadas por estrangeiros no Aeroporto Internacional de São Paulo
kg	NOUN	0	465	5	PF e Receita apreendem 15 kg de cocaína transportadas por estrangeiros no Aeroporto Internacional de São Paulo
de	ADP	0	465	6	PF e Receita apreendem 15 kg de cocaína transportadas por estrangeiros no Aeroporto Internacional de São Paulo
cocaína	NOUN	1	465	7	PF e Receita apreendem 15 kg de cocaína transportadas por estrangeiros no Aeroporto Internacional de São Paulo
transportadas	VERB	1	465	8	PF e Receita apreendem 15 kg de cocaína transportadas por estrangeiros no Aeroporto Internacional de São Paulo
por	ADP	0	465	9	PF e Receita apreendem 15 kg de cocaína transportadas por estrangeiros no Aeroporto Internacional de São Paulo
estrangeiros	NOUN	0	465	10	PF e Receita apreendem 15 kg de cocaína transportadas por estrangeiros no Aeroporto Internacional de São Paulo
no	ADP	0	465	11	PF e Receita apreendem 15 kg de cocaína transportadas por estrangeiros no Aeroporto Internacional de São Paulo
Aeroporto	PROPN	0	465	12	PF e Receita apreendem 15 kg de cocaína transportadas por estrangeiros no Aeroporto Internacional de São Paulo
Internacional	PROPN	0	465	13	PF e Receita apreendem 15 kg de cocaína transportadas por estrangeiros no Aeroporto Internacional de São Paulo
de	ADP	0	465	14	PF e Receita apreendem 15 kg de cocaína transportadas por estrangeiros no Aeroporto Internacional de São Paulo
São	PROPN	0	465	15	PF e Receita apreendem 15 kg de cocaína transportadas por estrangeiros no Aeroporto Internacional de São Paulo
Paulo	PROPN	0	465	16	PF e Receita apreendem 15 kg de cocaína transportadas por estrangeiros no Aeroporto Internacional de São Paulo
Polícia	PROPN	0	466	0	Polícia Federal deflagra nova etapa da Operação Egypto , denominada Fractais
Federal	PROPN	0	466	1	Polícia Federal deflagra nova etapa da Operação Egypto , denominada Fractais
deflagra	VERB	1	466	2	Polícia Federal deflagra nova etapa da Operação Egypto , denominada Fractais
nova	ADJ	0	466	3	Polícia Federal deflagra nova etapa da Operação Egypto , denominada Fractais
etapa	NOUN	0	466	4	Polícia Federal deflagra nova etapa da Operação Egypto , denominada Fractais
da	ADP	0	466	5	Polícia Federal deflagra nova etapa da Operação Egypto , denominada Fractais
Operação	PROPN	0	466	6	Polícia Federal deflagra nova etapa da Operação Egypto , denominada Fractais
Egypto	PROPN	1	466	7	Polícia Federal deflagra nova etapa da Operação Egypto , denominada Fractais
,	PUNCT	0	466	8	Polícia Federal deflagra nova etapa da Operação Egypto , denominada Fractais
denominada	VERB	0	466	9	Polícia Federal deflagra nova etapa da Operação Egypto , denominada Fractais
Fractais	PROPN	1	466	10	Polícia Federal deflagra nova etapa da Operação Egypto , denominada Fractais
Polícia	PROPN	0	467	0	Polícia Federal deflagra Operação Destilados contra o descaminho de bebidas na fronteira com o Uruguai
Federal	PROPN	0	467	1	Polícia Federal deflagra Operação Destilados contra o descaminho de bebidas na fronteira com o Uruguai
deflagra	VERB	1	467	2	Polícia Federal deflagra Operação Destilados contra o descaminho de bebidas na fronteira com o Uruguai
Operação	PROPN	0	467	3	Polícia Federal deflagra Operação Destilados contra o descaminho de bebidas na fronteira com o Uruguai
Destilados	VERB	1	467	4	Polícia Federal deflagra Operação Destilados contra o descaminho de bebidas na fronteira com o Uruguai
contra	ADP	0	467	5	Polícia Federal deflagra Operação Destilados contra o descaminho de bebidas na fronteira com o Uruguai
o	DET	0	467	6	Polícia Federal deflagra Operação Destilados contra o descaminho de bebidas na fronteira com o Uruguai
descaminho	NOUN	1	467	7	Polícia Federal deflagra Operação Destilados contra o descaminho de bebidas na fronteira com o Uruguai
de	ADP	0	467	8	Polícia Federal deflagra Operação Destilados contra o descaminho de bebidas na fronteira com o Uruguai
bebidas	NOUN	0	467	9	Polícia Federal deflagra Operação Destilados contra o descaminho de bebidas na fronteira com o Uruguai
na	ADP	0	467	10	Polícia Federal deflagra Operação Destilados contra o descaminho de bebidas na fronteira com o Uruguai
fronteira	NOUN	0	467	11	Polícia Federal deflagra Operação Destilados contra o descaminho de bebidas na fronteira com o Uruguai
com	ADP	0	467	12	Polícia Federal deflagra Operação Destilados contra o descaminho de bebidas na fronteira com o Uruguai
o	DET	0	467	13	Polícia Federal deflagra Operação Destilados contra o descaminho de bebidas na fronteira com o Uruguai
Uruguai	PROPN	0	467	14	Polícia Federal deflagra Operação Destilados contra o descaminho de bebidas na fronteira com o Uruguai
PF	PROPN	1	468	0	PF e Exército Brasileiro apreendem embarcação carregada com cigarros paraguaios
e	CCONJ	0	468	1	PF e Exército Brasileiro apreendem embarcação carregada com cigarros paraguaios
Exército	PROPN	0	468	2	PF e Exército Brasileiro apreendem embarcação carregada com cigarros paraguaios
Brasileiro	PROPN	0	468	3	PF e Exército Brasileiro apreendem embarcação carregada com cigarros paraguaios
apreendem	VERB	1	468	4	PF e Exército Brasileiro apreendem embarcação carregada com cigarros paraguaios
embarcação	NOUN	0	468	5	PF e Exército Brasileiro apreendem embarcação carregada com cigarros paraguaios
carregada	VERB	1	468	6	PF e Exército Brasileiro apreendem embarcação carregada com cigarros paraguaios
com	ADP	0	468	7	PF e Exército Brasileiro apreendem embarcação carregada com cigarros paraguaios
cigarros	NOUN	1	468	8	PF e Exército Brasileiro apreendem embarcação carregada com cigarros paraguaios
paraguaios	ADJ	1	468	9	PF e Exército Brasileiro apreendem embarcação carregada com cigarros paraguaios
Polícia	PROPN	0	469	0	Polícia Federal cumpre mandado de prisão expedido pelo STF
Federal	PROPN	0	469	1	Polícia Federal cumpre mandado de prisão expedido pelo STF
cumpre	VERB	1	469	2	Polícia Federal cumpre mandado de prisão expedido pelo STF
mandado	VERB	0	469	3	Polícia Federal cumpre mandado de prisão expedido pelo STF
de	ADP	0	469	4	Polícia Federal cumpre mandado de prisão expedido pelo STF
prisão	NOUN	0	469	5	Polícia Federal cumpre mandado de prisão expedido pelo STF
expedido	VERB	1	469	6	Polícia Federal cumpre mandado de prisão expedido pelo STF
pelo	ADP	0	469	7	Polícia Federal cumpre mandado de prisão expedido pelo STF
STF	PROPN	1	469	8	Polícia Federal cumpre mandado de prisão expedido pelo STF
PF	PROPN	1	470	0	PF aprende milhares de cédulas falsas em São José do Rio Preto SP
aprende	VERB	1	470	1	PF aprende milhares de cédulas falsas em São José do Rio Preto SP
milhares	NUM	0	470	2	PF aprende milhares de cédulas falsas em São José do Rio Preto SP
de	ADP	0	470	3	PF aprende milhares de cédulas falsas em São José do Rio Preto SP
cédulas	NOUN	1	470	4	PF aprende milhares de cédulas falsas em São José do Rio Preto SP
falsas	ADJ	0	470	5	PF aprende milhares de cédulas falsas em São José do Rio Preto SP
em	ADP	0	470	6	PF aprende milhares de cédulas falsas em São José do Rio Preto SP
São	PROPN	0	470	7	PF aprende milhares de cédulas falsas em São José do Rio Preto SP
José	PROPN	0	470	8	PF aprende milhares de cédulas falsas em São José do Rio Preto SP
do	ADP	0	470	9	PF aprende milhares de cédulas falsas em São José do Rio Preto SP
Rio	PROPN	0	470	10	PF aprende milhares de cédulas falsas em São José do Rio Preto SP
Preto	PROPN	0	470	11	PF aprende milhares de cédulas falsas em São José do Rio Preto SP
SP	PROPN	0	470	12	PF aprende milhares de cédulas falsas em São José do Rio Preto SP
PF	PROPN	1	471	0	PF detém mulher transportando 40 mil dólares escondidos junto ao corpo
detém	VERB	0	471	1	PF detém mulher transportando 40 mil dólares escondidos junto ao corpo
mulher	NOUN	0	471	2	PF detém mulher transportando 40 mil dólares escondidos junto ao corpo
transportando	VERB	1	471	3	PF detém mulher transportando 40 mil dólares escondidos junto ao corpo
40	NUM	0	471	4	PF detém mulher transportando 40 mil dólares escondidos junto ao corpo
mil	NUM	0	471	5	PF detém mulher transportando 40 mil dólares escondidos junto ao corpo
dólares	NOUN	0	471	6	PF detém mulher transportando 40 mil dólares escondidos junto ao corpo
escondidos	VERB	1	471	7	PF detém mulher transportando 40 mil dólares escondidos junto ao corpo
junto	ADV	0	471	8	PF detém mulher transportando 40 mil dólares escondidos junto ao corpo
ao	ADP	0	471	9	PF detém mulher transportando 40 mil dólares escondidos junto ao corpo
corpo	NOUN	0	471	10	PF detém mulher transportando 40 mil dólares escondidos junto ao corpo
Polícia	PROPN	0	472	0	Polícia Federal deflagra Operação Investor para combater exploração ilegal de diamantes em terras indígenas em Rondônia
Federal	PROPN	0	472	1	Polícia Federal deflagra Operação Investor para combater exploração ilegal de diamantes em terras indígenas em Rondônia
deflagra	VERB	1	472	2	Polícia Federal deflagra Operação Investor para combater exploração ilegal de diamantes em terras indígenas em Rondônia
Operação	PROPN	0	472	3	Polícia Federal deflagra Operação Investor para combater exploração ilegal de diamantes em terras indígenas em Rondônia
Investor	PROPN	1	472	4	Polícia Federal deflagra Operação Investor para combater exploração ilegal de diamantes em terras indígenas em Rondônia
para	SCONJ	0	472	5	Polícia Federal deflagra Operação Investor para combater exploração ilegal de diamantes em terras indígenas em Rondônia
combater	VERB	0	472	6	Polícia Federal deflagra Operação Investor para combater exploração ilegal de diamantes em terras indígenas em Rondônia
exploração	NOUN	0	472	7	Polícia Federal deflagra Operação Investor para combater exploração ilegal de diamantes em terras indígenas em Rondônia
ilegal	ADJ	0	472	8	Polícia Federal deflagra Operação Investor para combater exploração ilegal de diamantes em terras indígenas em Rondônia
de	ADP	0	472	9	Polícia Federal deflagra Operação Investor para combater exploração ilegal de diamantes em terras indígenas em Rondônia
diamantes	NOUN	0	472	10	Polícia Federal deflagra Operação Investor para combater exploração ilegal de diamantes em terras indígenas em Rondônia
em	ADP	0	472	11	Polícia Federal deflagra Operação Investor para combater exploração ilegal de diamantes em terras indígenas em Rondônia
terras	NOUN	0	472	12	Polícia Federal deflagra Operação Investor para combater exploração ilegal de diamantes em terras indígenas em Rondônia
indígenas	ADJ	0	472	13	Polícia Federal deflagra Operação Investor para combater exploração ilegal de diamantes em terras indígenas em Rondônia
em	ADP	0	472	14	Polícia Federal deflagra Operação Investor para combater exploração ilegal de diamantes em terras indígenas em Rondônia
Rondônia	PROPN	0	472	15	Polícia Federal deflagra Operação Investor para combater exploração ilegal de diamantes em terras indígenas em Rondônia
Polícia	PROPN	0	473	0	Polícia Federal deflagra Operação Esquema Novo para combater desvios de recursos públicos da Prefeitura Municipal de Rio Branco MT
Federal	PROPN	0	473	1	Polícia Federal deflagra Operação Esquema Novo para combater desvios de recursos públicos da Prefeitura Municipal de Rio Branco MT
deflagra	VERB	1	473	2	Polícia Federal deflagra Operação Esquema Novo para combater desvios de recursos públicos da Prefeitura Municipal de Rio Branco MT
Operação	NOUN	0	473	3	Polícia Federal deflagra Operação Esquema Novo para combater desvios de recursos públicos da Prefeitura Municipal de Rio Branco MT
Esquema	PROPN	1	473	4	Polícia Federal deflagra Operação Esquema Novo para combater desvios de recursos públicos da Prefeitura Municipal de Rio Branco MT
Novo	PROPN	0	473	5	Polícia Federal deflagra Operação Esquema Novo para combater desvios de recursos públicos da Prefeitura Municipal de Rio Branco MT
para	SCONJ	0	473	6	Polícia Federal deflagra Operação Esquema Novo para combater desvios de recursos públicos da Prefeitura Municipal de Rio Branco MT
combater	VERB	0	473	7	Polícia Federal deflagra Operação Esquema Novo para combater desvios de recursos públicos da Prefeitura Municipal de Rio Branco MT
desvios	NOUN	1	473	8	Polícia Federal deflagra Operação Esquema Novo para combater desvios de recursos públicos da Prefeitura Municipal de Rio Branco MT
de	ADP	0	473	9	Polícia Federal deflagra Operação Esquema Novo para combater desvios de recursos públicos da Prefeitura Municipal de Rio Branco MT
recursos	NOUN	0	473	10	Polícia Federal deflagra Operação Esquema Novo para combater desvios de recursos públicos da Prefeitura Municipal de Rio Branco MT
públicos	ADJ	0	473	11	Polícia Federal deflagra Operação Esquema Novo para combater desvios de recursos públicos da Prefeitura Municipal de Rio Branco MT
da	ADP	0	473	12	Polícia Federal deflagra Operação Esquema Novo para combater desvios de recursos públicos da Prefeitura Municipal de Rio Branco MT
Prefeitura	PROPN	0	473	13	Polícia Federal deflagra Operação Esquema Novo para combater desvios de recursos públicos da Prefeitura Municipal de Rio Branco MT
Municipal	PROPN	0	473	14	Polícia Federal deflagra Operação Esquema Novo para combater desvios de recursos públicos da Prefeitura Municipal de Rio Branco MT
de	ADP	0	473	15	Polícia Federal deflagra Operação Esquema Novo para combater desvios de recursos públicos da Prefeitura Municipal de Rio Branco MT
Rio	PROPN	0	473	16	Polícia Federal deflagra Operação Esquema Novo para combater desvios de recursos públicos da Prefeitura Municipal de Rio Branco MT
Branco	PROPN	0	473	17	Polícia Federal deflagra Operação Esquema Novo para combater desvios de recursos públicos da Prefeitura Municipal de Rio Branco MT
MT	PROPN	1	473	18	Polícia Federal deflagra Operação Esquema Novo para combater desvios de recursos públicos da Prefeitura Municipal de Rio Branco MT
PF	PROPN	1	474	0	PF combate desmatamento ilegal em reserva florestal no Acre .
combate	VERB	0	474	1	PF combate desmatamento ilegal em reserva florestal no Acre .
desmatamento	NOUN	1	474	2	PF combate desmatamento ilegal em reserva florestal no Acre .
ilegal	ADJ	0	474	3	PF combate desmatamento ilegal em reserva florestal no Acre .
em	ADP	0	474	4	PF combate desmatamento ilegal em reserva florestal no Acre .
reserva	NOUN	0	474	5	PF combate desmatamento ilegal em reserva florestal no Acre .
florestal	ADJ	0	474	6	PF combate desmatamento ilegal em reserva florestal no Acre .
no	ADP	0	474	7	PF combate desmatamento ilegal em reserva florestal no Acre .
Acre	PROPN	0	474	8	PF combate desmatamento ilegal em reserva florestal no Acre .
.	PUNCT	0	474	9	PF combate desmatamento ilegal em reserva florestal no Acre .
PF	PROPN	1	475	0	PF combate crime de moeda falsa em Vilhena RO
combate	VERB	0	475	1	PF combate crime de moeda falsa em Vilhena RO
crime	NOUN	0	475	2	PF combate crime de moeda falsa em Vilhena RO
de	ADP	0	475	3	PF combate crime de moeda falsa em Vilhena RO
moeda	NOUN	0	475	4	PF combate crime de moeda falsa em Vilhena RO
falsa	ADJ	0	475	5	PF combate crime de moeda falsa em Vilhena RO
em	ADP	0	475	6	PF combate crime de moeda falsa em Vilhena RO
Vilhena	PROPN	1	475	7	PF combate crime de moeda falsa em Vilhena RO
RO	PROPN	1	475	8	PF combate crime de moeda falsa em Vilhena RO
PF	PROPN	1	476	0	PF deflagra operação para combater o tráfico de drogas sintéticas em Mato Grosso
deflagra	VERB	1	476	1	PF deflagra operação para combater o tráfico de drogas sintéticas em Mato Grosso
operação	NOUN	0	476	2	PF deflagra operação para combater o tráfico de drogas sintéticas em Mato Grosso
para	SCONJ	0	476	3	PF deflagra operação para combater o tráfico de drogas sintéticas em Mato Grosso
combater	VERB	0	476	4	PF deflagra operação para combater o tráfico de drogas sintéticas em Mato Grosso
o	DET	0	476	5	PF deflagra operação para combater o tráfico de drogas sintéticas em Mato Grosso
tráfico	NOUN	0	476	6	PF deflagra operação para combater o tráfico de drogas sintéticas em Mato Grosso
de	ADP	0	476	7	PF deflagra operação para combater o tráfico de drogas sintéticas em Mato Grosso
drogas	NOUN	0	476	8	PF deflagra operação para combater o tráfico de drogas sintéticas em Mato Grosso
sintéticas	ADJ	1	476	9	PF deflagra operação para combater o tráfico de drogas sintéticas em Mato Grosso
em	ADP	0	476	10	PF deflagra operação para combater o tráfico de drogas sintéticas em Mato Grosso
Mato	PROPN	0	476	11	PF deflagra operação para combater o tráfico de drogas sintéticas em Mato Grosso
Grosso	PROPN	0	476	12	PF deflagra operação para combater o tráfico de drogas sintéticas em Mato Grosso
Polícia	PROPN	0	477	0	Polícia Federal e Instituto Médico Legal em Alagoas realizam trabalho conjunto de identificação de cadáveres enterrados sem reconhecimento
Federal	PROPN	0	477	1	Polícia Federal e Instituto Médico Legal em Alagoas realizam trabalho conjunto de identificação de cadáveres enterrados sem reconhecimento
e	CCONJ	0	477	2	Polícia Federal e Instituto Médico Legal em Alagoas realizam trabalho conjunto de identificação de cadáveres enterrados sem reconhecimento
Instituto	PROPN	0	477	3	Polícia Federal e Instituto Médico Legal em Alagoas realizam trabalho conjunto de identificação de cadáveres enterrados sem reconhecimento
Médico	PROPN	0	477	4	Polícia Federal e Instituto Médico Legal em Alagoas realizam trabalho conjunto de identificação de cadáveres enterrados sem reconhecimento
Legal	PROPN	0	477	5	Polícia Federal e Instituto Médico Legal em Alagoas realizam trabalho conjunto de identificação de cadáveres enterrados sem reconhecimento
em	ADP	0	477	6	Polícia Federal e Instituto Médico Legal em Alagoas realizam trabalho conjunto de identificação de cadáveres enterrados sem reconhecimento
Alagoas	PROPN	0	477	7	Polícia Federal e Instituto Médico Legal em Alagoas realizam trabalho conjunto de identificação de cadáveres enterrados sem reconhecimento
realizam	VERB	0	477	8	Polícia Federal e Instituto Médico Legal em Alagoas realizam trabalho conjunto de identificação de cadáveres enterrados sem reconhecimento
trabalho	NOUN	0	477	9	Polícia Federal e Instituto Médico Legal em Alagoas realizam trabalho conjunto de identificação de cadáveres enterrados sem reconhecimento
conjunto	ADJ	0	477	10	Polícia Federal e Instituto Médico Legal em Alagoas realizam trabalho conjunto de identificação de cadáveres enterrados sem reconhecimento
de	ADP	0	477	11	Polícia Federal e Instituto Médico Legal em Alagoas realizam trabalho conjunto de identificação de cadáveres enterrados sem reconhecimento
identificação	NOUN	0	477	12	Polícia Federal e Instituto Médico Legal em Alagoas realizam trabalho conjunto de identificação de cadáveres enterrados sem reconhecimento
de	ADP	0	477	13	Polícia Federal e Instituto Médico Legal em Alagoas realizam trabalho conjunto de identificação de cadáveres enterrados sem reconhecimento
cadáveres	NOUN	1	477	14	Polícia Federal e Instituto Médico Legal em Alagoas realizam trabalho conjunto de identificação de cadáveres enterrados sem reconhecimento
enterrados	VERB	1	477	15	Polícia Federal e Instituto Médico Legal em Alagoas realizam trabalho conjunto de identificação de cadáveres enterrados sem reconhecimento
sem	ADP	0	477	16	Polícia Federal e Instituto Médico Legal em Alagoas realizam trabalho conjunto de identificação de cadáveres enterrados sem reconhecimento
reconhecimento	NOUN	0	477	17	Polícia Federal e Instituto Médico Legal em Alagoas realizam trabalho conjunto de identificação de cadáveres enterrados sem reconhecimento
PF	PROPN	1	478	0	PF deflagra Operação Olhos Abertos de combate à disseminação de pornografia infantil pela internet
deflagra	VERB	1	478	1	PF deflagra Operação Olhos Abertos de combate à disseminação de pornografia infantil pela internet
Operação	PROPN	0	478	2	PF deflagra Operação Olhos Abertos de combate à disseminação de pornografia infantil pela internet
Olhos	PROPN	1	478	3	PF deflagra Operação Olhos Abertos de combate à disseminação de pornografia infantil pela internet
Abertos	PROPN	1	478	4	PF deflagra Operação Olhos Abertos de combate à disseminação de pornografia infantil pela internet
de	ADP	0	478	5	PF deflagra Operação Olhos Abertos de combate à disseminação de pornografia infantil pela internet
combate	NOUN	0	478	6	PF deflagra Operação Olhos Abertos de combate à disseminação de pornografia infantil pela internet
à	ADP	0	478	7	PF deflagra Operação Olhos Abertos de combate à disseminação de pornografia infantil pela internet
disseminação	NOUN	1	478	8	PF deflagra Operação Olhos Abertos de combate à disseminação de pornografia infantil pela internet
de	ADP	0	478	9	PF deflagra Operação Olhos Abertos de combate à disseminação de pornografia infantil pela internet
pornografia	NOUN	1	478	10	PF deflagra Operação Olhos Abertos de combate à disseminação de pornografia infantil pela internet
infantil	ADJ	0	478	11	PF deflagra Operação Olhos Abertos de combate à disseminação de pornografia infantil pela internet
pela	ADP	0	478	12	PF deflagra Operação Olhos Abertos de combate à disseminação de pornografia infantil pela internet
internet	PROPN	0	478	13	PF deflagra Operação Olhos Abertos de combate à disseminação de pornografia infantil pela internet
PF	PROPN	1	479	0	PF deflagra operação para combater crimes de moeda falsa em Passo Fundo e Erechim
deflagra	VERB	1	479	1	PF deflagra operação para combater crimes de moeda falsa em Passo Fundo e Erechim
operação	NOUN	0	479	2	PF deflagra operação para combater crimes de moeda falsa em Passo Fundo e Erechim
para	SCONJ	0	479	3	PF deflagra operação para combater crimes de moeda falsa em Passo Fundo e Erechim
combater	VERB	0	479	4	PF deflagra operação para combater crimes de moeda falsa em Passo Fundo e Erechim
crimes	NOUN	0	479	5	PF deflagra operação para combater crimes de moeda falsa em Passo Fundo e Erechim
de	ADP	0	479	6	PF deflagra operação para combater crimes de moeda falsa em Passo Fundo e Erechim
moeda	NOUN	0	479	7	PF deflagra operação para combater crimes de moeda falsa em Passo Fundo e Erechim
falsa	ADJ	0	479	8	PF deflagra operação para combater crimes de moeda falsa em Passo Fundo e Erechim
em	ADP	0	479	9	PF deflagra operação para combater crimes de moeda falsa em Passo Fundo e Erechim
Passo	PROPN	0	479	10	PF deflagra operação para combater crimes de moeda falsa em Passo Fundo e Erechim
Fundo	PROPN	0	479	11	PF deflagra operação para combater crimes de moeda falsa em Passo Fundo e Erechim
e	CCONJ	0	479	12	PF deflagra operação para combater crimes de moeda falsa em Passo Fundo e Erechim
Erechim	PROPN	1	479	13	PF deflagra operação para combater crimes de moeda falsa em Passo Fundo e Erechim
PF	PROPN	1	480	0	PF e autoridades francesas combatem comércio ilegal de caça na fronteira do Amapá
e	CCONJ	0	480	1	PF e autoridades francesas combatem comércio ilegal de caça na fronteira do Amapá
autoridades	NOUN	0	480	2	PF e autoridades francesas combatem comércio ilegal de caça na fronteira do Amapá
francesas	ADJ	0	480	3	PF e autoridades francesas combatem comércio ilegal de caça na fronteira do Amapá
combatem	VERB	1	480	4	PF e autoridades francesas combatem comércio ilegal de caça na fronteira do Amapá
comércio	NOUN	0	480	5	PF e autoridades francesas combatem comércio ilegal de caça na fronteira do Amapá
ilegal	ADJ	0	480	6	PF e autoridades francesas combatem comércio ilegal de caça na fronteira do Amapá
de	ADP	0	480	7	PF e autoridades francesas combatem comércio ilegal de caça na fronteira do Amapá
caça	NOUN	0	480	8	PF e autoridades francesas combatem comércio ilegal de caça na fronteira do Amapá
na	ADP	0	480	9	PF e autoridades francesas combatem comércio ilegal de caça na fronteira do Amapá
fronteira	NOUN	0	480	10	PF e autoridades francesas combatem comércio ilegal de caça na fronteira do Amapá
do	ADP	0	480	11	PF e autoridades francesas combatem comércio ilegal de caça na fronteira do Amapá
Amapá	PROPN	0	480	12	PF e autoridades francesas combatem comércio ilegal de caça na fronteira do Amapá
PF	PROPN	1	481	0	PF apreende 250 kg de cocaína no Mato Grosso
apreende	VERB	1	481	1	PF apreende 250 kg de cocaína no Mato Grosso
250	NUM	0	481	2	PF apreende 250 kg de cocaína no Mato Grosso
kg	NOUN	0	481	3	PF apreende 250 kg de cocaína no Mato Grosso
de	ADP	0	481	4	PF apreende 250 kg de cocaína no Mato Grosso
cocaína	NOUN	1	481	5	PF apreende 250 kg de cocaína no Mato Grosso
no	ADP	0	481	6	PF apreende 250 kg de cocaína no Mato Grosso
Mato	PROPN	0	481	7	PF apreende 250 kg de cocaína no Mato Grosso
Grosso	PROPN	0	481	8	PF apreende 250 kg de cocaína no Mato Grosso
PF	PROPN	1	482	0	PF investiga homem que tem se passado por policial federal fazendo uso indevido de símbolos da corporação
investiga	VERB	1	482	1	PF investiga homem que tem se passado por policial federal fazendo uso indevido de símbolos da corporação
homem	NOUN	0	482	2	PF investiga homem que tem se passado por policial federal fazendo uso indevido de símbolos da corporação
que	PRON	0	482	3	PF investiga homem que tem se passado por policial federal fazendo uso indevido de símbolos da corporação
tem	AUX	0	482	4	PF investiga homem que tem se passado por policial federal fazendo uso indevido de símbolos da corporação
se	AUX	0	482	5	PF investiga homem que tem se passado por policial federal fazendo uso indevido de símbolos da corporação
passado	ADJ	0	482	6	PF investiga homem que tem se passado por policial federal fazendo uso indevido de símbolos da corporação
por	ADP	0	482	7	PF investiga homem que tem se passado por policial federal fazendo uso indevido de símbolos da corporação
policial	NOUN	0	482	8	PF investiga homem que tem se passado por policial federal fazendo uso indevido de símbolos da corporação
federal	ADJ	0	482	9	PF investiga homem que tem se passado por policial federal fazendo uso indevido de símbolos da corporação
fazendo	VERB	0	482	10	PF investiga homem que tem se passado por policial federal fazendo uso indevido de símbolos da corporação
uso	NOUN	0	482	11	PF investiga homem que tem se passado por policial federal fazendo uso indevido de símbolos da corporação
indevido	ADJ	1	482	12	PF investiga homem que tem se passado por policial federal fazendo uso indevido de símbolos da corporação
de	ADP	0	482	13	PF investiga homem que tem se passado por policial federal fazendo uso indevido de símbolos da corporação
símbolos	NOUN	0	482	14	PF investiga homem que tem se passado por policial federal fazendo uso indevido de símbolos da corporação
da	ADP	0	482	15	PF investiga homem que tem se passado por policial federal fazendo uso indevido de símbolos da corporação
corporação	NOUN	0	482	16	PF investiga homem que tem se passado por policial federal fazendo uso indevido de símbolos da corporação
PF	PROPN	1	483	0	PF apreende droga enviada pelos Correios em Petrolina PE
apreende	VERB	1	483	1	PF apreende droga enviada pelos Correios em Petrolina PE
droga	NOUN	0	483	2	PF apreende droga enviada pelos Correios em Petrolina PE
enviada	VERB	0	483	3	PF apreende droga enviada pelos Correios em Petrolina PE
pelos	ADP	0	483	4	PF apreende droga enviada pelos Correios em Petrolina PE
Correios	NOUN	1	483	5	PF apreende droga enviada pelos Correios em Petrolina PE
em	ADP	0	483	6	PF apreende droga enviada pelos Correios em Petrolina PE
Petrolina	PROPN	1	483	7	PF apreende droga enviada pelos Correios em Petrolina PE
PE	PROPN	1	483	8	PF apreende droga enviada pelos Correios em Petrolina PE
PF	PROPN	1	484	0	PF investiga autores de roubos a diversas agências dos Correios ocorridos no ano de 2020
investiga	VERB	1	484	1	PF investiga autores de roubos a diversas agências dos Correios ocorridos no ano de 2020
autores	NOUN	0	484	2	PF investiga autores de roubos a diversas agências dos Correios ocorridos no ano de 2020
de	ADP	0	484	3	PF investiga autores de roubos a diversas agências dos Correios ocorridos no ano de 2020
roubos	NOUN	1	484	4	PF investiga autores de roubos a diversas agências dos Correios ocorridos no ano de 2020
a	ADP	0	484	5	PF investiga autores de roubos a diversas agências dos Correios ocorridos no ano de 2020
diversas	DET	0	484	6	PF investiga autores de roubos a diversas agências dos Correios ocorridos no ano de 2020
agências	NOUN	0	484	7	PF investiga autores de roubos a diversas agências dos Correios ocorridos no ano de 2020
dos	ADP	0	484	8	PF investiga autores de roubos a diversas agências dos Correios ocorridos no ano de 2020
Correios	NOUN	1	484	9	PF investiga autores de roubos a diversas agências dos Correios ocorridos no ano de 2020
ocorridos	VERB	0	484	10	PF investiga autores de roubos a diversas agências dos Correios ocorridos no ano de 2020
no	ADP	0	484	11	PF investiga autores de roubos a diversas agências dos Correios ocorridos no ano de 2020
ano	NOUN	0	484	12	PF investiga autores de roubos a diversas agências dos Correios ocorridos no ano de 2020
de	ADP	0	484	13	PF investiga autores de roubos a diversas agências dos Correios ocorridos no ano de 2020
2020	NUM	1	484	14	PF investiga autores de roubos a diversas agências dos Correios ocorridos no ano de 2020
Polícia	PROPN	0	485	0	Polícia Federal apreende 2 , 6 kg de skunk na fronteira com o Uruguai
Federal	PROPN	0	485	1	Polícia Federal apreende 2 , 6 kg de skunk na fronteira com o Uruguai
apreende	VERB	1	485	2	Polícia Federal apreende 2 , 6 kg de skunk na fronteira com o Uruguai
2	NUM	0	485	3	Polícia Federal apreende 2 , 6 kg de skunk na fronteira com o Uruguai
,	PUNCT	0	485	4	Polícia Federal apreende 2 , 6 kg de skunk na fronteira com o Uruguai
6	NUM	0	485	5	Polícia Federal apreende 2 , 6 kg de skunk na fronteira com o Uruguai
kg	NOUN	0	485	6	Polícia Federal apreende 2 , 6 kg de skunk na fronteira com o Uruguai
de	ADP	0	485	7	Polícia Federal apreende 2 , 6 kg de skunk na fronteira com o Uruguai
skunk	NOUN	1	485	8	Polícia Federal apreende 2 , 6 kg de skunk na fronteira com o Uruguai
na	ADP	0	485	9	Polícia Federal apreende 2 , 6 kg de skunk na fronteira com o Uruguai
fronteira	NOUN	0	485	10	Polícia Federal apreende 2 , 6 kg de skunk na fronteira com o Uruguai
com	ADP	0	485	11	Polícia Federal apreende 2 , 6 kg de skunk na fronteira com o Uruguai
o	DET	0	485	12	Polícia Federal apreende 2 , 6 kg de skunk na fronteira com o Uruguai
Uruguai	PROPN	0	485	13	Polícia Federal apreende 2 , 6 kg de skunk na fronteira com o Uruguai
PF	PROPN	1	486	0	PF , em ação conjunta , apreende veículo carregado com cigarros e agrotóxicos em Itaipulândia PR
,	PUNCT	0	486	1	PF , em ação conjunta , apreende veículo carregado com cigarros e agrotóxicos em Itaipulândia PR
em	ADP	0	486	2	PF , em ação conjunta , apreende veículo carregado com cigarros e agrotóxicos em Itaipulândia PR
ação	NOUN	0	486	3	PF , em ação conjunta , apreende veículo carregado com cigarros e agrotóxicos em Itaipulândia PR
conjunta	ADJ	0	486	4	PF , em ação conjunta , apreende veículo carregado com cigarros e agrotóxicos em Itaipulândia PR
,	PUNCT	0	486	5	PF , em ação conjunta , apreende veículo carregado com cigarros e agrotóxicos em Itaipulândia PR
apreende	VERB	1	486	6	PF , em ação conjunta , apreende veículo carregado com cigarros e agrotóxicos em Itaipulândia PR
veículo	NOUN	0	486	7	PF , em ação conjunta , apreende veículo carregado com cigarros e agrotóxicos em Itaipulândia PR
carregado	VERB	0	486	8	PF , em ação conjunta , apreende veículo carregado com cigarros e agrotóxicos em Itaipulândia PR
com	ADP	0	486	9	PF , em ação conjunta , apreende veículo carregado com cigarros e agrotóxicos em Itaipulândia PR
cigarros	NOUN	1	486	10	PF , em ação conjunta , apreende veículo carregado com cigarros e agrotóxicos em Itaipulândia PR
e	CCONJ	0	486	11	PF , em ação conjunta , apreende veículo carregado com cigarros e agrotóxicos em Itaipulândia PR
agrotóxicos	NOUN	1	486	12	PF , em ação conjunta , apreende veículo carregado com cigarros e agrotóxicos em Itaipulândia PR
em	ADP	0	486	13	PF , em ação conjunta , apreende veículo carregado com cigarros e agrotóxicos em Itaipulândia PR
Itaipulândia	PROPN	1	486	14	PF , em ação conjunta , apreende veículo carregado com cigarros e agrotóxicos em Itaipulândia PR
PR	PROPN	0	486	15	PF , em ação conjunta , apreende veículo carregado com cigarros e agrotóxicos em Itaipulândia PR
Polícia	PROPN	0	487	0	Polícia Federal deflagra operação contra tráfico de drogas em Mato Grosso e em São Paulo
Federal	PROPN	0	487	1	Polícia Federal deflagra operação contra tráfico de drogas em Mato Grosso e em São Paulo
deflagra	VERB	1	487	2	Polícia Federal deflagra operação contra tráfico de drogas em Mato Grosso e em São Paulo
operação	NOUN	0	487	3	Polícia Federal deflagra operação contra tráfico de drogas em Mato Grosso e em São Paulo
contra	ADP	0	487	4	Polícia Federal deflagra operação contra tráfico de drogas em Mato Grosso e em São Paulo
tráfico	NOUN	0	487	5	Polícia Federal deflagra operação contra tráfico de drogas em Mato Grosso e em São Paulo
de	ADP	0	487	6	Polícia Federal deflagra operação contra tráfico de drogas em Mato Grosso e em São Paulo
drogas	NOUN	0	487	7	Polícia Federal deflagra operação contra tráfico de drogas em Mato Grosso e em São Paulo
em	ADP	0	487	8	Polícia Federal deflagra operação contra tráfico de drogas em Mato Grosso e em São Paulo
Mato	PROPN	0	487	9	Polícia Federal deflagra operação contra tráfico de drogas em Mato Grosso e em São Paulo
Grosso	PROPN	0	487	10	Polícia Federal deflagra operação contra tráfico de drogas em Mato Grosso e em São Paulo
e	CCONJ	0	487	11	Polícia Federal deflagra operação contra tráfico de drogas em Mato Grosso e em São Paulo
em	ADP	0	487	12	Polícia Federal deflagra operação contra tráfico de drogas em Mato Grosso e em São Paulo
São	PROPN	0	487	13	Polícia Federal deflagra operação contra tráfico de drogas em Mato Grosso e em São Paulo
Paulo	PROPN	0	487	14	Polícia Federal deflagra operação contra tráfico de drogas em Mato Grosso e em São Paulo
PF	PROPN	1	488	0	PF , em ação conjunta , apreende armas e munições em Santa Cruz do Capibaribe PE
,	PUNCT	0	488	1	PF , em ação conjunta , apreende armas e munições em Santa Cruz do Capibaribe PE
em	ADP	0	488	2	PF , em ação conjunta , apreende armas e munições em Santa Cruz do Capibaribe PE
ação	NOUN	0	488	3	PF , em ação conjunta , apreende armas e munições em Santa Cruz do Capibaribe PE
conjunta	ADJ	0	488	4	PF , em ação conjunta , apreende armas e munições em Santa Cruz do Capibaribe PE
,	PUNCT	0	488	5	PF , em ação conjunta , apreende armas e munições em Santa Cruz do Capibaribe PE
apreende	VERB	1	488	6	PF , em ação conjunta , apreende armas e munições em Santa Cruz do Capibaribe PE
armas	NOUN	0	488	7	PF , em ação conjunta , apreende armas e munições em Santa Cruz do Capibaribe PE
e	CCONJ	0	488	8	PF , em ação conjunta , apreende armas e munições em Santa Cruz do Capibaribe PE
munições	NOUN	1	488	9	PF , em ação conjunta , apreende armas e munições em Santa Cruz do Capibaribe PE
em	ADP	0	488	10	PF , em ação conjunta , apreende armas e munições em Santa Cruz do Capibaribe PE
Santa	PROPN	0	488	11	PF , em ação conjunta , apreende armas e munições em Santa Cruz do Capibaribe PE
Cruz	PROPN	0	488	12	PF , em ação conjunta , apreende armas e munições em Santa Cruz do Capibaribe PE
do	ADP	0	488	13	PF , em ação conjunta , apreende armas e munições em Santa Cruz do Capibaribe PE
Capibaribe	PROPN	1	488	14	PF , em ação conjunta , apreende armas e munições em Santa Cruz do Capibaribe PE
PE	PROPN	1	488	15	PF , em ação conjunta , apreende armas e munições em Santa Cruz do Capibaribe PE
Polícia	PROPN	0	489	0	Polícia Federal prende acusado de homicídio e de integrar facção criminosa no RN
Federal	PROPN	0	489	1	Polícia Federal prende acusado de homicídio e de integrar facção criminosa no RN
prende	VERB	1	489	2	Polícia Federal prende acusado de homicídio e de integrar facção criminosa no RN
acusado	VERB	0	489	3	Polícia Federal prende acusado de homicídio e de integrar facção criminosa no RN
de	ADP	0	489	4	Polícia Federal prende acusado de homicídio e de integrar facção criminosa no RN
homicídio	NOUN	0	489	5	Polícia Federal prende acusado de homicídio e de integrar facção criminosa no RN
e	CCONJ	0	489	6	Polícia Federal prende acusado de homicídio e de integrar facção criminosa no RN
de	SCONJ	0	489	7	Polícia Federal prende acusado de homicídio e de integrar facção criminosa no RN
integrar	VERB	0	489	8	Polícia Federal prende acusado de homicídio e de integrar facção criminosa no RN
facção	NOUN	0	489	9	Polícia Federal prende acusado de homicídio e de integrar facção criminosa no RN
criminosa	ADJ	1	489	10	Polícia Federal prende acusado de homicídio e de integrar facção criminosa no RN
no	ADP	0	489	11	Polícia Federal prende acusado de homicídio e de integrar facção criminosa no RN
RN	PROPN	1	489	12	Polícia Federal prende acusado de homicídio e de integrar facção criminosa no RN
Polícia	PROPN	0	490	0	Polícia Federal extradita estrangeiro procurado pela Interpol por crimes investigados no México
Federal	PROPN	0	490	1	Polícia Federal extradita estrangeiro procurado pela Interpol por crimes investigados no México
extradita	VERB	1	490	2	Polícia Federal extradita estrangeiro procurado pela Interpol por crimes investigados no México
estrangeiro	NOUN	0	490	3	Polícia Federal extradita estrangeiro procurado pela Interpol por crimes investigados no México
procurado	VERB	0	490	4	Polícia Federal extradita estrangeiro procurado pela Interpol por crimes investigados no México
pela	ADP	0	490	5	Polícia Federal extradita estrangeiro procurado pela Interpol por crimes investigados no México
Interpol	PROPN	1	490	6	Polícia Federal extradita estrangeiro procurado pela Interpol por crimes investigados no México
por	ADP	0	490	7	Polícia Federal extradita estrangeiro procurado pela Interpol por crimes investigados no México
crimes	NOUN	0	490	8	Polícia Federal extradita estrangeiro procurado pela Interpol por crimes investigados no México
investigados	VERB	1	490	9	Polícia Federal extradita estrangeiro procurado pela Interpol por crimes investigados no México
no	ADP	0	490	10	Polícia Federal extradita estrangeiro procurado pela Interpol por crimes investigados no México
México	PROPN	0	490	11	Polícia Federal extradita estrangeiro procurado pela Interpol por crimes investigados no México
Polícia	PROPN	0	491	0	Polícia Federal faz operação no Porto do Açu , em Campos dos Goytacazes RJ
Federal	PROPN	0	491	1	Polícia Federal faz operação no Porto do Açu , em Campos dos Goytacazes RJ
faz	VERB	0	491	2	Polícia Federal faz operação no Porto do Açu , em Campos dos Goytacazes RJ
operação	NOUN	0	491	3	Polícia Federal faz operação no Porto do Açu , em Campos dos Goytacazes RJ
no	ADP	0	491	4	Polícia Federal faz operação no Porto do Açu , em Campos dos Goytacazes RJ
Porto	PROPN	0	491	5	Polícia Federal faz operação no Porto do Açu , em Campos dos Goytacazes RJ
do	ADP	0	491	6	Polícia Federal faz operação no Porto do Açu , em Campos dos Goytacazes RJ
Açu	PROPN	1	491	7	Polícia Federal faz operação no Porto do Açu , em Campos dos Goytacazes RJ
,	PUNCT	0	491	8	Polícia Federal faz operação no Porto do Açu , em Campos dos Goytacazes RJ
em	ADP	0	491	9	Polícia Federal faz operação no Porto do Açu , em Campos dos Goytacazes RJ
Campos	PROPN	0	491	10	Polícia Federal faz operação no Porto do Açu , em Campos dos Goytacazes RJ
dos	ADP	0	491	11	Polícia Federal faz operação no Porto do Açu , em Campos dos Goytacazes RJ
Goytacazes	PROPN	1	491	12	Polícia Federal faz operação no Porto do Açu , em Campos dos Goytacazes RJ
RJ	PROPN	0	491	13	Polícia Federal faz operação no Porto do Açu , em Campos dos Goytacazes RJ
Polícia	PROPN	0	492	0	Polícia Federal deflagra Operação que visa investigar atos de corrupção em órgãos de proteção ambiental no Amapá
Federal	PROPN	0	492	1	Polícia Federal deflagra Operação que visa investigar atos de corrupção em órgãos de proteção ambiental no Amapá
deflagra	VERB	1	492	2	Polícia Federal deflagra Operação que visa investigar atos de corrupção em órgãos de proteção ambiental no Amapá
Operação	NOUN	0	492	3	Polícia Federal deflagra Operação que visa investigar atos de corrupção em órgãos de proteção ambiental no Amapá
que	PRON	0	492	4	Polícia Federal deflagra Operação que visa investigar atos de corrupção em órgãos de proteção ambiental no Amapá
visa	VERB	0	492	5	Polícia Federal deflagra Operação que visa investigar atos de corrupção em órgãos de proteção ambiental no Amapá
investigar	VERB	0	492	6	Polícia Federal deflagra Operação que visa investigar atos de corrupção em órgãos de proteção ambiental no Amapá
atos	NOUN	0	492	7	Polícia Federal deflagra Operação que visa investigar atos de corrupção em órgãos de proteção ambiental no Amapá
de	ADP	0	492	8	Polícia Federal deflagra Operação que visa investigar atos de corrupção em órgãos de proteção ambiental no Amapá
corrupção	NOUN	0	492	9	Polícia Federal deflagra Operação que visa investigar atos de corrupção em órgãos de proteção ambiental no Amapá
em	ADP	0	492	10	Polícia Federal deflagra Operação que visa investigar atos de corrupção em órgãos de proteção ambiental no Amapá
órgãos	NOUN	0	492	11	Polícia Federal deflagra Operação que visa investigar atos de corrupção em órgãos de proteção ambiental no Amapá
de	ADP	0	492	12	Polícia Federal deflagra Operação que visa investigar atos de corrupção em órgãos de proteção ambiental no Amapá
proteção	NOUN	0	492	13	Polícia Federal deflagra Operação que visa investigar atos de corrupção em órgãos de proteção ambiental no Amapá
ambiental	ADJ	0	492	14	Polícia Federal deflagra Operação que visa investigar atos de corrupção em órgãos de proteção ambiental no Amapá
no	ADP	0	492	15	Polícia Federal deflagra Operação que visa investigar atos de corrupção em órgãos de proteção ambiental no Amapá
Amapá	PROPN	0	492	16	Polícia Federal deflagra Operação que visa investigar atos de corrupção em órgãos de proteção ambiental no Amapá
Polícia	PROPN	0	493	0	Polícia Federal investiga fraudes na compra de Equipamentos de Proteção Individual - EPIs no Acre
Federal	PROPN	0	493	1	Polícia Federal investiga fraudes na compra de Equipamentos de Proteção Individual - EPIs no Acre
investiga	VERB	1	493	2	Polícia Federal investiga fraudes na compra de Equipamentos de Proteção Individual - EPIs no Acre
fraudes	NOUN	1	493	3	Polícia Federal investiga fraudes na compra de Equipamentos de Proteção Individual - EPIs no Acre
na	ADP	0	493	4	Polícia Federal investiga fraudes na compra de Equipamentos de Proteção Individual - EPIs no Acre
compra	NOUN	0	493	5	Polícia Federal investiga fraudes na compra de Equipamentos de Proteção Individual - EPIs no Acre
de	ADP	0	493	6	Polícia Federal investiga fraudes na compra de Equipamentos de Proteção Individual - EPIs no Acre
Equipamentos	PROPN	1	493	7	Polícia Federal investiga fraudes na compra de Equipamentos de Proteção Individual - EPIs no Acre
de	ADP	0	493	8	Polícia Federal investiga fraudes na compra de Equipamentos de Proteção Individual - EPIs no Acre
Proteção	PROPN	0	493	9	Polícia Federal investiga fraudes na compra de Equipamentos de Proteção Individual - EPIs no Acre
Individual	PROPN	1	493	10	Polícia Federal investiga fraudes na compra de Equipamentos de Proteção Individual - EPIs no Acre
-	PUNCT	0	493	11	Polícia Federal investiga fraudes na compra de Equipamentos de Proteção Individual - EPIs no Acre
EPIs	NOUN	1	493	12	Polícia Federal investiga fraudes na compra de Equipamentos de Proteção Individual - EPIs no Acre
no	ADP	0	493	13	Polícia Federal investiga fraudes na compra de Equipamentos de Proteção Individual - EPIs no Acre
Acre	PROPN	0	493	14	Polícia Federal investiga fraudes na compra de Equipamentos de Proteção Individual - EPIs no Acre
PF	PROPN	1	494	0	PF investiga organização criminosa que praticava crimes com o objetivo de liberar presos condenados pela Justiça
investiga	VERB	1	494	1	PF investiga organização criminosa que praticava crimes com o objetivo de liberar presos condenados pela Justiça
organização	NOUN	0	494	2	PF investiga organização criminosa que praticava crimes com o objetivo de liberar presos condenados pela Justiça
criminosa	ADJ	1	494	3	PF investiga organização criminosa que praticava crimes com o objetivo de liberar presos condenados pela Justiça
que	PRON	0	494	4	PF investiga organização criminosa que praticava crimes com o objetivo de liberar presos condenados pela Justiça
praticava	VERB	1	494	5	PF investiga organização criminosa que praticava crimes com o objetivo de liberar presos condenados pela Justiça
crimes	NOUN	0	494	6	PF investiga organização criminosa que praticava crimes com o objetivo de liberar presos condenados pela Justiça
com	ADP	0	494	7	PF investiga organização criminosa que praticava crimes com o objetivo de liberar presos condenados pela Justiça
o	DET	0	494	8	PF investiga organização criminosa que praticava crimes com o objetivo de liberar presos condenados pela Justiça
objetivo	NOUN	0	494	9	PF investiga organização criminosa que praticava crimes com o objetivo de liberar presos condenados pela Justiça
de	SCONJ	0	494	10	PF investiga organização criminosa que praticava crimes com o objetivo de liberar presos condenados pela Justiça
liberar	VERB	1	494	11	PF investiga organização criminosa que praticava crimes com o objetivo de liberar presos condenados pela Justiça
presos	NOUN	0	494	12	PF investiga organização criminosa que praticava crimes com o objetivo de liberar presos condenados pela Justiça
condenados	VERB	0	494	13	PF investiga organização criminosa que praticava crimes com o objetivo de liberar presos condenados pela Justiça
pela	ADP	0	494	14	PF investiga organização criminosa que praticava crimes com o objetivo de liberar presos condenados pela Justiça
Justiça	NOUN	0	494	15	PF investiga organização criminosa que praticava crimes com o objetivo de liberar presos condenados pela Justiça
Polícia	PROPN	0	495	0	Polícia Federal combate disseminação de pornografia infantil na rede mundial de computadores
Federal	PROPN	0	495	1	Polícia Federal combate disseminação de pornografia infantil na rede mundial de computadores
combate	VERB	0	495	2	Polícia Federal combate disseminação de pornografia infantil na rede mundial de computadores
disseminação	NOUN	1	495	3	Polícia Federal combate disseminação de pornografia infantil na rede mundial de computadores
de	ADP	0	495	4	Polícia Federal combate disseminação de pornografia infantil na rede mundial de computadores
pornografia	NOUN	1	495	5	Polícia Federal combate disseminação de pornografia infantil na rede mundial de computadores
infantil	ADJ	0	495	6	Polícia Federal combate disseminação de pornografia infantil na rede mundial de computadores
na	ADP	0	495	7	Polícia Federal combate disseminação de pornografia infantil na rede mundial de computadores
rede	NOUN	0	495	8	Polícia Federal combate disseminação de pornografia infantil na rede mundial de computadores
mundial	ADJ	0	495	9	Polícia Federal combate disseminação de pornografia infantil na rede mundial de computadores
de	ADP	0	495	10	Polícia Federal combate disseminação de pornografia infantil na rede mundial de computadores
computadores	NOUN	0	495	11	Polícia Federal combate disseminação de pornografia infantil na rede mundial de computadores
Polícia	PROPN	0	496	0	Polícia Federal localiza menor raptada em Valparaíso de Goiás
Federal	PROPN	0	496	1	Polícia Federal localiza menor raptada em Valparaíso de Goiás
localiza	VERB	0	496	2	Polícia Federal localiza menor raptada em Valparaíso de Goiás
menor	ADJ	0	496	3	Polícia Federal localiza menor raptada em Valparaíso de Goiás
raptada	VERB	1	496	4	Polícia Federal localiza menor raptada em Valparaíso de Goiás
em	ADP	0	496	5	Polícia Federal localiza menor raptada em Valparaíso de Goiás
Valparaíso	PROPN	1	496	6	Polícia Federal localiza menor raptada em Valparaíso de Goiás
de	ADP	0	496	7	Polícia Federal localiza menor raptada em Valparaíso de Goiás
Goiás	PROPN	0	496	8	Polícia Federal localiza menor raptada em Valparaíso de Goiás
Polícia	PROPN	0	497	0	Polícia Federal , Receita Federal e IBAMA fiscalizam contêineres no Porto de Paranaguá
Federal	PROPN	0	497	1	Polícia Federal , Receita Federal e IBAMA fiscalizam contêineres no Porto de Paranaguá
,	PUNCT	0	497	2	Polícia Federal , Receita Federal e IBAMA fiscalizam contêineres no Porto de Paranaguá
Receita	PROPN	1	497	3	Polícia Federal , Receita Federal e IBAMA fiscalizam contêineres no Porto de Paranaguá
Federal	PROPN	0	497	4	Polícia Federal , Receita Federal e IBAMA fiscalizam contêineres no Porto de Paranaguá
e	CCONJ	0	497	5	Polícia Federal , Receita Federal e IBAMA fiscalizam contêineres no Porto de Paranaguá
IBAMA	PROPN	1	497	6	Polícia Federal , Receita Federal e IBAMA fiscalizam contêineres no Porto de Paranaguá
fiscalizam	VERB	1	497	7	Polícia Federal , Receita Federal e IBAMA fiscalizam contêineres no Porto de Paranaguá
contêineres	NOUN	1	497	8	Polícia Federal , Receita Federal e IBAMA fiscalizam contêineres no Porto de Paranaguá
no	ADP	0	497	9	Polícia Federal , Receita Federal e IBAMA fiscalizam contêineres no Porto de Paranaguá
Porto	PROPN	0	497	10	Polícia Federal , Receita Federal e IBAMA fiscalizam contêineres no Porto de Paranaguá
de	ADP	0	497	11	Polícia Federal , Receita Federal e IBAMA fiscalizam contêineres no Porto de Paranaguá
Paranaguá	PROPN	1	497	12	Polícia Federal , Receita Federal e IBAMA fiscalizam contêineres no Porto de Paranaguá
PF	PROPN	1	498	0	PF fecha rádio clandestina em Cordovil
fecha	VERB	1	498	1	PF fecha rádio clandestina em Cordovil
rádio	NOUN	0	498	2	PF fecha rádio clandestina em Cordovil
clandestina	ADJ	1	498	3	PF fecha rádio clandestina em Cordovil
em	ADP	0	498	4	PF fecha rádio clandestina em Cordovil
Cordovil	PROPN	1	498	5	PF fecha rádio clandestina em Cordovil
PF	PROPN	1	499	0	PF investiga possível prática de crimes ambientais relacionados ao garimpo ilegal em Rondônia
investiga	VERB	1	499	1	PF investiga possível prática de crimes ambientais relacionados ao garimpo ilegal em Rondônia
possível	ADJ	0	499	2	PF investiga possível prática de crimes ambientais relacionados ao garimpo ilegal em Rondônia
prática	NOUN	0	499	3	PF investiga possível prática de crimes ambientais relacionados ao garimpo ilegal em Rondônia
de	ADP	0	499	4	PF investiga possível prática de crimes ambientais relacionados ao garimpo ilegal em Rondônia
crimes	NOUN	0	499	5	PF investiga possível prática de crimes ambientais relacionados ao garimpo ilegal em Rondônia
ambientais	ADJ	0	499	6	PF investiga possível prática de crimes ambientais relacionados ao garimpo ilegal em Rondônia
relacionados	VERB	0	499	7	PF investiga possível prática de crimes ambientais relacionados ao garimpo ilegal em Rondônia
ao	ADP	0	499	8	PF investiga possível prática de crimes ambientais relacionados ao garimpo ilegal em Rondônia
garimpo	NOUN	1	499	9	PF investiga possível prática de crimes ambientais relacionados ao garimpo ilegal em Rondônia
ilegal	ADJ	0	499	10	PF investiga possível prática de crimes ambientais relacionados ao garimpo ilegal em Rondônia
em	ADP	0	499	11	PF investiga possível prática de crimes ambientais relacionados ao garimpo ilegal em Rondônia
Rondônia	PROPN	0	499	12	PF investiga possível prática de crimes ambientais relacionados ao garimpo ilegal em Rondônia
PF	PROPN	1	500	0	PF , em ação integrada , apreende um veículo carregado com aproximadamente 5 mil maços de cigarros contrabandeados
,	PUNCT	0	500	1	PF , em ação integrada , apreende um veículo carregado com aproximadamente 5 mil maços de cigarros contrabandeados
em	ADP	0	500	2	PF , em ação integrada , apreende um veículo carregado com aproximadamente 5 mil maços de cigarros contrabandeados
ação	NOUN	0	500	3	PF , em ação integrada , apreende um veículo carregado com aproximadamente 5 mil maços de cigarros contrabandeados
integrada	VERB	0	500	4	PF , em ação integrada , apreende um veículo carregado com aproximadamente 5 mil maços de cigarros contrabandeados
,	PUNCT	0	500	5	PF , em ação integrada , apreende um veículo carregado com aproximadamente 5 mil maços de cigarros contrabandeados
apreende	VERB	1	500	6	PF , em ação integrada , apreende um veículo carregado com aproximadamente 5 mil maços de cigarros contrabandeados
um	DET	0	500	7	PF , em ação integrada , apreende um veículo carregado com aproximadamente 5 mil maços de cigarros contrabandeados
veículo	NOUN	0	500	8	PF , em ação integrada , apreende um veículo carregado com aproximadamente 5 mil maços de cigarros contrabandeados
carregado	VERB	0	500	9	PF , em ação integrada , apreende um veículo carregado com aproximadamente 5 mil maços de cigarros contrabandeados
com	ADP	0	500	10	PF , em ação integrada , apreende um veículo carregado com aproximadamente 5 mil maços de cigarros contrabandeados
aproximadamente	ADV	0	500	11	PF , em ação integrada , apreende um veículo carregado com aproximadamente 5 mil maços de cigarros contrabandeados
5	NUM	0	500	12	PF , em ação integrada , apreende um veículo carregado com aproximadamente 5 mil maços de cigarros contrabandeados
mil	NUM	0	500	13	PF , em ação integrada , apreende um veículo carregado com aproximadamente 5 mil maços de cigarros contrabandeados
maços	NOUN	1	500	14	PF , em ação integrada , apreende um veículo carregado com aproximadamente 5 mil maços de cigarros contrabandeados
de	ADP	0	500	15	PF , em ação integrada , apreende um veículo carregado com aproximadamente 5 mil maços de cigarros contrabandeados
cigarros	NOUN	1	500	16	PF , em ação integrada , apreende um veículo carregado com aproximadamente 5 mil maços de cigarros contrabandeados
contrabandeados	VERB	1	500	17	PF , em ação integrada , apreende um veículo carregado com aproximadamente 5 mil maços de cigarros contrabandeados
